bloc,Y,MCO,BIC,AIC,lasso,ridge,elastic,ridgeGS,arbre,foret,pcr,pls
2,47.6,57.49447256186055,0.0,0.0,59.33450213999704,57.69264737437704,57.75906881314319,57.671314870211035,57.9,59.46400000000003,57.621365865568926,57.48285455842828
3,56.2,62.899981289748666,0.0,0.0,61.650228865298644,62.907366305572936,62.704212651742715,62.907366305572936,43.955555555555556,56.93000000000001,61.23565022960817,62.709864586834264
8,61.8,85.98524745964204,0.0,0.0,84.48840151205349,85.73866664785436,85.45246185968617,85.75196501060489,78.76666666666667,74.67599999999997,87.65768985784271,85.98895645531415
5,50.8,58.45185393838142,0.0,0.0,59.349656471008316,59.523784119039874,59.701523563714815,59.58134968000873,51.67999999999999,60.58000000000001,60.46707983512884,59.23153521409479
0,59.8,56.59587095682939,0.0,0.0,56.93515031628202,57.06517938125386,57.198008489139966,57.00079643610577,71.00000000000001,59.512,55.95424629701823,56.7937919681023
9,53.4,61.57752292188412,0.0,0.0,60.37204115925699,61.162396816205586,60.81683538458536,61.162396816205586,58.08888888888888,58.21400000000001,60.777735552580566,61.270388324711334
3,49.4,54.15689637279388,0.0,0.0,54.3951543809455,54.653846764933654,54.85217542002972,54.653846764933654,85.3,60.678000000000004,53.20756056278697,54.21175915284866
5,82.8,68.2514047417283,0.0,0.0,71.62961340077193,69.92701791641268,70.61025628945443,70.01461383894315,80.88,79.48199999999999,69.27483017496462,69.49712346446015
7,76.8,89.2283198574676,0.0,0.0,89.6913572450597,89.78179926320853,89.81608556089485,89.70967646915247,94.96,90.23800000000003,89.29656516831714,89.29693428110764
6,92.6,87.7064139620121,0.0,0.0,87.28346620061578,87.5225255187805,86.94305041247978,87.4611519325275,82.4,83.54800000000003,88.79039322579808,87.94500149831906
0,90.6,102.91940842457599,0.0,0.0,102.2092737348562,102.50753430217382,102.52486233922217,102.5703654701775,101.24444444444445,95.86000000000001,103.82345528201675,103.1413650748282
1,104.6,105.59175099230124,0.0,0.0,105.50651061205483,105.23045609252216,105.12993660312713,105.18816975508251,111.3777777777778,100.75200000000002,105.48488624421367,105.64039094627714
0,71.0,102.63649362164867,0.0,0.0,105.28538891654176,104.303246301263,105.10417565574252,104.15282715141339,89.03999999999999,99.75200000000001,103.32647250246174,103.52230407836589
4,66.6,88.3695628186086,0.0,0.0,87.70938966415035,88.73025323874977,88.6765087124011,88.73025323874977,73.92,80.15800000000002,87.70605370240621,88.17037401101037
5,93.8,70.68968657701681,0.0,0.0,68.41779678162024,69.14160910348053,68.78998436724366,69.0713785584413,62.08571428571429,71.20400000000001,67.89787654272958,69.28579885874936
5,87.2,78.30936244905294,0.0,0.0,78.46832024598194,78.16712572979937,78.22841573422517,78.15747399910468,100.68571428571428,89.03200000000002,78.39237047626742,78.06404267943631
0,71.6,70.3188469545844,0.0,0.0,68.92262722392209,69.88198479962763,69.61816986936981,69.9372987664017,86.93333333333334,77.03800000000003,70.60922270803718,70.78389418801645
4,72.4,62.55161923952326,0.0,0.0,61.812120565707446,62.029332986207734,61.709375294286055,62.029332986207734,62.13333333333333,69.79599999999999,62.259749794708156,62.329006088732214
5,63.4,67.81598226136924,0.0,0.0,68.17730661345857,67.77071631670705,67.77603416514106,67.76170668868419,87.08,78.56999999999998,67.41153598761417,67.28906364956522
8,62.2,74.65577084727099,0.0,0.0,74.81759222740706,74.7481148604497,74.90277437831543,74.74530921403473,63.775,73.308,76.34708024125226,74.77226387140853
4,76.8,76.00331200914496,0.0,0.0,75.05851213921409,75.66982358984772,75.35237696105341,75.66982358984772,65.925,68.23400000000001,76.22140926681651,76.1749356188677
1,69.4,65.21722484739692,0.0,0.0,65.0783933440903,65.204629723719,65.20154692798677,65.20507914950588,59.88000000000001,69.68399999999998,64.98369960050127,65.26369987904559
8,79.4,74.76771887097968,0.0,0.0,74.28630586599328,74.57770749290586,74.21776035915742,74.5936944511208,80.17777777777778,67.39800000000002,74.23580311861423,75.03772130144412
5,71.6,63.733326259271195,0.0,0.0,65.24857183601021,64.07749959587161,64.38111197797232,64.09416192114298,73.6,77.08000000000003,64.07254551405381,63.69493293770741
1,77.0,55.49489284273376,0.0,0.0,56.24159496641305,55.89025409902818,56.10532753600967,55.93700619738706,85.5,74.11399999999998,55.75439264356362,55.4237648717123
7,57.8,62.49476147510174,0.0,0.0,64.09639228531427,63.76302386671699,63.87048998252229,63.60863456505612,67.08888888888889,65.94800000000002,63.70998060492228,62.695602925808046
6,60.8,56.69665647107129,0.0,0.0,57.074649077579934,57.11111311624196,57.71833527749787,57.19867590703215,49.55555555555556,55.69999999999999,56.71501392888918,56.632563913656554
5,56.2,60.00855469347098,0.0,0.0,60.72763110260122,60.86342425118407,60.99243955559932,60.91372681658607,60.20000000000001,59.31000000000003,61.620028936860834,60.31113067621489
4,75.6,55.62103103060498,0.0,0.0,56.42183890469329,56.275069879503484,56.746198248859145,56.275069879503484,52.577777777777776,53.61800000000001,56.32993753157292,55.52465640775893
4,80.2,67.06847144965218,0.0,0.0,68.76917158423763,67.89212495305755,68.51166666915296,67.89212495305755,63.57777777777778,66.73600000000002,67.69254670154447,67.15926487077266
9,101.4,89.86245175441587,0.0,0.0,88.53278735397345,89.28093657925919,88.81302430130926,89.28093657925919,97.14285714285714,89.54,90.16723415875417,89.85026435604395
0,113.0,107.00804505127425,0.0,0.0,107.01447750100627,106.32011224262418,106.29465906717388,106.41212533702391,108.25000000000001,104.19600000000004,107.43933889773261,107.2269019528308
2,115.6,121.77391652055913,0.0,0.0,121.5618629359384,121.5312766790111,121.65614077883447,121.56092360452558,124.17142857142858,120.49600000000002,122.63434526291344,122.03861609162564
4,117.8,123.25685932192292,0.0,0.0,124.13098424486799,123.2728902316824,123.42001628522576,123.2728902316824,131.82857142857142,126.66999999999996,124.25094843790089,123.41773255066092
8,127.8,127.47750500305624,0.0,0.0,127.189362319098,127.11989572827484,126.75529491966421,127.14073968610057,122.97500000000001,131.0,126.58509258719094,127.41750021270295
8,144.6,127.04571158081238,0.0,0.0,126.19750200039314,126.5070722064963,125.84732599015533,126.53872985818678,136.2,130.92400000000006,124.60579587099645,127.07241877805083
0,157.0,134.161694905155,0.0,0.0,133.18053868778347,133.36867089690077,133.36786392063604,133.48924353824572,115.7,123.61400000000002,135.2103955084151,134.82121960881523
7,90.8,121.84954040113104,0.0,0.0,120.59746936633772,120.40927966406917,120.38723485100567,120.64898281151224,105.64444444444445,94.93199999999997,122.35100985206424,121.69571151389255
6,74.4,86.93195763932314,0.0,0.0,87.71366206878584,87.56266573191503,88.21591209486621,87.66786411427468,78.60000000000001,92.81,87.80463892996026,87.23714508308166
0,85.8,81.08196941239959,0.0,0.0,81.256605804395,81.3911568931408,81.53942791633689,81.34140996675767,100.13333333333333,78.13799999999998,80.72219463105293,80.6934315749234
2,58.2,75.85804193178788,0.0,0.0,75.26532883700881,75.733052966634,75.64569472597549,75.74781301911818,70.73333333333333,66.37800000000001,75.42446281081679,75.78304147365274
9,64.4,54.15762636932588,0.0,0.0,54.13041988293026,54.34379830760538,54.40067016231899,54.34379830760538,66.96000000000001,65.66199999999999,54.203903036836365,54.01596255619894
5,74.0,71.10231393802324,0.0,0.0,71.59166916516173,70.96867297130821,71.07775491088506,70.96990291641589,65.16,71.00000000000001,69.36043092956298,69.87884275153344
1,85.6,89.17422330581272,0.0,0.0,89.40050608686624,89.26002167574839,89.30494873041951,89.25288958813016,81.625,81.17000000000002,90.60930728296837,89.47696410207418
6,77.2,87.20983605249313,0.0,0.0,86.01082276520664,86.70340701944085,85.8120757554887,86.59708835715904,70.25714285714285,85.26999999999998,87.6683632830793,87.31778038017849
1,42.8,71.22235497958448,0.0,0.0,71.34976439635173,71.66515680840034,71.73031188208569,71.7146735735633,59.88000000000001,72.07999999999998,71.62696471044609,71.05965782484408
7,75.0,48.22592443601908,0.0,0.0,49.3420047305848,48.952309095462496,48.97971327284631,48.82434893121738,64.57499999999999,65.44600000000003,48.0832960282924,47.959023910806664
8,80.0,73.06234509251244,0.0,0.0,72.5508472288567,72.58522165419782,72.37887480753278,72.60583230371594,83.0,83.85000000000004,70.88260088639808,73.06179805186426
3,70.4,84.23911002594187,0.0,0.0,83.92297623548369,84.27545955516045,84.09828457950137,84.27545955516045,64.16,84.49200000000002,84.91614021690603,84.13156391304662
4,69.0,70.82935257135455,0.0,0.0,70.63328835072433,70.69337917079008,70.55636355273445,70.69337917079008,90.76,73.23399999999998,71.22128922909033,70.90177968100316
2,83.4,86.5025508944976,0.0,0.0,87.24592645081658,86.94776442999077,87.11174804674943,86.91513607928746,73.45714285714287,83.02800000000003,88.06062082630766,86.68766973550261
2,94.2,90.84157114381705,0.0,0.0,91.1254232276964,90.72951117719445,90.84095914169146,90.7543438035515,80.31428571428572,89.01,92.14180631019192,91.11386050928309
6,91.8,101.33768504304979,0.0,0.0,101.31909104415246,101.27145495117253,101.15407240867144,101.25700634164124,100.0,101.488,101.62653891501752,101.42538863169237
6,62.0,69.93943203526578,0.0,0.0,72.2160219953559,70.59422221094317,71.90646969303678,70.72043610106061,56.45,71.644,69.82659657812354,69.78877723923924
4,59.8,77.64710278278544,0.0,0.0,75.91295429646307,77.01859110767384,76.42844164071063,77.01859110767384,65.64,69.088,76.25766951631572,77.60507730915808
1,62.4,72.65412720452954,0.0,0.0,72.17699142067988,72.616177478862,72.57870905102453,72.60720599438694,52.55555555555556,59.762000000000015,73.0317196066019,72.94723769648732
6,60.2,75.49796246695914,0.0,0.0,75.04416818580414,75.08740792333437,74.82307531559974,75.0345503977539,84.1,72.44600000000001,74.29288996021913,75.26110225869184
0,64.2,70.08626487515528,0.0,0.0,68.50431414675626,69.81389964248524,69.6183158568083,69.82500663153967,58.839999999999996,62.078,69.8697269944334,69.76424533321966
1,68.8,67.87346338427182,0.0,0.0,67.0874723357031,68.18076346242972,68.06689926359829,68.22562484582635,71.6,66.222,67.65974402530767,67.95569825860403
4,64.6,67.57264011899716,0.0,0.0,68.91514789773737,68.40578769806253,68.92048619298134,68.40578769806253,84.62857142857142,73.612,70.07958915675921,67.75592166217035
8,76.8,66.84890612102716,0.0,0.0,67.2984809613247,66.95503085880395,67.09687321614138,66.95012982769578,78.15,75.47800000000001,66.48109680889047,67.156391159984
7,66.0,74.4731188733355,0.0,0.0,74.93065166794302,74.10494908556713,74.23890341163778,74.17136923526937,72.8,70.19599999999997,75.05962030105307,74.56959809118587
5,62.6,68.44810654154546,0.0,0.0,69.55835253414827,68.75899017298512,69.0205326298664,68.77864150281881,61.51111111111111,69.07999999999997,69.21353222917682,68.86928490671427
8,46.2,59.41076726643947,0.0,0.0,60.26530187360963,60.15899352813271,60.806200756220946,60.11943738685887,64.4,59.90200000000002,62.09551926484247,59.386788196190906
3,69.4,60.364048214289824,0.0,0.0,60.23137352977376,60.065477066057724,60.088440797095686,60.065477066057724,67.2,67.40800000000002,60.823329006764524,60.38628145063531
9,72.2,74.79527660776711,0.0,0.0,75.17656993143603,74.79647402371846,74.90005837891822,74.79647402371846,84.08,73.71600000000001,75.1172119122073,74.92403638433424
6,78.2,85.85549863311033,0.0,0.0,86.0204587984626,85.8165397938483,85.82598970728719,85.80441726667935,74.37142857142855,79.17200000000001,86.40131719433381,86.19411728453854
4,45.2,77.70153304101137,0.0,0.0,77.17903043209614,77.63096667532857,77.5070216441489,77.63096667532857,68.2,66.1,78.90434462036959,77.83612321091334
0,77.2,63.15389061169792,0.0,0.0,66.25294504206248,64.92729802702212,65.69842538479774,64.71006265041717,67.64,70.20800000000003,62.92945075572881,62.52730873050768
4,74.0,78.32228397430711,0.0,0.0,78.84041534075516,78.66000360225193,78.82362812922122,78.66000360225193,62.13333333333333,75.238,78.85376247696422,78.72455919080375
8,63.8,71.3914223893028,0.0,0.0,72.41235067927883,71.35728297999727,71.40909117397909,71.36249265019445,69.89999999999999,68.73599999999996,71.09340872610294,71.61670037163343
5,45.8,65.83927817701154,0.0,0.0,64.94918807396769,65.40313353870121,65.21719614784345,65.38568890010217,62.08571428571429,62.464,65.21986517437415,65.73019917780476
8,64.6,57.62384379130014,0.0,0.0,57.82808727739436,58.14796795944466,58.60667296324347,58.11468531494393,63.775,75.63400000000001,58.49437045631493,57.496043069230794
0,60.0,65.56136286797778,0.0,0.0,66.63331647449712,66.16190431147928,66.488013943057,66.07160904473793,55.4,69.66,65.24393144363299,65.15338641502662
8,81.0,72.43420430705241,0.0,0.0,72.49575235683253,72.29997648784901,72.32956919696498,72.3047160495053,66.84,68.40799999999996,72.00342668437267,72.48216782555423
3,65.6,85.58464711969458,0.0,0.0,85.86634300479307,85.71646176133177,85.70036792717715,85.71646176133177,76.33333333333333,88.75,87.33413380392217,85.64077395626934
0,54.6,90.24586347494105,0.0,0.0,89.5929104774192,90.33036633951764,90.24585915329818,90.32406054748974,68.42222222222223,67.844,89.79630525996002,90.6699896302725
1,49.6,58.036191297216355,0.0,0.0,57.84992646204759,57.691550620955695,57.630222765804604,57.665030907486155,49.36,57.104000000000006,57.82410819340653,57.9817744036896
6,33.2,54.398004067019016,0.0,0.0,54.63617607494622,54.637956580848154,55.020424460076875,54.703503224390374,51.120000000000005,58.81600000000001,54.410368616444885,54.18380513015571
0,66.6,66.74258250037724,0.0,0.0,65.4321720900809,67.8217824003734,67.45023800844292,67.73708649422218,79.2,72.344,68.46530938514138,68.63310452363548
8,60.8,73.1202174983465,0.0,0.0,73.10142431226298,73.39807100390793,73.39730588608028,73.38922243169876,42.04,60.28400000000002,72.94291610389273,73.60514151955573
3,56.4,85.02629937423256,0.0,0.0,84.95660714142652,85.52671956786158,85.62422143492975,85.52671956786158,80.8,82.93600000000002,85.26558848345074,85.04221033316338
2,78.0,84.02739140107391,0.0,0.0,86.23127539529932,85.01420594979179,85.18730545344398,84.88804181925869,81.72,85.52799999999999,83.68874655006313,83.79907889079877
6,77.4,84.82692037730165,0.0,0.0,84.85312152209865,85.33269158969664,86.07802987755983,85.45436847532852,78.97142857142856,82.24200000000002,84.03812441809946,84.4594950804058
5,70.8,86.37785523780902,0.0,0.0,87.43346067285044,86.6451046195632,86.88638103769276,86.66660802937464,78.34285714285714,83.86,85.15940165221893,85.2203633595254
6,93.6,89.52040640949835,0.0,0.0,91.42152458978732,90.06920202899619,91.11986844981878,90.17976068642199,78.97142857142856,92.19000000000001,89.74826949144735,89.3220968716109
7,102.2,113.40495916734878,0.0,0.0,112.33281816220484,113.32311249442536,113.12154266300448,113.32080631473883,118.12,117.58200000000002,113.06570210997307,113.45052083281287
3,114.0,114.36019402894814,0.0,0.0,114.22303288387249,114.51133229152835,114.60804076918274,114.51133229152835,120.28571428571429,118.02000000000002,113.65188354278655,114.33460421586223
4,121.6,116.5628272672889,0.0,0.0,117.00460069199839,116.13768269232585,116.0954704907841,116.13768269232585,124.625,125.35200000000005,116.12392688102776,116.4691360290218
4,136.8,124.02469541176342,0.0,0.0,124.89386210186458,124.42433720264957,124.74359437403294,124.42433720264957,120.59999999999998,133.13800000000003,124.17868614407811,124.11906936153632
0,137.4,132.1226635191064,0.0,0.0,131.70161331865816,132.16420826663986,132.09025389622278,132.18575618588704,137.48,136.26,132.86837176808126,132.901633686909
3,136.6,117.01472748619139,0.0,0.0,114.0528793372143,113.3606546309056,112.39023120453983,113.3606546309056,128.62857142857143,122.26799999999999,112.98839290611247,116.55652197905303
1,86.0,106.82357602271318,0.0,0.0,105.40150047676707,106.1395845071893,105.69693010393951,106.04572964955138,81.3,88.96799999999998,106.36917781878506,106.96282442400984
0,84.4,74.34049014475912,0.0,0.0,76.37737030709442,74.8060402018421,75.13083192889093,74.7575249833427,69.75555555555556,74.58200000000002,74.6739173959942,74.25351720906718
4,77.6,84.97311898144252,0.0,0.0,83.86732540334586,84.33169607535298,83.85054703915536,84.33169607535298,101.24,82.34800000000007,83.30152037852942,84.93027975805363
3,51.0,74.7076792284311,0.0,0.0,76.27386550809143,75.74697881690962,76.05863288345587,75.74697881690962,50.2,62.23199999999999,76.36383382247064,74.69921758289338
0,50.8,63.09386488950012,0.0,0.0,63.842741990879404,63.923742815515595,64.20515171007662,63.823156919777844,45.62222222222223,56.04000000000002,63.490690853882306,63.35412435551015
4,75.8,85.80999956959549,0.0,0.0,82.79409917756983,85.13500561047894,84.3908258163513,85.13500561047894,106.39999999999999,99.34999999999995,84.86836231960312,85.71208449298062
8,134.0,98.47746655542639,0.0,0.0,96.5649539642498,97.85138973592846,97.12308135021956,97.88019010299662,113.23333333333335,110.2460000000001,94.07748543612351,98.38192667195199
6,129.6,131.0089777374323,0.0,0.0,131.62715791183166,130.8029752124448,130.76796161980627,130.7687678203634,153.04000000000002,139.89999999999992,130.60729132325983,130.73151804322072
7,98.8,107.06353608509394,0.0,0.0,104.87830675121813,106.677025040363,106.32513928559638,106.76792034559053,99.93333333333334,102.794,107.53073322108428,107.31492693039011
8,66.8,84.10123271147432,0.0,0.0,83.27692514462562,84.26091020114123,84.33909458988335,84.25200889188773,55.91428571428572,82.01000000000003,85.65007097563846,84.35105887686137
0,71.4,77.77993488487483,0.0,0.0,79.44496992856966,78.80067802780403,79.01248889410537,78.67765638171392,78.3,80.32400000000003,76.8813449387356,77.40174562032837
5,69.8,79.4433133823925,0.0,0.0,77.30262563766043,79.25696954000475,78.96569370386639,79.24835790115912,59.03333333333333,68.41999999999997,80.30494619305635,80.02849778760334
6,59.6,71.76200558034564,0.0,0.0,72.61121061268827,71.14297928009204,71.24950310124812,71.07849536178328,83.10000000000001,72.10200000000003,70.28019555610202,70.9322198721574
6,79.2,70.16096836787236,0.0,0.0,69.74614188166458,70.32757408067859,70.35930653250958,70.35499806065054,58.166666666666664,68.56400000000004,70.69751350251971,70.28378886331895
0,63.6,75.42492175432606,0.0,0.0,76.76801262700526,75.5692875238379,75.7302406960507,75.54261325469948,69.6,72.402,75.51419783552956,75.6065414934076
5,53.6,68.22041096924734,0.0,0.0,68.62496139199179,68.78135412944175,68.8925449324664,68.81291004394258,71.80000000000001,59.78199999999996,70.05931602414122,69.37766814885714
8,69.6,75.82622014403773,0.0,0.0,75.37687056084292,75.87279992081271,75.93241135123638,75.87082433069881,90.75999999999999,87.436,76.30349815858683,75.81167206185287
8,104.2,86.12953187725503,0.0,0.0,87.02351324550125,86.54631706918143,87.19537281290606,86.5213310422901,107.0,107.25600000000003,89.02336139432975,85.91289703536718
0,123.4,118.74569269908649,0.0,0.0,118.78330927189141,119.20369400112784,119.23452114052654,119.17623040684003,130.53333333333336,126.49400000000003,119.49058093155155,119.43294819899752
0,80.6,111.7156404439857,0.0,0.0,113.65908192249196,112.94563410531798,113.32720413480473,112.85884171845622,100.14285714285714,111.51599999999999,113.33903442690087,112.18737036207055
2,70.6,85.88954199570045,0.0,0.0,88.66316119621207,86.78037638125005,86.99715757992696,86.6796229854873,98.0,88.27199999999998,86.74081400514076,86.1295251432389
1,105.6,102.59050411889224,0.0,0.0,102.01274293904281,102.969472638623,102.96630886819727,103.00779619746493,81.67999999999999,94.102,103.47650243210467,102.8035399915615
4,117.2,119.86255989637922,0.0,0.0,120.55188404644608,120.06583681672504,120.28047341350276,120.06583681672504,124.625,121.80199999999999,120.97175164113017,119.92612898032529
4,128.0,121.86230048391499,0.0,0.0,121.94364560527686,121.79204504538305,121.73567886800129,121.79204504538305,120.59999999999998,128.36000000000007,122.57364393249006,121.77343058944422
8,96.4,102.24801717125233,0.0,0.0,102.07840239149445,102.07572091978037,101.78614814590162,102.09085657172062,97.88571428571429,106.11800000000001,100.91382984337419,102.55546477375174
5,48.0,79.41335633446857,0.0,0.0,79.93309497760204,79.20995513942134,79.29805076091421,79.20461594321377,58.160000000000004,70.81600000000003,79.475929603453,79.61131492834905
2,56.8,57.33880251175932,0.0,0.0,58.78819358102295,58.15124582229045,58.27596850097572,58.04349751568877,40.1,49.95000000000001,56.8221979460542,57.33253206251237
7,98.2,90.99215779083754,0.0,0.0,90.98470090262357,91.50535618207259,91.34488961152294,91.43036837938283,101.75555555555555,99.65000000000003,92.03672081266278,90.87423875775532
5,114.6,111.27983102537051,0.0,0.0,112.14280095880484,111.38430490977234,111.50933574936245,111.38892872661096,131.73333333333332,122.76799999999996,111.02417403192331,112.22971227756338
6,138.8,115.02171717634813,0.0,0.0,114.29875813462078,114.98416446430728,114.74940742779748,114.97834929384165,131.24,130.08,114.50396466458147,114.81681138372353
2,140.8,135.56028898018366,0.0,0.0,132.63897703083683,134.37579017782383,134.14629782406405,134.50007610876327,127.91999999999999,138.57399999999996,135.1803496210137,135.27938085418117
7,134.6,119.08951479609732,0.0,0.0,118.0844380717676,117.76370178993645,117.969689952392,117.99259025131965,118.16000000000001,133.81399999999996,118.372141721342,119.19413094671694
7,114.8,129.87131528020615,0.0,0.0,130.60894704998742,129.11335402353018,129.5105814441384,129.24674526412684,99.93333333333334,124.14599999999999,129.6167259569712,128.62059101900576
7,104.4,95.92523830326161,0.0,0.0,94.63179250192918,95.12594728694346,95.0375143433171,95.2299131269723,70.6,91.18999999999997,95.24490197323789,95.58966631499946
1,76.6,84.15160143479798,0.0,0.0,84.81523203825,84.47940769393011,84.71406700567732,84.51937845819053,89.47999999999999,77.42800000000003,84.8044685414474,84.20186636323352
5,75.0,78.08983218852627,0.0,0.0,78.37961516670022,78.84562791869702,78.96384596298918,78.89424141046155,56.92,66.96599999999998,78.41303990802714,78.43824675187945
6,115.8,90.06254056820094,0.0,0.0,90.09925230515869,90.54397404671832,90.92373017660033,90.61884198108785,110.73333333333333,96.90599999999995,91.20664961406891,90.16011015688001
4,144.0,113.16399943674688,0.0,0.0,114.50756462078735,113.92488375257552,114.40996249729167,113.92488375257552,115.55999999999999,128.65000000000003,114.10638259522526,113.33926740828329
2,144.4,136.20794614532258,0.0,0.0,134.3415157519645,135.7599214353707,135.6555504669939,135.8145492170255,135.23999999999998,137.61999999999998,136.00957884942252,136.16632733477806
9,108.2,104.01333030512104,0.0,0.0,104.48881564619943,104.81482080377685,104.87627725309935,104.81482080377685,94.52000000000001,86.67,104.80028788806507,104.009284044003
8,72.4,99.62987258874037,0.0,0.0,98.64159832271991,99.38056405308751,99.06708769454244,99.38945163285787,110.17142857142856,90.82799999999999,97.73283955479363,99.40941946013773
2,88.6,82.86563955913402,0.0,0.0,83.80000824321185,83.1788669425769,83.1584087189419,83.14131052915758,66.43333333333334,80.30399999999997,82.80598694160018,82.70627208146479
4,112.0,107.28395881810201,0.0,0.0,105.6328651963696,106.81705722910283,106.32837087400274,106.81705722910283,106.39999999999999,107.028,107.04999574867448,107.30224099233577
0,131.2,124.5212638508902,0.0,0.0,120.9633401307469,123.3419685135284,122.61261442583931,123.49279672413263,124.55555555555556,123.96999999999998,124.53485520842807,124.72520135501384
6,131.6,130.27423318873159,0.0,0.0,130.3800921290989,130.05795993580602,129.5058025662839,129.97368038434163,128.48000000000002,134.59000000000006,132.65655414285922,130.77676671846194
9,125.6,129.9742062602549,0.0,0.0,129.4112079732264,129.4871679864263,129.2203631982146,129.4871679864263,124.91111111111111,135.93800000000007,130.58320716174268,129.9166740181177
0,155.8,126.9553912291799,0.0,0.0,125.62728547985532,125.83247906252765,125.54659753448614,125.93395401235622,143.94285714285715,132.11999999999998,125.77346311450813,126.32215377528547
5,161.4,135.02500145649805,0.0,0.0,135.96956442124176,134.7993506828107,134.92103018649686,134.77158798271884,139.125,135.06199999999993,137.14367524075135,136.16567389342794
9,125.4,141.26570275151656,0.0,0.0,141.33335671523338,140.7842716110913,140.67911723895054,140.7842716110913,155.12,151.08799999999994,141.2226969156148,141.1721205852514
2,111.4,122.46369586143071,0.0,0.0,123.22377494479623,122.44424858702186,122.62337484836468,122.45270664188075,143.13333333333333,134.622,123.125343561264,122.71530356807534
8,91.4,92.56702470339853,0.0,0.0,91.38765599951729,92.37484744071448,91.96198569735078,92.3861588319378,68.8,81.568,91.53314774507689,92.55879102163519
9,68.0,90.48395641340717,0.0,0.0,90.39258677910365,90.3166987723283,90.22974273889794,90.3166987723283,74.675,82.30399999999996,90.9225055635522,90.58812836332999
9,73.0,69.60840842407995,0.0,0.0,69.87157383446139,70.04410788205578,70.2453549793501,70.04410788205578,50.4,72.792,69.01885961019374,69.48819519170425
5,86.0,83.14035700172435,0.0,0.0,84.3022256223542,83.88732110027267,84.14396515111628,83.93040863059095,72.35000000000001,79.86400000000002,83.4215762776881,83.06093017608325
3,73.8,80.7779677281327,0.0,0.0,79.71757328333743,79.95663404502481,79.80699789172986,79.95663404502481,85.54285714285713,74.16799999999999,79.47547869907366,80.86403077813166
8,65.4,81.3584936042285,0.0,0.0,80.08811670988923,80.80443186891324,80.17508818066142,80.83227946421592,97.92,80.99600000000007,77.40389144836331,81.18177785445897
2,65.4,81.41543866928008,0.0,0.0,82.13387892147497,81.31578536749252,81.4909071550909,81.32267134577721,73.53333333333333,69.77599999999998,81.58423408711427,81.41760021837774
4,81.2,73.90466200033367,0.0,0.0,73.28831658903489,74.55970330842202,74.74243879917523,74.55970330842202,85.82222222222222,78.16199999999999,73.81905676524318,73.96974694975306
2,60.6,88.36996431214794,0.0,0.0,84.31166600673266,87.03739269147373,86.66104043163284,87.17102527401101,95.925,79.33600000000003,87.20646283281306,88.05041101261206
3,58.8,68.02478334353081,0.0,0.0,67.8521239683688,68.38706087355163,68.53422533387975,68.38706087355163,64.3,68.332,68.3354627733959,68.12298629269466
2,68.0,72.75998760873483,0.0,0.0,70.553205318297,71.70753777089894,71.50838387909172,71.8134402899032,72.11111111111111,61.996,70.85692905504816,72.81806429524349
0,69.8,77.25758232802514,0.0,0.0,77.27198636511092,76.794459467879,76.77394411123771,76.83309250595158,68.42222222222223,70.256,77.06902645002613,76.73780785333457
7,62.2,73.3452692880349,0.0,0.0,73.17914474840747,72.51716510388641,72.57480172151548,72.62540483173522,78.46666666666665,66.22799999999998,73.0170471649073,73.20204683279223
2,66.2,77.11871739908398,0.0,0.0,76.69038358820981,77.38724818186924,77.2344420328441,77.3672370447199,68.42500000000001,68.68,77.8024204038551,77.0762657653284
5,64.8,65.9279930256458,0.0,0.0,68.25513972891738,67.3185593413171,67.75244576534618,67.38646318544606,68.43333333333332,63.16400000000003,67.59212757860203,67.47822070626705
7,67.0,64.78913946713753,0.0,0.0,62.2799315419321,63.763760656454345,63.55716098096225,63.84574141357692,58.48,64.77999999999999,62.604765775669236,63.61376485559187
0,79.8,65.80905283585496,0.0,0.0,67.14750251029258,66.01718035427754,66.19791656035511,65.97590287824397,66.0,63.96199999999999,64.89642056744141,65.1772748509421
0,65.6,80.30729129922773,0.0,0.0,81.00557182882055,80.58720935247727,80.60398436709323,80.55346979693013,69.6,77.924,79.7490527872465,79.91572191722045
6,59.0,68.39519105312168,0.0,0.0,67.98998479870856,68.41032696635718,68.45659229164826,68.42251660204393,57.0,64.61400000000003,67.24242499813236,68.23342734770661
7,78.0,73.75286778483056,0.0,0.0,74.46529881558133,73.58461300022103,73.70261499413468,73.55386037857508,63.96,67.41199999999998,72.31724428690937,73.25576936503464
2,56.2,80.25587709014604,0.0,0.0,80.68606693434805,79.79476359721029,79.8016785701486,79.82147937253463,74.88,79.99999999999999,80.17508623735812,79.77099450148597
9,70.6,69.49550207660427,0.0,0.0,69.76938837882354,69.68451465398883,69.77426618161924,69.68451465398883,89.6,70.678,69.48764495743234,69.59450728121065
7,45.6,67.4147594326946,0.0,0.0,64.08095440981903,66.98516351687033,66.55084170682396,67.0404154593939,75.6888888888889,68.01399999999998,66.86539404098235,67.99753741842946
4,48.2,54.635651316766015,0.0,0.0,54.53643840728712,54.610995916331106,54.726633066289736,54.610995916331106,57.760000000000005,60.12,54.2761230934322,54.377028885234964
1,75.2,58.51947048282332,0.0,0.0,58.78200344695104,58.62994188096829,58.7399296993876,58.65186079627344,71.48571428571428,68.442,58.38595195971612,58.52769696480263
5,83.6,87.41096372772631,0.0,0.0,85.5619034985184,86.33680365684387,86.0084154847889,86.28239013110483,82.84444444444443,83.31199999999998,86.05545518961696,86.94231951034865
9,75.2,85.47840917253033,0.0,0.0,83.65210061001609,84.35253586072886,83.85138214356802,84.35253586072886,81.08000000000001,83.656,83.73701154540602,85.09231449287165
3,91.8,78.22979376496991,0.0,0.0,77.46268602750087,77.80970944721356,77.55823833054754,77.80970944721356,82.2,74.76600000000002,77.23394998076199,78.02090784025194
5,71.2,80.315345639224,0.0,0.0,81.90582741985394,81.3973273266536,81.75705523071903,81.46139038081233,79.77499999999999,86.44800000000001,80.33014040724098,79.34646510170158
3,72.6,84.571384265308,0.0,0.0,84.77438614933047,84.50746058226872,84.6968889913011,84.50746058226872,80.64000000000001,78.85000000000001,84.49612052198181,84.76953975815293
1,70.8,82.91685808838841,0.0,0.0,82.14071305316821,82.70193606621496,82.46038602652156,82.68525685080323,83.2,76.31599999999995,81.73893635300492,82.69118484233853
8,53.2,73.13806358693168,0.0,0.0,71.90560834170061,72.18161483745365,71.43281569500954,72.23006200129045,67.55555555555556,72.90200000000002,70.40569873508707,72.94856564920008
6,66.8,57.33393916729812,0.0,0.0,56.68112559322755,57.92364916647615,58.140922180192575,57.99811269495273,82.54285714285716,71.66999999999999,58.5283946662263,58.17472962110241
4,58.0,81.934053623056,0.0,0.0,81.62403343182687,82.05957569439668,82.0441853043905,82.05957569439668,61.279999999999994,72.29,81.59647991077983,81.74434618773716
7,49.2,61.05479122584713,0.0,0.0,61.88947863443034,61.752104525425736,61.74209546666415,61.65220067457689,58.48,59.37200000000003,61.694022393919354,61.095183390211105
9,60.4,46.61070766930705,0.0,0.0,47.31365333348385,47.52528324969974,47.96123708572271,47.52528324969974,58.47500000000001,56.784,47.11550551850265,46.7696282276611
4,49.6,73.91616980542005,0.0,0.0,72.684258494962,73.20144662973938,72.77478452766029,73.20144662973938,71.64,65.164,71.98649636139942,73.74635527253366
5,45.0,62.32680519924698,0.0,0.0,62.86245936899723,62.30130744163182,62.482838682745154,62.307006823568464,51.67999999999999,60.395999999999994,61.78547833586174,62.18136489032059
1,52.8,52.57808192204389,0.0,0.0,53.99637272695624,53.23591127436619,53.651546703550466,53.326902772696386,52.55555555555556,55.692,52.42180929594551,52.253626365377414
1,75.2,82.8970568470415,0.0,0.0,81.75194361196151,82.36862884795725,82.07071955988022,82.31745978354007,104.86666666666667,86.61400000000002,81.84371104636136,82.68866334259815
6,75.4,80.66977488240383,0.0,0.0,79.00584210172426,80.66768776915939,80.33913573666426,80.68116997973928,74.37142857142855,79.98200000000006,79.83360258003815,80.57196672864028
4,81.6,77.2368175224911,0.0,0.0,78.75058848167723,77.92177719639399,78.46743080904668,77.92177719639399,68.88888888888889,79.27199999999999,78.39297817341303,77.45865696581907
5,95.8,100.18883648387066,0.0,0.0,100.14986154095352,100.44004043001833,100.45283215787023,100.44757257348971,71.44000000000001,89.57200000000003,101.02246197415819,100.94352606055938
4,64.0,91.17535019139825,0.0,0.0,91.07323557193084,90.95066813096196,90.85513379461102,90.95066813096196,97.16,89.08600000000006,92.1684335986572,91.45118591696222
1,53.0,60.540968353463995,0.0,0.0,60.86602750431693,60.696032647775866,60.767265124666594,60.70759358044031,70.37142857142858,63.315999999999995,61.12100140163934,60.49649684303607
8,70.2,54.21280767108851,0.0,0.0,54.41190184268514,54.56087795168087,54.94796562312682,54.54002651146,59.760000000000005,56.364000000000026,56.35874720976267,54.11653390551859
9,83.4,64.49511395921614,0.0,0.0,65.28596999147123,64.54329282984781,64.76708570310205,64.54329282984781,65.97142857142858,65.33599999999997,63.973875908645084,64.48346670673153
9,87.0,86.95660561972704,0.0,0.0,86.61969980466338,86.1829096834164,85.96686715234078,86.1829096834164,89.02222222222223,86.12199999999997,86.86775150742302,87.13459302207991
2,79.6,76.67133947777288,0.0,0.0,76.82837511316184,76.73203320448032,76.67658838730304,76.7340898852102,80.31428571428572,85.12399999999998,76.51002691441654,76.5457984045652
2,81.0,75.63771507234136,0.0,0.0,75.88820458626218,75.56645489976272,75.48915256338111,75.5752989432203,71.36666666666667,79.488,75.5025871837576,75.53297182446644
7,79.8,85.99703758308333,0.0,0.0,84.21356568106647,84.72810127926621,84.69580135070477,84.90737514782316,73.96000000000001,80.69399999999999,84.76288092412727,85.41369096023243
2,50.0,66.88307976737428,0.0,0.0,68.57391319336399,67.16171719916262,67.25724580177923,67.13427603069904,83.28,76.90200000000002,67.05392245184106,66.89783977707916
3,86.8,57.40326317578461,0.0,0.0,57.088789754877936,57.33336120123015,57.234209356673205,57.33336120123015,52.6,59.89200000000001,56.766776282505084,57.38534867628104
4,70.0,81.83603532367482,0.0,0.0,81.18952444423996,81.7984409240528,81.65454528530627,81.7984409240528,84.67999999999999,82.55200000000002,82.25425480215402,81.81367395072522
6,105.8,83.6394650407737,0.0,0.0,82.23808951708526,82.63446758092986,81.41530300427642,82.4525778168,82.4,80.25200000000001,82.955989655456,83.66563314429256
7,81.4,84.84014879614409,0.0,0.0,86.26830004198789,84.75947174094627,85.05074069794483,84.80732382027351,91.24,89.26799999999999,85.24679436424617,85.38573548254243
2,68.2,77.17600979141838,0.0,0.0,76.63606316549166,76.67918440853273,76.63625449090269,76.7321047017779,85.8,88.41799999999999,77.47950713191001,77.01672945227014
5,87.0,77.14428896172255,0.0,0.0,76.6310501738522,76.71315790799746,76.56053736382465,76.69084586441645,54.64,65.52199999999998,77.49253235902337,77.53431660293921
4,93.6,81.11561434336687,0.0,0.0,80.34120948860033,81.02616172479831,80.78800055114402,81.02616172479831,69.73333333333333,79.55400000000003,80.17331942928587,81.14738167109455
4,95.6,93.46637464578512,0.0,0.0,92.59082416006555,92.77087586686886,92.36368085480119,92.77087586686886,83.2,87.236,92.49109651493843,93.54932566678004
1,63.6,78.12960595492223,0.0,0.0,79.3789152360716,78.70002630498911,79.07190792272098,78.76769043776095,93.04,77.136,78.172509520328,77.95555080693583
7,68.6,61.19383223661582,0.0,0.0,60.83217201092968,61.06143094315402,61.11267868890602,61.058779672262915,72.73333333333333,62.544,60.776917034952575,60.69589025643853
9,81.6,71.04173229446616,0.0,0.0,70.4068550525321,70.3963570078236,70.18577008969427,70.3963570078236,81.26666666666667,72.95999999999998,70.86751044715835,71.17767607117295
5,84.4,81.70416171496385,0.0,0.0,81.9753913687028,81.81755846795176,81.81391358681987,81.82293428898028,60.833333333333336,83.42800000000005,81.59740045877331,81.77677365801574
3,85.6,99.62016219514189,0.0,0.0,97.20602371192692,98.0390041819153,97.41912607857944,98.0390041819153,111.67999999999999,97.14400000000002,98.4901728258414,99.5838172821515
7,112.4,100.00268141955948,0.0,0.0,97.55846708920721,97.72837272572404,97.70329452153712,98.0323139769099,95.875,96.73600000000002,97.65267119508961,98.92558544676965
5,100.2,100.56266724595136,0.0,0.0,99.54081129928088,98.8753173280346,98.76432943479912,98.78403021292705,110.17142857142856,93.72800000000001,96.46650003031945,98.25839484295662
0,89.6,95.13207922068511,0.0,0.0,96.54565391638852,95.83397931234617,96.24558656111448,95.77309422454198,85.72,95.77799999999998,95.02662535984008,95.44500233251115
8,74.6,89.18285978316369,0.0,0.0,88.86618678883853,88.83661897936058,88.59625146288454,88.85897394140645,88.63333333333334,89.11399999999998,89.15680575294998,89.29427196107686
2,81.8,67.3847621781033,0.0,0.0,68.14619998760655,68.02157093945941,68.02569404776855,67.9748569995587,82.71428571428571,69.146,68.67901301237188,67.69847758703307
3,79.0,74.42674284365569,0.0,0.0,76.59679181387142,75.1982576920779,75.85856600375365,75.1982576920779,94.56666666666666,83.08799999999998,76.0994759119852,74.53167593784704
8,65.8,63.711264783572986,0.0,0.0,64.27697086599387,64.2126332630381,64.61802681107287,64.18647245933238,80.17777777777778,74.72000000000001,64.9552436802312,63.7485095118835
0,85.0,75.99027154109268,0.0,0.0,76.17598906433552,76.59700196507322,76.70376889468652,76.54909793690203,80.2,82.72,76.7458683537016,76.69220762525973
3,105.6,96.69556658327045,0.0,0.0,96.54241468019998,96.596712369877,96.54385274764658,96.596712369877,95.15,93.41000000000004,97.15545402664996,96.74060753729661
1,79.0,75.19628266132332,0.0,0.0,76.17135406032534,76.08246307102814,76.34273034813499,76.18242295700344,77.57777777777778,88.59799999999997,75.60822323281911,75.05594015025241
5,71.4,74.66921519045307,0.0,0.0,75.2239757196778,74.88433975317055,74.97132913433633,74.89764084659559,56.92,74.83600000000003,75.54211709171307,75.16686088203102
3,74.8,61.531107952275505,0.0,0.0,61.26741336450344,61.86482417390729,61.85493247754485,61.86482417390729,82.2,75.262,61.03380105410301,61.270681519444224
5,84.8,83.27582163473699,0.0,0.0,84.03465013787765,83.95357937856807,84.13887703866337,84.0001331333366,71.44000000000001,81.292,83.26859156259317,82.34386608201248
9,77.0,83.3894377591593,0.0,0.0,83.34738861482838,83.42547567289209,83.48748643119144,83.42547567289209,94.32,89.76400000000001,83.44598463161296,83.4734191934797
1,71.6,74.26928986834515,0.0,0.0,74.71801636739461,74.45021291193345,74.62857380295787,74.46766194321701,70.4,72.44199999999996,74.95192862834786,74.41370665726006
7,95.4,71.08470432409183,0.0,0.0,71.1035795644536,70.61623520350798,70.80196004205284,70.67582307243356,63.75999999999999,72.55600000000003,70.8377344987067,71.01971057395058
2,95.2,92.40053494238032,0.0,0.0,94.42832677380598,92.7328997691092,92.91341669281545,92.71637595557704,71.33333333333333,90.47999999999998,93.78758005965827,92.62781972221927
4,81.2,87.84151614444644,0.0,0.0,88.32356750018253,87.85460408589648,87.96749196402202,87.85460408589648,97.16,90.92199999999998,89.41010657337745,88.0450629749208
3,71.0,71.58944179783073,0.0,0.0,71.09218654539981,71.45624146018085,71.32572640818854,71.45624146018085,60.03333333333334,67.084,71.1333459356339,71.51706553415295
5,58.6,57.98142102358032,0.0,0.0,59.023512484207586,59.19283534928189,59.48861593345362,59.26442152296081,54.519999999999996,65.05,59.35681691500457,58.24855605623909
5,43.2,56.958895751041226,0.0,0.0,57.401952632774595,57.73754026627214,57.837561404388154,57.77870227376748,60.20000000000001,63.77200000000002,57.96999303539209,57.79085989332307
0,72.0,60.19699342268386,0.0,0.0,61.03687745506792,59.75052043599524,59.97267305826706,59.74864710131267,61.800000000000004,58.93600000000002,58.64118340254595,59.40902640093819
4,86.0,70.25961695791716,0.0,0.0,69.97945830925846,70.0875288570045,69.92784254717024,70.0875288570045,90.13333333333334,78.468,68.45970494952027,70.08455318404397
1,82.8,78.79827727028432,0.0,0.0,78.74968033410322,78.90238208746786,78.94427287384107,78.90639988719357,90.46666666666665,87.552,79.46015402925619,79.03273160683388
7,88.0,73.51864895557986,0.0,0.0,74.52943535327957,74.41492714212569,74.41413415156597,74.30678043757644,92.625,84.29199999999999,74.48846871641625,74.2115542855401
2,67.2,73.75190365663963,0.0,0.0,71.62014290606022,73.38337941901682,73.13799816555654,73.42930681286613,91.76000000000002,79.38400000000003,75.04813513794477,73.61819943699858
6,50.0,65.07252074029911,0.0,0.0,64.76533898339372,65.05388651248278,64.9659623627179,65.05135459249152,67.51111111111112,64.88999999999997,64.95376268037325,65.07670394870166
7,53.6,53.98862764725422,0.0,0.0,55.329715155580644,55.133495609699764,55.215967122227624,54.968227103983224,58.4,61.70400000000002,54.4824028840113,53.725762944964075
7,62.8,52.37098415748741,0.0,0.0,53.37192653770526,53.26838424394394,53.36173207493509,53.10701763592209,41.08,48.276,51.599648598435365,51.821624141458706
5,64.0,56.68441284746669,0.0,0.0,57.38095652897454,57.62933888450043,57.72095439611351,57.677450879240325,51.08,53.68,59.05808296753476,57.8298764420454
0,71.4,62.44618822914711,0.0,0.0,61.75555763265352,62.09900944544238,61.857414279182656,62.119833712385564,65.76,63.795999999999985,61.776143320749654,61.9566494411433
1,68.4,73.37749274742188,0.0,0.0,73.1519178786123,73.30370720137387,73.29897411557884,73.30425184714346,65.5,72.34799999999998,73.04384046760939,73.29526899226317
5,90.6,90.80256804622626,0.0,0.0,89.06560288256549,90.46047163622183,90.01363705580631,90.44619984502326,61.51111111111111,74.93200000000002,91.48587638334057,90.59602397486498
6,112.6,101.42364870879592,0.0,0.0,100.2973920715173,101.31810856867747,100.62431484164009,101.261312663236,120.24000000000001,112.96800000000002,103.1858578155183,102.15966314122153
7,60.2,86.36122448693378,0.0,0.0,86.75958734629899,86.19949101996289,86.36530158805236,86.24129414736693,70.6,83.38600000000002,86.08412380281138,86.46290983338311
1,86.8,69.41669646187523,0.0,0.0,68.56427565055809,69.22918580628908,68.98715344101157,69.21725498778345,60.42857142857142,66.692,68.69048005573329,69.26990119471235
6,81.2,75.80769967238392,0.0,0.0,76.4647695014864,75.9058644346531,76.12737703404781,75.92202610975623,96.67999999999999,78.024,76.25053058459585,75.78412366531582
1,90.2,96.71516203453417,0.0,0.0,96.18200650344805,96.84928726773498,96.74244327637005,96.86377403984638,77.56666666666666,87.38800000000003,96.81026621753722,96.5919213301054
4,90.0,96.45990642886474,0.0,0.0,97.91154339028765,97.29711162244095,97.92934426443072,97.29711162244095,91.26666666666668,98.62200000000001,97.66043138225697,96.46706540552152
4,139.0,106.89519239576316,0.0,0.0,107.22978533072191,107.24708676309342,107.48892576905072,107.24708676309342,108.4,112.43800000000006,107.50488877559152,106.73671239599693
7,139.6,127.7168568505158,0.0,0.0,127.33406940551764,126.59730595850542,126.64951121102912,126.76972241532174,143.06666666666666,138.13599999999994,127.90723960176601,128.13695353051762
1,130.0,134.40040198731742,0.0,0.0,133.73905413332105,134.12400210503748,133.98210776907533,134.07698900824096,142.6,138.12799999999993,134.68298553812602,134.8955294905388
5,94.6,84.74193860146374,0.0,0.0,85.49836242085281,85.19837046954856,85.21790407092946,85.21829056825361,65.44000000000001,83.68199999999999,86.50910206860567,85.34248121307377
6,86.8,101.53042802865843,0.0,0.0,101.32446914392702,101.48939329177115,101.2628443344657,101.47743922434267,100.0,93.156,102.23753328307336,101.43361728825542
2,80.0,85.41102300639659,0.0,0.0,85.23223540880095,85.58199208505363,85.49244622458744,85.56703153707544,79.8,81.91999999999999,85.54345347559952,85.32915473778314
1,60.0,96.01760017265508,0.0,0.0,95.65886267952921,96.27737990338731,96.27816726926697,96.31760399637811,74.52000000000001,91.86399999999998,95.72622116875814,96.05248026552565
4,78.2,65.63385887381145,0.0,0.0,66.01450517736934,66.49319732802418,66.94554163888012,66.49319732802418,59.825,68.23400000000004,65.99134715824896,65.87452966669365
1,121.0,101.47953394828471,0.0,0.0,101.58524731640489,102.04577034062783,102.19944405242735,102.11609075920984,66.96666666666668,92.66200000000002,102.22464634695365,101.5546601349775
4,111.2,114.06567242684955,0.0,0.0,114.94072302117168,114.47662254354385,114.78035878664456,114.47662254354385,115.73333333333333,113.48000000000002,114.37096596608245,114.00970664255107
5,129.4,110.34337804021624,0.0,0.0,109.84200846075488,109.98633626859541,109.78310733792293,109.96546502597712,109.72,117.30399999999997,109.26433992739193,109.92304449080987
9,126.8,127.41877768654298,0.0,0.0,127.44791203597993,127.39763855913543,127.40506708098442,127.39763855913543,138.91428571428574,133.08800000000002,127.022758738427,127.3301444923001
7,125.0,116.12899318620819,0.0,0.0,115.47286077269007,115.27471154330243,115.2838036828807,115.37487067668502,119.6,137.33999999999997,114.68295686184872,115.6120542694857
2,125.8,122.24157917650538,0.0,0.0,123.03494512015935,122.3684784339046,122.47635782515525,122.3650193544344,143.13333333333333,136.18199999999996,123.51291820569668,122.16305122052606
7,113.8,111.95851661912468,0.0,0.0,110.97924661043214,110.75587963305625,110.8267581693733,110.943029910138,119.6,131.42799999999997,111.1330803005566,111.6630380745047
4,64.6,91.62183619277107,0.0,0.0,93.27761305734086,92.12231194733917,92.55892904062706,92.12231194733917,93.57777777777777,81.70199999999998,91.27810314564385,91.54501261270698
9,94.8,68.31455248379618,0.0,0.0,68.39229404422413,69.20328072720726,69.37999668282411,69.20328072720726,66.96000000000001,73.722,69.1903238323325,68.4548534501014
5,98.2,93.4055982270078,0.0,0.0,93.2248783648806,93.64916967879128,93.62503498142269,93.65699281407711,86.04444444444444,85.62400000000001,94.73883520116972,94.28046803559054
6,113.2,98.89446642151663,0.0,0.0,98.56421773288308,99.01625045470676,98.96299976871771,99.03237929728911,100.96666666666668,95.23599999999999,98.92224947964641,99.01430232148147
5,96.4,100.0984054303816,0.0,0.0,100.76060143822528,100.10937498196773,100.17826202755657,100.1000029117934,90.17777777777776,101.62000000000002,100.64572480627197,100.73155761486737
5,95.6,95.3379233151536,0.0,0.0,95.52947981036642,94.89123944192717,94.87044682142945,94.85120853410235,116.825,90.73400000000001,95.37731428854359,96.02151607926314
9,62.6,78.09668703579216,0.0,0.0,79.3980630273029,78.8327159247758,79.12134215564357,78.8327159247758,65.2,77.96799999999999,79.4691502345419,78.30454979650388
4,41.8,63.76268741601221,0.0,0.0,64.44396141813907,63.87840528781952,64.17159992518089,63.87840528781952,46.519999999999996,58.77199999999999,63.254439665211535,63.66795308688259
4,72.6,61.356624157292046,0.0,0.0,61.39426307716879,61.63464843926945,61.8131817631304,61.63464843926945,57.760000000000005,64.49200000000002,62.28458829734598,61.503336414022776
2,72.0,68.56722717484027,0.0,0.0,67.5862734304337,68.27751228572541,68.11375268776385,68.30183280426712,79.2,75.47400000000002,67.7832584258822,68.55553438139084
5,57.4,67.93246662359559,0.0,0.0,67.5782915477134,67.64129182590801,67.53276112705852,67.63587141443473,51.279999999999994,62.2,68.61003289387739,67.95580231639535
9,69.6,60.71965268769479,0.0,0.0,60.53998212682158,61.22421600302481,61.206324275049965,61.22421600302481,64.97142857142856,62.88999999999998,61.2740575036827,60.68047384218244
9,53.2,67.70874782324745,0.0,0.0,68.28347478516181,68.34157175142704,68.51173253116671,68.34157175142704,65.7,64.33599999999998,68.68047470826558,67.86812092163377
7,38.0,59.303126558066765,0.0,0.0,59.34572698365052,59.03333272133582,58.93217276689158,59.06426455672494,65.57777777777778,58.512000000000036,59.909463016502414,59.8995376464963
7,65.0,56.8792243919179,0.0,0.0,57.385678896686485,57.134617697519715,57.16855501830889,57.05971190055697,78.34285714285714,67.98000000000003,56.18332822543998,56.23548197654914
2,49.4,67.88885635588845,0.0,0.0,66.69594620036955,66.91717814113845,66.81347261603963,66.99195157485626,67.04444444444445,61.154,65.70465547435323,67.69221340126586
4,58.2,54.75790535479152,0.0,0.0,58.907988769232276,55.40512772984751,56.63889853493701,55.40512772984751,65.87500000000001,60.64999999999999,55.30732175888181,54.58833001521021
4,73.6,71.36000805268063,0.0,0.0,69.90625711636329,70.90484357622175,70.54487034272347,70.90484357622175,73.825,71.134,71.58883024471159,71.36849046168913
4,62.0,77.43381859771424,0.0,0.0,77.4988847718961,77.43444211668142,77.4452708396326,77.43444211668142,84.62857142857142,77.83,77.58297207524849,77.49730220224124
1,56.0,68.97203494729418,0.0,0.0,69.61509492661926,69.31867176164988,69.53961455102719,69.35979488558853,70.77777777777777,63.83200000000001,69.7002536981789,69.14009736402188
6,70.8,67.56640633395315,0.0,0.0,68.12133542996929,67.72577326084837,68.15660598982998,67.77200005712868,66.00000000000001,72.07199999999999,67.85458578373903,67.58472534511854
5,73.0,69.7396236325206,0.0,0.0,69.73502967355611,70.9384370239563,70.92643494678939,71.0035629961523,85.46666666666665,75.06200000000004,71.69987054455167,70.61202759661354
0,54.8,72.33661966393997,0.0,0.0,73.77769809944785,73.15402339879145,73.14368584705637,73.09502583279408,46.96,70.94999999999999,73.0605605109188,73.30063759825447
5,33.6,61.57851263318571,0.0,0.0,62.7983417105701,62.666539415581255,62.82645247205252,62.73372181019286,53.720000000000006,59.45400000000004,63.10977714114965,62.67490745768665
1,57.2,64.29828191560607,0.0,0.0,64.30053804186349,64.96374583338235,65.09807909035996,65.05962565263629,57.0,73.14399999999999,64.19951087732743,64.33380986870884
8,96.4,71.63646753444584,0.0,0.0,72.63046031689098,72.10132950572451,72.79407647787679,72.0715094349797,89.06666666666666,95.584,73.80372474807042,71.50281525279712
8,105.6,108.66395846576938,0.0,0.0,110.01249747533129,109.52902461121103,110.47471064053661,109.47800792186251,93.62857142857145,100.99399999999997,111.79095484600907,108.3809359842924
0,114.4,116.68911457909458,0.0,0.0,117.6946438157569,117.97524040454354,118.14320919249667,117.86166762379608,120.63333333333333,120.20000000000002,117.71699432269031,117.62195694973427
1,119.8,119.98774771303057,0.0,0.0,119.64840351441178,119.9401306487677,119.82760135912832,119.93437736019507,129.75555555555556,123.90200000000003,120.30363179992335,119.90834311996778
2,126.2,118.67244012237619,0.0,0.0,119.67233916162112,119.06735498979313,119.22135723849226,119.03573021326967,143.13333333333333,134.93600000000004,120.19525822658144,118.80117059553292
3,151.4,129.14007894586996,0.0,0.0,128.54552906732417,128.6614770917892,128.24382505356854,128.6614770917892,144.57142857142858,133.972,130.75460567642415,129.0478087707481
1,143.2,145.93499516958758,0.0,0.0,144.81920232759916,144.73064287687825,144.2853907513034,144.5770322341047,157.68,146.282,146.0579597308843,145.83123128954503
9,134.4,138.81583728620262,0.0,0.0,138.7824061825192,138.76199510694735,138.67126713045184,138.76199510694735,139.04,138.92799999999994,139.08073940120167,138.67622073656906
6,117.8,112.84268930186481,0.0,0.0,113.92850560809882,112.99366059685129,113.26850828020326,113.00891114979808,90.3,105.96399999999998,112.83221601746837,112.87600569320392
6,69.0,98.19245317928176,0.0,0.0,98.73806192341131,97.9785529081688,97.78894447631643,97.92798471761837,99.47999999999999,90.66599999999998,98.5987193435064,98.45532031140105
2,103.6,93.10450776207527,0.0,0.0,92.48967679466605,93.21971284428282,93.2523775051545,93.2035320869797,89.3,99.28400000000002,92.97017004334215,93.23303737855714
4,127.8,112.56745418587235,0.0,0.0,111.16098848120689,112.0897390650077,111.58875602305886,112.0897390650077,131.82857142857142,117.29800000000004,111.85141650074206,112.58024094461511
5,67.2,99.54342085223806,0.0,0.0,100.56503999395844,99.4957607102494,99.62594431554562,99.48545099452691,93.3,97.67599999999997,100.33578726791829,100.0571431475382
8,46.2,76.19375389693647,0.0,0.0,76.26971094137764,76.34662716247057,76.74815452318678,76.3357750596393,56.279999999999994,63.792,77.76328862175835,76.23842315785633
1,65.6,61.063528447906315,0.0,0.0,61.88201284431874,61.24332722059131,61.470994215308295,61.283873897963744,68.84,71.48600000000002,59.87279874929877,60.89921934298694
5,66.8,68.21646355080415,0.0,0.0,68.9336061719938,69.53610312491445,69.60792632620789,69.60078365200312,54.685714285714276,62.338,70.7770488531855,69.76520753638744
7,56.4,75.36755672601475,0.0,0.0,73.80986059100802,75.25978143632187,74.77217444411481,75.28396225563145,65.67999999999999,68.37199999999999,76.51753924909,76.41590678032631
6,69.2,62.07595193368272,0.0,0.0,63.649912134117066,62.7824424912764,63.87164068401333,62.91835309656834,65.0,72.036,63.109456221413026,62.189594479617384
3,61.6,73.52151279415469,0.0,0.0,73.0765642561341,73.63114249821554,73.48676549018327,73.63114249821554,56.57777777777777,72.346,73.63031301507586,73.58219006202107
0,104.8,89.31217712499759,0.0,0.0,88.20491768955463,89.18869078952115,89.03889057478032,89.18328133981335,67.64,76.202,88.97065132845407,89.03259219454722
8,131.0,116.5773385440658,0.0,0.0,117.453924331863,117.22287143606985,117.8490004047969,117.1892345491517,144.2,123.50400000000002,118.94527645471986,116.48436330432641
1,108.6,113.63408375506629,0.0,0.0,113.56319081696287,112.64488731523491,112.56619901197548,112.52411917253993,124.42857142857143,131.89999999999995,114.24394359651431,113.76718691996433
4,77.6,97.3035586631113,0.0,0.0,96.56601133068197,96.96952786715516,96.7097261878242,96.96952786715516,77.62222222222222,83.36799999999998,95.2406541935565,96.90734347986833
2,73.6,90.36229904859397,0.0,0.0,92.95376174879036,90.94283161092062,91.12264677151389,90.89046147374266,83.14285714285714,87.31,91.76713790621048,90.70927615636485
9,89.4,95.930318118122,0.0,0.0,95.89526917135278,95.74193271853017,95.57347213092392,95.74193271853017,99.25714285714287,99.49599999999998,97.88029424994214,96.20876991301928
3,48.0,73.3868451454338,0.0,0.0,74.63884283464719,74.37042364220491,74.71253038729725,74.37042364220491,70.0,68.08000000000003,74.15610514292422,73.42830706308638
4,63.6,56.42001246740213,0.0,0.0,57.399560101380324,56.94856799194369,57.40272510936764,56.94856799194369,53.67999999999999,59.91000000000001,56.355359566990145,56.499216611555326
2,63.0,71.1913869131962,0.0,0.0,67.95021279419271,70.62301128609083,70.2072499880356,70.686273520252,69.64444444444445,67.18,70.95613286062104,70.90375508674083
8,77.0,71.48482463156463,0.0,0.0,72.78926764994992,71.97258136027257,72.47494645550756,71.94395516831328,65.96000000000001,71.39999999999999,72.28914745001265,71.7269305447035
3,106.8,85.30710648187664,0.0,0.0,84.57491886714953,84.76963054821647,84.66920570943829,84.76963054821647,70.97142857142858,81.39400000000002,84.44166572322817,85.27749855501025
8,106.6,109.22882766037603,0.0,0.0,109.02265172743641,108.95859792718753,108.71006040890998,108.97021062841664,108.16,112.884,108.18204204861608,109.21962720091794
6,106.4,100.82974694285576,0.0,0.0,99.32430524471164,100.59849563518058,99.87646604716349,100.55311399709177,92.67999999999999,95.41800000000005,100.27103112058546,100.36887897143131
2,118.6,117.50934499651721,0.0,0.0,116.74999607816613,117.3310993914479,117.27010821773167,117.35209099185496,132.73333333333332,130.168,117.57827752173309,117.36016580480575
2,134.2,126.63501601822269,0.0,0.0,125.31765118761265,125.8849666325205,125.82830408058257,125.96106837965208,146.28,134.71199999999993,125.83843874276762,126.64718054610071
7,143.0,133.26260306126926,0.0,0.0,133.5304014053232,133.32725957195962,133.28527399102015,133.3401859162501,138.11999999999998,137.06600000000003,133.88592896008083,133.75726192131333
3,131.2,137.4421609392818,0.0,0.0,135.9020148344635,135.7055788472981,135.30169907373642,135.7055788472981,128.62857142857143,138.97999999999993,135.63307769642995,137.6320760723965
0,93.6,99.8429633056907,0.0,0.0,100.58067875640107,99.57303840617621,99.58639633672189,99.62007019333824,94.52499999999999,91.4,99.2835752495981,99.43825153253253
9,64.8,89.76794657529533,0.0,0.0,89.00096625252077,89.15747119056438,89.02051487476479,89.15747119056438,82.48571428571428,82.822,88.26797069510768,89.76028960731702
9,71.8,84.91087197628991,0.0,0.0,84.13559340556067,84.6359480581606,84.47446019850881,84.6359480581606,68.66666666666667,69.95600000000002,84.04777905825443,84.97199589218688
8,60.0,72.13211908837677,0.0,0.0,72.69118690409086,72.38334079953702,72.70121681760625,72.36229879138047,85.84,76.80400000000002,72.30584439484836,72.07573984034752
8,67.2,67.07727077087654,0.0,0.0,67.18428847811344,66.34736353858311,65.9448164307917,66.38231872584963,69.97500000000001,63.66199999999997,63.65715931539896,67.05919652893795
2,79.2,77.96659320990122,0.0,0.0,77.28103274092241,78.26631052094272,78.15853426761633,78.23955146579372,76.5,73.57799999999997,78.18131021917094,77.91241056452671
9,61.2,90.31323654522521,0.0,0.0,89.59152030459967,90.07189964087111,89.86190729083026,90.07189964087111,74.76666666666667,80.16,90.25662766210976,90.30380441714131
5,60.4,72.12791887463969,0.0,0.0,72.21105354967901,71.96876641196353,71.883004676358,71.97172052969539,61.51428571428571,72.91799999999998,69.06822287265702,70.81587980906373
3,87.4,69.47212754565612,0.0,0.0,68.57880687075179,69.1578876622632,69.03875421059846,69.1578876622632,61.955555555555556,70.39800000000001,68.70525749129287,69.43555054595654
9,75.0,77.07591360221642,0.0,0.0,77.85107397394674,77.109970355681,77.32580238651752,77.109970355681,77.2,84.09800000000001,76.95290345753487,77.14474644352165
0,64.8,75.6744893485532,0.0,0.0,76.01846446418375,75.85007427199366,75.94063591322117,75.83695278958018,77.3,72.76400000000001,76.18682771574527,75.84602211297033
3,74.4,79.27247012057323,0.0,0.0,78.92655858259243,78.72656960244174,78.6994999328544,78.72656960244174,67.2,71.54799999999999,78.85321992206413,79.3215837959184
0,87.8,90.20571636521726,0.0,0.0,88.36071736973864,89.26658719769452,89.0019878099809,89.37892196271908,86.77777777777777,82.65400000000001,90.75262584719032,90.20041867002129
1,96.0,106.66815812307291,0.0,0.0,105.27050059341806,105.91947514195833,105.55004475422291,105.81687292512059,111.3777777777778,103.01999999999998,106.74078607884073,106.93511533430019
1,102.8,103.34990405603135,0.0,0.0,104.38343467736487,103.4051965323191,103.66156205752642,103.40691218295765,104.12,103.55600000000003,104.12439648248674,103.45288305822362
7,112.6,119.57269486967647,0.0,0.0,117.98800403691851,119.04110298838805,118.89816193491234,119.11630618073036,125.37142857142858,117.816,118.71778825024109,119.49062241559636
7,99.6,119.9239179416031,0.0,0.0,117.57671704034064,119.14908935552347,118.99564700241015,119.26788178331032,93.55,107.14600000000004,118.91778797735367,119.68253636169769
3,110.2,118.13262579271675,0.0,0.0,116.6064514605151,117.27036065656873,116.83536024466238,117.27036065656873,108.62222222222222,113.79400000000005,117.41082664032962,118.04086414427971
6,103.8,119.53656704057263,0.0,0.0,119.06009315053406,119.36678575130333,119.07992915253726,119.3371309163371,117.28,107.64400000000002,119.67055977077518,119.51153747059018
8,96.8,103.22457451810918,0.0,0.0,104.00202062085077,103.26645480412145,103.4222320085523,103.26568551319633,92.89999999999999,97.17800000000001,103.45886670830238,103.73477488516218
1,78.8,95.38964100676449,0.0,0.0,96.24097960243063,95.8490105894217,96.09455355077408,95.89343920947493,103.40000000000002,101.34200000000001,96.02467904551976,95.59252224737534
9,57.2,71.75071010999159,0.0,0.0,72.35034490841456,72.06534917292842,72.33610486394055,72.06534917292842,54.13333333333333,74.20600000000002,71.62835694796296,71.89236359252035
3,74.4,71.10373732521106,0.0,0.0,70.00878454150327,70.69062458796523,70.47509087023154,70.69062458796523,62.2,60.492000000000004,70.3127145134575,70.93610729440891
5,67.0,79.51030619224625,0.0,0.0,79.19030938299935,78.60809874460108,78.36251331106294,78.54996027833523,79.17142857142858,75.154,77.22507013133497,79.51072705984998
7,66.8,84.93690439821191,0.0,0.0,85.65622357131939,85.57625900628351,85.5785128851825,85.48194792131314,73.02857142857144,76.85400000000001,85.97677007661588,84.95457451053485
7,78.8,96.0230000599157,0.0,0.0,93.0183743403957,94.11279258862442,93.90577357536257,94.36031439378093,73.02857142857144,82.35400000000001,94.62327418102336,95.46383003766756
5,89.6,109.3940256246965,0.0,0.0,107.35252758774325,108.47753544607018,108.06358547489464,108.42821540477193,82.42500000000001,93.28600000000002,107.8222681526043,108.7571455600307
5,94.2,108.05320666096954,0.0,0.0,108.05290011569382,108.52907431559679,108.61364067106518,108.55311750390041,101.12,98.70800000000004,108.30392080772529,108.05194562937706
2,100.0,110.67930815683522,0.0,0.0,108.66138718782196,110.25452913018322,110.06534055073197,110.30261951348376,93.04444444444444,97.78600000000002,109.81320815493117,110.76034208927692
2,90.4,98.48588492969915,0.0,0.0,98.69118169665457,98.72813449282518,98.63945236945187,98.70523729199768,95.0,90.502,97.96214802957432,98.27742778774372
3,45.6,82.5140059813613,0.0,0.0,80.4839503396639,81.96390844974934,81.55592665666032,81.96390844974934,81.12,82.81999999999996,80.41441818392896,82.32246133030985
5,36.8,52.87359165578792,0.0,0.0,52.93886835905976,53.742281214306175,53.699595334441604,53.79237774394739,60.20000000000001,64.168,54.29978251608559,53.75021626002785
3,89.2,70.23366473140265,0.0,0.0,68.25571409291003,69.17097490409864,68.81520760710734,69.17097490409864,80.8,81.568,67.36500807717552,70.15359700411335
2,72.2,71.6592398016635,0.0,0.0,74.84015250334838,72.78313665113801,73.16530956955116,72.67872579683932,71.33333333333333,76.71,73.33374815996112,71.97788101744987
2,66.4,76.70267183199081,0.0,0.0,75.83971110270441,76.03317998330023,76.02172028682499,76.09800787016405,82.71428571428571,72.68599999999996,75.30406101531399,76.7706482141073
5,83.0,87.42218557567838,0.0,0.0,85.69118189381388,85.74212018800635,85.45971640405844,85.64866491768912,83.03333333333335,71.93799999999999,85.70462043416214,86.99617919119683
7,78.6,77.37861140150265,0.0,0.0,78.14478472296622,77.33353654628327,77.63845239078158,77.3051379532374,68.35555555555555,84.42800000000003,75.34990417641563,77.12548538121571
3,44.4,74.69349902273899,0.0,0.0,74.27447599321809,73.82557955090414,73.75476730468448,73.82557955090414,69.03333333333333,72.82599999999996,73.83660605795697,74.63888745866109
9,62.8,62.66616061739393,0.0,0.0,62.26676512503771,62.20573008798692,62.15025450431256,62.20573008798692,70.0,70.39999999999999,61.52659225488898,62.57567063287616
8,64.0,73.38674221182075,0.0,0.0,70.83779634980151,72.19251803953554,71.14350302689718,72.25328192482118,69.0,76.52600000000002,70.34298385731127,73.34443531316988
3,53.4,67.3493152623154,0.0,0.0,66.78350965537064,66.73116066342146,66.6155155118629,66.73116066342146,64.17142857142856,58.92800000000001,65.73670461028041,67.20748113433099
5,60.0,55.72970029838355,0.0,0.0,54.15347403918338,55.818854185187845,55.67512563708877,55.83965819683799,62.08571428571429,61.30799999999999,54.66771160396457,55.27417377847515
8,99.4,97.69838063681523,0.0,0.0,96.87606648223498,97.09523818464619,96.49319803606495,97.13532061183179,78.64,91.40400000000001,97.1763484756359,97.93867219214617
0,115.8,121.4510696899677,0.0,0.0,117.78397181213334,119.61171213124094,118.77539403897588,119.80195545067915,104.2,102.38200000000005,120.68495395158519,120.82175484536437
2,127.4,120.93003302372728,0.0,0.0,119.66513446560813,119.86090087762119,119.83186126083025,119.97822170538603,115.47999999999999,103.96199999999999,120.61141852011781,121.03827011908962
9,91.6,112.06138671340449,0.0,0.0,111.84403518365231,111.73379476200536,111.58776191717948,111.73379476200536,122.82499999999999,96.91200000000002,112.23743751788837,111.94114235911368
9,89.0,102.53875206311407,0.0,0.0,100.77941011809708,102.00094636102934,101.59557769039256,102.00094636102934,104.23333333333333,96.15799999999999,101.19174054934729,102.2808357113153
2,90.8,109.61913275005449,0.0,0.0,106.90223615197729,109.37079002668472,109.24314268633165,109.40675725916012,94.73333333333332,96.35000000000002,109.8030391373045,109.66305378957775
3,96.8,102.23816296325491,0.0,0.0,101.47111246740192,102.00641562350555,101.933834252317,102.00641562350555,95.15,94.9,99.89602785427832,102.1923663407426
1,84.0,108.14959296771121,0.0,0.0,107.5870668559998,108.47027942613539,108.35559840150805,108.50136842699423,98.5142857142857,96.84600000000005,108.19076677610128,107.99163343972332
9,89.8,94.51029992816984,0.0,0.0,94.88840314094641,94.94100971930571,95.2106226076216,94.94100971930571,104.23333333333333,94.10400000000006,93.78854611114562,94.70859177202249
3,108.6,105.50323205746643,0.0,0.0,106.22431636400479,106.40258531492873,106.60888650105782,106.40258531492873,85.73333333333335,94.13400000000003,106.87759834360595,105.49036387916684
5,90.0,93.42747133011702,0.0,0.0,95.0926635294212,94.38786633384883,94.85280924939082,94.43181763882167,80.22857142857141,90.45999999999998,96.80418341246396,95.39059490719254
5,103.8,99.99844423175014,0.0,0.0,100.38042329574535,100.90617341691878,101.03563224294649,100.95781275427392,85.52000000000001,91.26800000000003,101.4613823032435,100.50590302221961
9,97.8,108.11324414303672,0.0,0.0,107.287660112674,107.9741735946443,107.70892919505735,107.9741735946443,108.47999999999999,97.82399999999996,108.79354638231828,108.02548179894667
1,104.2,104.13534105026467,0.0,0.0,105.36243803222658,104.45407035485005,104.71267561838089,104.45820358722408,104.86666666666667,95.42800000000005,106.28806939601562,104.48501702547414
1,96.0,106.88440564634989,0.0,0.0,106.36105960368255,106.45194405280151,106.27457722904965,106.37873868495335,92.47999999999999,94.53600000000002,107.82511214592547,106.94998529835397
5,82.6,102.52834656561932,0.0,0.0,101.40196293278963,101.92024038506204,101.7585738464436,101.87353616812939,103.4,93.22799999999998,102.13679294602574,103.35577221461804
1,62.0,71.63916332615686,0.0,0.0,71.6040655082146,71.90608866813442,71.85925243336352,71.92453951175021,85.3,81.902,72.78567498759234,71.67238587412666
0,65.8,67.19823416483742,0.0,0.0,64.94773999655115,66.39542381311996,66.16951710417925,66.4526073068839,82.92,67.20200000000004,65.58236825864665,66.93500376584268
4,64.4,68.58165755235653,0.0,0.0,67.55276055141698,68.43263060869621,68.20013877802184,68.43263060869621,44.86666666666666,61.995999999999995,67.73184221271585,68.52384104016413
8,61.4,60.504094293958154,0.0,0.0,59.31233963362265,60.106093164794366,59.72688428438157,60.12482906974557,64.2,64.544,58.78074971336945,60.399849019283145
7,70.0,62.2823062090941,0.0,0.0,62.360034825166544,62.27793634721997,62.35871564487222,62.26991034970118,84.06666666666668,72.60000000000001,62.208052902560006,62.35037304064919
7,86.4,94.72106423991072,0.0,0.0,93.69897080354414,93.71731181540399,93.76977967105933,93.85887143621724,96.92,84.65800000000002,94.30358239978473,93.79063930504779
4,72.6,85.28533841086258,0.0,0.0,85.80832681789111,85.63939852253921,85.83547428060506,85.63939852253921,93.73333333333335,76.49199999999999,85.54164697054621,85.33354467709196
6,79.2,85.84584998644956,0.0,0.0,86.79428114441527,86.26195040228538,86.6667888940939,86.313148866244,81.525,75.36200000000001,88.37861467014594,86.48074279183757
9,80.0,74.44264724668437,0.0,0.0,74.1170042954853,74.35645740167078,74.39317228292313,74.35645740167078,69.4,69.69800000000004,73.73307513776136,74.28295047106052
0,73.4,84.94179145184852,0.0,0.0,84.21637255777972,84.89366720677214,84.5595506439981,84.90690314063579,91.66666666666667,91.51400000000001,85.4860282546461,85.45633120274509
9,55.4,72.05981197005286,0.0,0.0,71.79233719827018,72.4995538891728,72.51160020575453,72.4995538891728,81.44,70.50000000000001,72.50135052212447,72.06416313851413
7,58.2,60.551308379160844,0.0,0.0,60.70657467223039,61.08709151613943,61.14819368786952,60.932572235273426,59.33333333333332,70.64800000000001,57.64943320742957,60.07417897874389
7,70.2,73.13661173747619,0.0,0.0,73.82967516799721,73.32362928800327,73.46086125661527,73.27460921371643,69.72,61.558000000000014,72.53738695085082,72.71943368634078
5,81.6,67.72074379411826,0.0,0.0,69.5939358546283,69.88236042454088,70.11386960636193,69.99179965786088,60.760000000000005,60.974,71.44753637155436,69.590002642288
9,73.0,69.74973576065267,0.0,0.0,70.42509592668712,71.29305216140804,71.6128911079541,71.29305216140804,79.92,75.92200000000001,72.06235503572717,70.23996689506231
6,96.0,72.79753546069855,0.0,0.0,71.45582611950056,72.18250817561886,71.60047412971534,72.10044628000183,79.8,67.54799999999997,70.87921143896422,72.33253074345174
2,97.8,74.89220956903672,0.0,0.0,75.54621731807538,75.16700807102153,75.2079567097015,75.13500333384256,63.73333333333333,70.51800000000001,75.6726781100638,74.67004351734668
6,67.6,80.553447525893,0.0,0.0,81.52300025302944,80.2601723126356,80.20987194745946,80.21659351782068,87.62222222222222,75.98599999999999,80.26514084271255,80.33060484057071
7,59.8,74.05157990162834,0.0,0.0,74.72012409430053,74.49839630771945,74.44705809244766,74.43395917463785,65.67999999999999,70.55,74.55430254486812,73.9661230762775
3,63.8,64.91080968215363,0.0,0.0,65.61880301427436,64.90212862066706,65.17247621937663,64.90212862066706,71.36,60.38600000000003,65.50506575049963,64.67204931965877
2,68.4,70.56059233803157,0.0,0.0,70.81374330179953,70.68779968393213,70.71205012935043,70.66283677356633,69.89999999999999,69.72199999999997,70.59447469598231,70.51746571187184
9,72.8,89.38479142470885,0.0,0.0,89.76804744132166,88.8563195820255,88.8241255729187,88.8563195820255,94.16,76.90400000000001,89.44152641393636,89.1737361001625
1,62.6,65.0633503765875,0.0,0.0,65.65212341262378,65.21959539984456,65.38111357086932,65.24420160044303,60.96,64.85599999999998,65.77457244888029,64.96089135996696
5,57.6,60.35752858989557,0.0,0.0,60.16223914432571,61.13407908502903,61.05308673940896,61.17263445966514,66.36,58.41599999999998,62.65091345869847,61.56425279350826
1,57.4,58.908649793651335,0.0,0.0,58.486506191191644,59.91702719101606,60.01841040747445,60.01970944326379,60.42857142857142,67.82600000000001,60.986505698093076,59.46623496712359
3,62.2,61.265227556747035,0.0,0.0,61.63786701398335,62.04047680790882,61.96328773930475,62.04047680790882,67.96000000000001,63.331999999999965,62.76239599709359,61.105177376640114
8,74.4,56.47636280116127,0.0,0.0,57.84717201921257,57.345069539623324,58.06727671620652,57.30246550976259,69.97500000000001,62.492,58.942794544439145,56.72838867403652
7,70.2,68.72668889478899,0.0,0.0,69.06864828939516,68.60272346610273,68.66916261237995,68.61180248348455,55.32000000000001,61.38999999999999,68.55665593844836,68.65901810790898
8,75.4,63.18131890491487,0.0,0.0,64.23562579530468,64.20589048880542,64.94002498690539,64.15671474147575,75.9,65.134,68.3913999770091,63.25254930075544
4,61.8,65.73491835901086,0.0,0.0,65.00433183266131,65.32038680954207,65.1145295461574,65.32038680954207,81.42857142857143,73.03000000000002,64.9763097304562,65.57251475047478
2,60.6,58.66723423551802,0.0,0.0,60.608496268132,59.79360795738721,59.88038697823012,59.68181881701554,62.46666666666667,60.97999999999998,60.79296514404021,58.6247131484735
2,76.4,67.97367761064902,0.0,0.0,66.12609253714687,67.57668888040612,67.39560436683212,67.60152738069098,77.43333333333334,67.12599999999999,67.68780493627514,67.58311400056391
8,92.4,80.5308710304804,0.0,0.0,81.02018687281212,80.79667288814974,81.07825289105767,80.77576294100972,71.0,76.55600000000001,80.7343132183115,80.52374451049263
8,99.2,100.87332614172522,0.0,0.0,102.27965421704516,101.38726137665303,102.1315025169189,101.35502806485628,94.85714285714286,99.74000000000002,104.89687349212147,100.55646170887631
3,87.4,109.53438831943916,0.0,0.0,108.47179567516945,108.48731109303188,108.19762500777337,108.48731109303188,107.7,111.55599999999998,108.95938613278771,109.56678262696254
6,96.2,104.33585533912222,0.0,0.0,104.62536413458658,104.64533079514786,105.05261035240585,104.70022705758035,110.73333333333333,108.51600000000002,105.12583631110314,104.38176521535387
2,89.4,102.88838980500985,0.0,0.0,106.74937944780706,104.2295626017983,104.58911455294964,104.08091288265385,100.83333333333333,104.17800000000005,103.73809706933552,102.92325117592556
6,100.2,94.48851570309874,0.0,0.0,96.58716376517907,95.57649843687906,97.1241948590168,95.77865913455656,95.76,92.612,95.82566897871426,94.5785703902746
6,94.6,92.28479436680027,0.0,0.0,93.93566832431705,91.8458549909549,91.97547034694828,91.7857783889241,91.93333333333334,83.64600000000002,91.38777159217453,91.702340969407
6,71.4,91.25808889544189,0.0,0.0,91.12936671560624,91.68551081671805,91.92567277304545,91.75431499123385,78.80000000000001,83.95199999999998,92.18680947150526,91.27418846757509
2,76.8,80.29098487491814,0.0,0.0,79.3115722242994,80.211083888864,80.1578256061995,80.22077454705202,88.6,77.24,80.58830392738408,80.2409071237714
5,67.8,79.03602974956286,0.0,0.0,77.36944831057961,79.16005857591534,78.90583685310342,79.17071530577532,62.6,79.002,79.18675310424032,78.75260145217683
1,65.6,80.33251509655301,0.0,0.0,80.74347789276194,80.35791541959034,80.41934309165235,80.37299235840928,68.84,72.258,79.95329637299513,80.00868751246935
8,67.4,68.99037492063289,0.0,0.0,69.91627040478875,69.0893240932842,69.48264143803752,69.07662623338027,76.94285714285715,74.66400000000002,68.58156428529256,68.71781648921366
0,66.8,66.98470694436577,0.0,0.0,67.75226242318716,68.26678515072234,68.65613506820829,68.1657209998451,83.56,66.48000000000003,68.40469759209114,68.68025243652168
3,80.2,73.40666427701652,0.0,0.0,73.19557713508749,73.48916557336875,73.4878187123313,73.48916557336875,69.44444444444444,72.46199999999999,72.51478617990298,73.30363366420366
5,99.2,91.29858330391784,0.0,0.0,91.26381863360001,91.63439877039015,91.63560434636992,91.65319935900888,109.86666666666667,99.43400000000001,91.49582875266543,91.9048942404129
6,99.0,101.73900892446841,0.0,0.0,102.72000959514386,101.99242602056479,102.33326994658157,102.02161688352251,113.30000000000001,105.558,102.99980347431946,101.97401500272441
3,98.6,105.91091741949725,0.0,0.0,106.57884642059088,106.47548658217168,106.5717972389171,106.47548658217168,108.62222222222222,105.41799999999999,107.61947553417697,105.92644394345358
7,109.2,110.96661962183313,0.0,0.0,109.95635629766207,110.3351191358907,110.20471795987706,110.43600480633614,91.55999999999999,111.98999999999998,111.50376855657323,111.12223341287356
1,135.6,109.60326899618715,0.0,0.0,108.89573710487936,108.89605741919546,108.68687272369448,108.81071676487099,130.08,124.76399999999995,109.23406509424876,109.82686005838357
3,124.8,107.90198816423525,0.0,0.0,108.20994795538374,106.59663421402718,106.57203792621837,106.59663421402718,117.86666666666667,112.53199999999994,108.46061899501518,107.96271030298769
3,40.2,98.77355670410218,0.0,0.0,96.88978506108947,97.54391171065026,97.02168358550692,97.54391171065026,103.49999999999999,86.39999999999998,96.39736695951693,98.61143995281515
4,39.4,61.53639088135404,0.0,0.0,60.94432375706476,61.67331888176413,61.677313950095765,61.67331888176413,65.11428571428571,63.516000000000034,61.24839440908226,61.38230202574883
2,74.8,59.73362336996071,0.0,0.0,62.386957067245916,60.3099490296449,60.528360108288055,60.22793536052442,69.0,73.88599999999998,58.69814902292561,59.758026462437826
0,90.2,92.68046513335614,0.0,0.0,93.76918902121218,93.6589040522238,93.9540999287083,93.57783833699592,107.85,106.656,93.2533698929973,93.38451821235844
8,112.0,105.6305894789421,0.0,0.0,105.60852191677664,105.70028478929208,105.80131763006466,105.70431875079278,109.925,115.70600000000005,107.3501307589208,105.85588607822334
4,77.2,92.35732341546893,0.0,0.0,93.55859340386085,92.53929090810159,92.80518028963259,92.53929090810159,85.625,86.00599999999999,93.66692491934745,92.58433355891546
5,67.0,78.33848286201666,0.0,0.0,79.08306022865276,78.3280726163384,78.37334276518584,78.31654066734765,85.6,70.166,78.14066083875696,79.04939012938263
9,74.6,80.15592669213163,0.0,0.0,80.96568667588134,81.01558925736853,81.21078465828552,81.01558925736853,60.0,73.82200000000002,82.24972804717635,80.40592027121293
1,37.4,72.359553305601,0.0,0.0,72.72817844313654,72.95070949856613,73.07668088225302,73.01899476499364,66.62857142857142,70.74400000000001,72.65851438817828,72.2019352444754
8,88.8,73.17588520221501,0.0,0.0,70.35568502822039,72.8926028331879,72.38668706293426,72.9047571109971,107.0,106.02000000000002,71.00780494984943,73.1382466625206
0,71.2,85.4861939495525,0.0,0.0,87.59822460625908,86.97240782034912,87.21038221373487,86.84208429489615,108.25000000000001,84.06200000000004,86.36577249403645,86.32841261552785
7,49.8,72.70118470436628,0.0,0.0,72.62703928918874,72.61136598970394,72.58179219181353,72.56944637866464,78.46666666666665,65.47999999999999,71.62702596017748,71.88754908837704
5,87.4,78.24824272287046,0.0,0.0,78.1100438508939,78.90256390444158,78.8248245674721,78.94793116432706,87.63333333333333,83.01199999999999,79.88045082579994,78.49979238182272
9,82.6,82.80622333608983,0.0,0.0,83.3200875728158,83.77074403407484,83.99015020153556,83.77074403407484,109.15555555555557,99.98200000000006,84.15027179268247,82.86889143986808
4,114.6,100.8422230709131,0.0,0.0,100.12091662985534,100.69550332379487,100.53164169208445,100.69550332379487,127.35999999999999,103.70999999999997,99.93663342259808,100.77958399680637
9,121.8,115.37125738387991,0.0,0.0,115.10974874333188,115.28873622073522,115.13811392058315,115.28873622073522,130.68571428571428,132.304,115.2779046339841,115.38886607360061
2,142.8,107.75666204792132,0.0,0.0,108.89721251343886,105.46421769045017,105.7443125825816,105.65067339097695,143.13333333333333,127.07400000000007,104.45473215137008,107.41059742959263
1,95.4,98.8476623255402,0.0,0.0,100.19310646253923,99.24674462995013,99.56107174150894,99.28734386388447,77.57777777777778,91.38600000000001,99.05250804232442,98.50081522562402
6,131.8,99.81599767064091,0.0,0.0,99.67215118876867,99.90916434959193,99.91429005004697,99.93144705583137,128.86666666666667,105.76800000000001,99.03110210410827,99.24211375324884
1,84.0,113.45625479985719,0.0,0.0,113.50210467751609,113.47656929268905,113.45788580814005,113.46921314992888,87.48,112.08199999999995,113.80618326687834,113.72351513907302
3,102.6,98.32186911428914,0.0,0.0,98.89841749724093,98.78782933982075,98.89025107751058,98.78782933982075,98.7,113.68,99.16408501752503,98.29654181433204
4,134.4,105.42824396403776,0.0,0.0,104.70841948031074,104.8067485192093,104.53650599920043,104.8067485192093,124.625,119.31199999999998,103.69541510397778,105.49261489907245
2,119.4,117.82680240547582,0.0,0.0,117.5288879772956,117.18191679628278,117.30393973082828,117.27691920426008,135.23999999999998,133.142,116.67929094203204,118.8006539457676
9,87.6,92.52484918330421,0.0,0.0,92.60437381276813,92.58239651080477,92.56070802326123,92.58239651080477,86.28,79.51799999999999,92.26370279400687,92.56268537234163
4,108.0,96.44854978533802,0.0,0.0,96.13602722299942,96.69706484146855,96.75529990512925,96.69706484146855,95.89999999999999,104.26200000000003,96.04599807136897,96.17567920653416
9,114.0,93.91713886121214,0.0,0.0,95.3373205470101,93.67995228492843,94.23312732622065,93.67995228492843,130.73333333333332,120.49599999999997,92.93779531829193,94.62637602963017
8,113.8,114.0696595767993,0.0,0.0,114.17256978244036,114.27456689231836,114.37975072054645,114.27001796299024,144.64000000000001,135.58599999999993,115.53406907187039,114.07845903183238
8,83.0,103.46506875624016,0.0,0.0,104.96348963505484,104.26913603416799,105.0793085437179,104.22573061787723,120.525,115.21999999999993,107.8374485208048,103.45183097521817
8,122.0,96.10005944098614,0.0,0.0,96.4931833884818,96.52406740335216,96.88292225526827,96.50087793813971,113.23333333333335,117.01600000000003,98.11384749754754,96.1339281632797
6,89.8,101.45659500938991,0.0,0.0,102.5682110776869,102.11361715353323,102.66300198406441,102.21407260982771,107.5,96.67399999999994,102.91363910421374,101.54104740297075
8,92.8,87.9266635140657,0.0,0.0,86.89249075121666,87.33825872286455,86.89169603205293,87.36552176805762,125.71428571428571,106.60799999999999,87.18660904619023,87.69275868879443
0,61.6,74.10533774132276,0.0,0.0,75.8890655748242,75.54482141885782,75.8517572746654,75.42277847778318,51.6,69.704,75.5145029383915,75.0583829953843
9,74.6,77.48122010621488,0.0,0.0,76.92451023197279,77.05146044747175,76.88626494072899,77.05146044747175,74.93333333333334,72.05,77.38091656848108,77.63199745802163
8,55.8,66.66749355056379,0.0,0.0,67.58669418074146,67.78302075813617,68.73346409617608,67.72402600298257,91.08,71.42999999999996,71.18698357025787,66.86202443055576
8,59.6,59.13009216949931,0.0,0.0,60.51912671416159,60.25022395780625,61.21446273691656,60.18794256652211,64.2,63.25199999999998,62.73197560961803,59.10306296980737
3,56.4,65.73299080861179,0.0,0.0,66.56192739216452,65.62959692511912,65.84791694848013,65.62959692511912,74.64,68.88200000000002,65.01631952622088,65.79727095627786
4,44.8,56.268839345077254,0.0,0.0,57.04530710216328,56.80601129523117,57.228022285624334,56.80601129523117,65.87500000000001,58.963999999999984,56.06390825031053,56.29639220966314
4,70.6,67.91550953318665,0.0,0.0,66.52286246140463,67.8298868104622,67.5724514174855,67.8298868104622,74.96000000000001,71.32999999999998,67.06973755954114,67.8883146733155
0,62.2,74.01647110922691,0.0,0.0,75.26988010234847,74.18436027703677,74.37856206245571,74.14798347109341,74.28571428571429,72.322,73.45104030406463,73.67310467791043
4,62.6,86.2964773144308,0.0,0.0,85.31800975924502,86.23622356499493,86.02307610562426,86.23622356499493,76.73333333333333,76.054,85.08110160227487,86.2628515715478
4,65.8,78.78459518779826,0.0,0.0,78.1540133530859,78.3607283504731,78.0686272749756,78.3607283504731,73.93333333333334,67.39,78.09434382070962,78.80657378145
5,52.0,55.68660567189625,0.0,0.0,57.73181039779938,57.08067912566398,57.44187176711083,57.16850493983715,60.239999999999995,59.942000000000014,57.738774189690254,56.201729788039884
9,57.0,64.28914621058846,0.0,0.0,64.24888975655668,64.03364027896336,64.04163033876868,64.03364027896336,42.57142857142857,59.510000000000026,63.936922564008256,64.25505474639544
5,69.0,77.03947218322409,0.0,0.0,77.80159764831372,77.41680623062281,77.54902879843294,77.43807177666856,66.73333333333333,67.58799999999998,76.7005795794133,76.8065817165257
9,61.0,76.30462535863055,0.0,0.0,76.54660191460874,75.98490500861062,75.93056093418983,75.98490500861062,64.77777777777779,66.79599999999999,77.52244391457356,76.75674854699008
2,61.0,74.95928712878927,0.0,0.0,72.34812216898668,74.0072651040256,73.76959082996635,74.08909889028631,74.0,64.38399999999997,73.1169251414497,74.85008467997332
8,60.2,73.75342142329248,0.0,0.0,72.2778537457953,73.2256747925493,72.53076197093301,73.25403778084501,75.92,64.02000000000002,70.22066045860628,73.83990162724794
0,83.8,93.03821835811418,0.0,0.0,93.43352960060872,93.75106326633816,93.94643025487278,93.66107057123935,91.56,81.72999999999999,92.62462797341288,92.87251780707436
6,90.4,96.73855228289753,0.0,0.0,94.60007017557263,95.98291459723609,94.74542618413751,95.8413596583991,100.0,91.60600000000001,95.9300275630623,96.70289772582072
0,60.8,74.58755039667818,0.0,0.0,76.29665464598128,75.4104775825401,75.89072749807875,75.3361966279643,90.45,76.32600000000001,74.9064582872985,74.9329641857587
1,62.6,77.75881253772471,0.0,0.0,77.00759282974786,77.50001567707245,77.30608067210036,77.47781354105099,71.5142857142857,71.152,77.02890370974947,77.68054809862176
0,74.0,79.9878617175682,0.0,0.0,79.28342377946909,79.00039601092445,78.92468510702265,79.06823252410594,80.2,76.942,78.97452149900421,78.91258437712612
1,82.0,95.18671661350488,0.0,0.0,94.18619976932837,94.60275321736056,94.25505549680301,94.52385423650072,74.03333333333332,81.37200000000003,95.22945676586191,95.25868932649176
4,98.4,97.26533429362988,0.0,0.0,96.70232913125518,96.35334356981393,95.83679800539007,96.35334356981393,111.88571428571429,94.37799999999997,96.62067113124297,97.44353617304033
2,115.4,119.7272298554784,0.0,0.0,115.53742870410531,118.48895688909735,118.11814338261439,118.61883347082538,96.05000000000001,107.64399999999992,118.13291302685127,119.55448197997072
1,111.4,125.32186203088968,0.0,0.0,124.12677723045658,124.58240027978107,124.19676231376638,124.49045782588104,133.84444444444446,132.21199999999993,124.87333453639431,125.31025538984605
8,129.0,125.1277116693604,0.0,0.0,124.34006199139105,124.48136197970359,123.79198687239463,124.51915843440443,122.97500000000001,126.462,122.78298471179822,125.15027735245974
9,118.6,124.02611960583828,0.0,0.0,123.2002478394968,123.70536165702669,123.59659970279826,123.70536165702669,118.48571428571428,121.92199999999998,122.89007201970398,124.01100132073933
0,106.6,113.57557947463981,0.0,0.0,113.71459011944972,113.15808938557525,113.21791743466154,113.22674354185258,94.16666666666667,111.448,113.98429297255025,113.89208841700108
4,111.6,97.85774672456806,0.0,0.0,97.09453616043304,97.13580938499986,96.72896799305005,97.13580938499986,115.73333333333333,89.59800000000003,95.18083802355764,97.70156763581498
6,128.2,118.81386357530398,0.0,0.0,117.9120691120564,118.33155264912276,117.63362044774968,118.23219779056825,117.28,111.55,118.46679914444636,118.87540398621633
6,121.6,130.87305919668006,0.0,0.0,130.2704386667617,130.29112964937923,129.46898559712108,130.16239476868412,119.96,123.73000000000002,130.5486377867182,130.97373293470253
6,118.6,127.5257034865074,0.0,0.0,125.99046189797426,127.23679140199368,126.40427166710606,127.15487666534219,117.28,122.06800000000004,127.44687106320549,127.7267170634787
7,122.4,124.65688714924676,0.0,0.0,123.66787964698491,123.72119073173812,123.79347990433736,123.87497963314173,106.7142857142857,115.39399999999998,123.67154730077814,124.53461507279675
9,139.8,115.9532597214716,0.0,0.0,113.6392569351313,113.63130022459426,112.88482842537653,113.63130022459426,91.72,97.35000000000002,111.58139711216452,115.65626652584537
9,132.0,114.8764936755799,0.0,0.0,114.72379123831831,114.99641742451118,114.88615639405116,114.99641742451118,122.82499999999999,96.90800000000002,115.37909699248712,114.86681616683975
7,140.8,124.47813388601224,0.0,0.0,123.53420094678606,121.68647001546424,122.0865304417762,122.05077930105173,122.56666666666666,120.54399999999995,120.78862305796025,122.74514126252313
9,121.8,131.31696539512825,0.0,0.0,130.3626892210287,129.57200751489592,129.16147636882832,129.57200751489592,111.125,123.21799999999996,129.01255223223552,131.11828969525956
6,86.4,75.06726802557483,0.0,0.0,75.39616508155638,74.59903528695767,74.42224123473392,74.52562348827723,92.19999999999999,89.70200000000001,73.7187170254256,74.74103803209826
7,85.2,75.07753086716231,0.0,0.0,75.58421353660322,74.63133871725944,74.80136083585401,74.70349228098792,87.60000000000001,88.53399999999998,74.73828116716439,74.87398561957826
4,89.0,77.49489989262514,0.0,0.0,77.37467362572363,77.08082077771445,76.86989631890316,77.08082077771445,88.26666666666667,88.52000000000005,76.50368371360929,77.43786292915541
3,89.4,79.16149836230647,0.0,0.0,79.7182210787714,78.27557717898321,78.41835841736176,78.27557717898321,84.52000000000001,85.80200000000002,78.82435475403918,78.99398107296972
3,89.4,90.45537341372493,0.0,0.0,89.4615196154658,89.78045547974129,89.55718996844995,89.78045547974129,98.72,91.27,90.00263735457531,90.5237101388917
9,89.8,76.8335609334965,0.0,0.0,76.06409162208524,77.26131833742492,77.07025662232306,77.26131833742492,89.0,87.88599999999997,77.32954199406137,77.00008390159269
5,59.8,66.62187777478567,0.0,0.0,66.19714081481865,66.93364649836026,66.87610555966276,66.94712652788574,91.65714285714284,78.34999999999997,68.39913274775054,66.82446859840034
5,72.4,58.761331875111374,0.0,0.0,57.0591800765508,57.809919538272865,57.53286343541119,57.77567182210209,62.08571428571429,66.788,56.6856234324876,57.18859947005333
3,85.0,69.35422308469104,0.0,0.0,68.49832774843763,69.01813627337245,68.8716199129959,69.01813627337245,64.16,77.65400000000001,69.64862809036744,69.16118454148469
9,86.4,69.5356906908778,0.0,0.0,68.14458285163037,68.95439051878395,68.59759279217236,68.95439051878395,94.04,78.61000000000001,68.28796245080039,69.30127127735136
3,80.2,74.51218128224801,0.0,0.0,73.76127040395997,74.58031046609585,74.3361265503303,74.58031046609585,94.56666666666666,79.714,74.71853239569094,74.43716191931274
2,75.8,64.0100016263725,0.0,0.0,63.49408571543283,63.991014812207794,64.10151581009903,63.993475913803664,74.225,84.09400000000001,63.89633038900881,64.18415319600871
3,91.2,67.62114450168512,0.0,0.0,67.75486716948554,67.4430216187959,67.43328969107922,67.4430216187959,68.47500000000001,67.92799999999998,67.44464178901893,67.48712698464422
7,90.8,78.1590095704185,0.0,0.0,77.84822957569378,78.03587679116437,77.99930071641968,78.08156977934844,82.37499999999999,80.22999999999998,78.36860746757274,78.26648067524073
1,94.2,76.43796735496454,0.0,0.0,76.66015460928307,76.3345819407246,76.33835633245181,76.31247495946586,79.95,84.03,77.23252953697295,76.50725532802572
7,80.4,91.39734428213336,0.0,0.0,91.5473867942795,91.36942792855028,91.36412592417729,91.3971742450172,92.35999999999999,91.89200000000002,91.98145523859179,91.69296615046454
9,68.2,89.88737350024147,0.0,0.0,88.3408755888603,88.84021529033038,88.34520078613741,88.84021529033038,81.08000000000001,86.28199999999998,89.71709671068825,89.86203957265037
5,71.0,63.98978073811516,0.0,0.0,63.09865893774263,65.00687625424035,64.87163052505335,65.04920692946187,64.025,70.32199999999996,66.94691484948822,65.51805122243772
6,86.2,63.61886023929168,0.0,0.0,64.10163894366723,63.81850355066683,63.93905966394548,63.8380878460612,67.51111111111112,66.67799999999997,64.78780302872372,64.01392542877491
6,94.8,63.242548178471765,0.0,0.0,65.2776912402951,63.71068441026165,64.6230681358436,63.792324213379956,71.84,76.68600000000002,63.86199005190045,63.469571347860494
3,86.8,79.65520463444831,0.0,0.0,78.99133160910567,79.81023536686104,79.53427904903457,79.81023536686104,94.56666666666666,81.86800000000002,81.39456240928595,79.50773080248796
7,85.6,78.77907106790008,0.0,0.0,79.40187600288407,78.3587383487918,78.41405753001523,78.41019014928223,83.46666666666665,86.52599999999998,78.80185829042372,78.49020362704279
0,84.6,85.37935992778802,0.0,0.0,84.00421551172714,84.80452052487853,84.43241264596736,84.87426050178199,83.6,85.668,85.76960449986011,85.43931231695743
7,79.4,68.79779133085805,0.0,0.0,69.49998226625553,68.6445552460552,68.83801283066543,68.64185274916358,47.92,69.44200000000002,67.91131508644892,68.07175348393339
7,84.0,71.01333075557017,0.0,0.0,72.15402206402486,71.94795612024716,71.99792805022425,71.8148166539495,80.68,73.75400000000003,71.55326790655073,71.12328127880865
2,106.6,88.44308309104034,0.0,0.0,88.28776253758733,88.79177082278842,88.6812594109629,88.74674133319233,81.88,87.75400000000002,87.59045277774028,88.1921096580376
6,96.0,94.71539635176168,0.0,0.0,95.89818211004625,95.29225073120732,95.59980130877899,95.35796136942784,73.93333333333332,90.61399999999998,97.49908341118112,95.00185903118359
2,74.2,74.74223801826761,0.0,0.0,75.18967151271475,74.64822269342433,74.67344928951147,74.66372685879591,85.8,83.624,75.32148544412055,74.67115472117327
3,105.0,78.8150301328557,0.0,0.0,78.710589782906,78.92133408997036,78.88048875328336,78.92133408997036,83.35999999999999,80.83599999999998,78.40892999125649,78.70293603716075
9,115.4,106.37666057092753,0.0,0.0,105.26700950669613,105.21386843131461,104.7810575086842,105.21386843131461,102.89999999999999,106.39599999999997,105.72382728435309,106.38832223546623
3,106.4,98.00731648270565,0.0,0.0,97.30977525900177,96.88606927470357,96.74972158868346,96.88606927470357,102.2,94.42600000000002,95.78915298543055,98.22776601138987
2,109.8,111.69785202055158,0.0,0.0,108.35970066802703,111.00434055006343,110.78525730749176,111.09800124122309,116.6,115.25599999999999,112.25393937872377,111.91773833393759
2,121.8,110.17794716287352,0.0,0.0,110.2166924536721,110.58505424126095,110.61897359763145,110.56476717609374,112.325,120.37599999999999,112.22465072656374,110.49033729363663
0,115.4,112.8030086076881,0.0,0.0,112.58466083193315,112.43071678283435,112.33798326575163,112.50119682763008,119.9142857142857,116.47999999999998,113.22164770077694,112.81505187999372
2,108.8,107.0066867516231,0.0,0.0,105.37477841919394,105.5706386258904,105.54762037526181,105.70176495140785,133.04000000000002,119.98199999999997,104.45082200285376,106.76789505622168
3,120.0,106.19932698339093,0.0,0.0,105.83125925146999,106.06864074086931,105.94557235247498,106.06864074086931,125.91428571428571,102.476,106.970986493323,106.08537254255859
3,133.8,116.38663057646002,0.0,0.0,115.56344506802274,115.7026493935168,115.55471495142811,115.7026493935168,117.86666666666667,115.07600000000002,115.03298358467534,116.31286736028488
6,144.4,129.9227573633965,0.0,0.0,129.5222450505296,129.515259643213,128.8119823358915,129.42979909766032,131.275,122.12999999999997,129.93871805637679,129.70555345318584
3,142.8,134.7466500378817,0.0,0.0,132.83531582824492,133.3853394381701,132.83863638672497,133.3853394381701,125.91428571428571,118.98600000000005,133.0404827547713,134.53072996608287
6,116.2,132.70671876404364,0.0,0.0,132.84825212931293,132.57045621073,132.2630375366553,132.5287760269964,132.6,131.582,133.7357636645897,132.9077111145376
1,136.6,119.8640662593845,0.0,0.0,120.43493528012257,119.77375082310203,119.93565993792629,119.7541399259381,122.12,120.97200000000002,120.78297421172387,120.20663560450014
3,145.8,120.52055405529354,0.0,0.0,120.46875252334783,120.03701162377973,119.89132567997174,120.03701162377973,98.0,111.74400000000003,120.28917497729711,120.42579620875071
7,117.6,131.10678143168948,0.0,0.0,129.89996057763554,129.54707927863052,129.44902360722895,129.79371967931854,113.8,120.22599999999993,130.88602833775593,131.24586207330992
7,96.8,103.99229099724485,0.0,0.0,104.75577060130777,104.70862211346157,104.76726010035905,104.61885829241527,106.7142857142857,101.766,104.19862180540996,104.16264866872257
6,107.0,94.83953688890281,0.0,0.0,94.91319959535781,94.87900506185258,94.90896755080351,94.8868892419099,100.96666666666668,94.92200000000001,94.85659697517758,94.82840024598906
5,92.8,87.30256269166094,0.0,0.0,88.18591459644415,87.64448294983019,87.8127386252991,87.66231214389039,90.43333333333334,92.60799999999999,87.43331920274211,87.40480887944831
0,80.8,84.45213253389265,0.0,0.0,83.75413781553449,83.61662745728046,83.41420189625836,83.72016678114551,83.6,80.91600000000003,84.9600237902555,85.03507383924656
2,81.4,76.95888338728834,0.0,0.0,75.61531130983752,75.917414948769,75.81877760611026,76.01738748174836,94.62857142857142,78.11799999999998,75.40419120929545,76.86819038404143
5,80.0,77.96405866223076,0.0,0.0,76.78620243701002,77.84492541635545,77.56160761430625,77.847704887864,78.34285714285714,80.13999999999999,76.81812102872834,77.21846997103776
4,86.8,81.44870393405994,0.0,0.0,80.21680995153535,80.62485460271361,80.08216809938381,80.62485460271361,92.52000000000001,81.13799999999998,79.91287665156601,81.40603477334126
3,92.2,80.15169659259064,0.0,0.0,80.26248555634531,80.70349767931529,80.6085723748971,80.70349767931529,94.17142857142858,84.59400000000001,81.88773562422425,80.40360130458006
1,85.0,83.70358188943459,0.0,0.0,83.20694874131891,83.60994543439519,83.53906584072398,83.58935970146482,85.3,74.31000000000003,84.3983183722851,84.12162044900134
9,87.2,83.44738550200859,0.0,0.0,83.31903874438296,83.26001598408166,83.16571731989742,83.26001598408166,86.54285714285713,85.46600000000001,83.65184033254191,83.43384188078413
0,60.4,74.76179102496678,0.0,0.0,77.96958349468794,76.32151677579526,76.83891942540734,76.17781777832874,51.6,75.806,75.77146188519009,76.31034604365807
2,88.6,64.4888546602205,0.0,0.0,66.1183244490807,64.87203545675293,65.02639472154362,64.81858993013321,59.64,66.742,63.99528537235132,64.55876431777827
2,95.4,78.09231472752114,0.0,0.0,78.83005117276929,78.36649380112334,78.36246704475249,78.33153235361543,72.56666666666666,74.31200000000001,77.76867805795297,77.76622694040462
3,101.4,95.077996672882,0.0,0.0,95.83105553599617,95.22477977193321,95.3486677906045,95.22477977193321,114.83333333333331,98.36600000000006,96.06060701037076,95.1907014324392
2,79.6,86.99762590195127,0.0,0.0,86.46130792713164,86.60303304763698,86.6159619475526,86.63322481178972,88.06666666666666,81.30200000000004,85.94609809666144,86.86697062533682
0,99.0,74.1809184386633,0.0,0.0,76.884241086101,75.30386082220053,75.7755494019523,75.20778788290924,69.6,73.47000000000001,74.83566621885345,74.92465864310216
0,84.6,84.12791651225982,0.0,0.0,84.29871798389196,84.00150847169996,84.05609023461811,84.03593027279508,91.82857142857142,87.37800000000001,84.99355611586917,84.43400616354458
1,79.8,73.50909233091002,0.0,0.0,74.21666707882127,73.66841667022587,73.8281124380113,73.68103836609171,91.88888888888889,72.458,74.06960770454961,73.84584463929777
8,63.0,70.53866041228352,0.0,0.0,70.68237162413782,69.68837465235542,69.29699099129036,69.72671548550728,47.64,66.48399999999998,67.45743969910475,70.21612399239632
7,69.2,67.91499494179857,0.0,0.0,68.74551863186925,68.79948403894258,68.70880938418297,68.65517799773694,62.919999999999995,66.43400000000003,67.88200909506881,67.93522459076289
2,66.2,59.10876320872712,0.0,0.0,61.58772469027885,59.951405757274415,60.08996018707141,59.86774579578463,80.8,75.73000000000003,60.37535540864352,59.18366942892495
8,67.4,66.41036117893083,0.0,0.0,66.72456732774523,66.49617298509028,66.65648981747245,66.4933735449827,69.97500000000001,61.04,66.84999885800227,66.63902644964477
8,67.4,62.957142713154994,0.0,0.0,64.09551320226211,63.89862618623363,64.63034070251953,63.85233766193571,55.45714285714286,61.67000000000001,68.28055543177852,62.88256770302172
5,70.2,63.14312227192,0.0,0.0,64.52674812955816,63.39929565269307,63.67182907924015,63.41996216198574,71.80000000000001,62.66599999999998,62.44590249709434,62.92532016086373
2,85.8,64.70033301351978,0.0,0.0,65.06439767425104,65.11617157798909,65.18456567940066,65.07045196301722,66.88,71.13800000000003,65.12415408930416,64.7067355056677
4,84.6,88.21124737851105,0.0,0.0,88.97666292898684,88.47107202340943,88.69467946924426,88.47107202340943,76.03999999999999,87.87199999999996,88.38882300691367,88.15449380689462
8,104.0,87.8661875854307,0.0,0.0,86.62032321767298,87.55271941846222,87.22935153588497,87.57420630508736,96.425,91.11600000000003,88.09186665743668,88.0781555613051
4,91.4,95.15130944777502,0.0,0.0,96.56283789139592,95.80139276132101,96.34453703339204,95.80139276132101,85.625,90.096,96.68843971920582,95.1102941292911
0,115.2,100.46904814503056,0.0,0.0,100.22208502455798,100.55587315680663,100.48758582533014,100.57655297356857,121.04444444444445,115.91400000000002,101.93517142992602,101.75171808737417
0,151.2,114.8404164222523,0.0,0.0,113.87841896831976,113.88626159692932,113.79782063940428,113.9989373930673,130.53333333333336,128.50199999999998,114.91486813656526,115.25551701950808
8,106.8,104.60064810221753,0.0,0.0,106.84665870131563,104.92267546941568,105.63712014650818,104.90765126175462,68.2,86.74599999999998,109.41855114486158,104.68399870799955
4,85.6,93.51528292397461,0.0,0.0,93.47280679579097,93.39269313566922,93.2968881697749,93.39269313566922,70.16666666666667,81.88600000000001,93.26289125669312,93.54465256515505
3,92.6,90.52387964393829,0.0,0.0,90.2830688229645,90.60736858283671,90.432859224559,90.60736858283671,77.24000000000001,89.10399999999998,91.58066044796875,90.50396206041079
1,88.4,96.41029254565282,0.0,0.0,96.5246830747376,96.56877289429958,96.56372831953267,96.59073426022373,113.52000000000001,85.752,95.82062103629815,96.29714060632527
3,72.6,82.46295993419017,0.0,0.0,82.9142149462078,82.88520197985459,82.93909761487772,82.88520197985459,77.02857142857144,79.652,82.07193852438137,82.39757775992562
1,69.2,73.31538976785941,0.0,0.0,73.73738001564234,73.60293131603697,73.71593361758237,73.62373856899526,83.52000000000001,69.01799999999999,74.61491145317423,73.65752556342125
5,65.8,61.66808695317502,0.0,0.0,61.54660847196702,62.653795838237144,62.47446816738419,62.70157924451984,64.025,63.43799999999998,63.2824405154789,62.996972719250564
5,68.4,73.48414811400443,0.0,0.0,73.40587122558544,74.27312762819788,74.16531440403291,74.30959086305485,79.73333333333333,69.66,75.33452397105046,74.67097884593412
6,58.4,66.67418197569356,0.0,0.0,66.47853727476024,66.77382739901914,66.83813658447121,66.7950309914101,55.05714285714286,64.31999999999996,66.93347333490827,66.599573036427
3,40.2,62.64987993532186,0.0,0.0,62.88822918804703,62.71943978229221,62.80048918386772,62.71943978229221,50.6,56.824,62.061411266225846,62.70034209851012
5,83.8,57.19359386991366,0.0,0.0,58.83990524946505,58.361307051793375,58.65128601604327,58.42751735605726,44.325,54.84000000000002,57.94611575376791,58.100353629387676
1,66.8,72.0265879098501,0.0,0.0,72.3476941711113,72.2925966115095,72.40776408360925,72.33976919289472,72.28,68.004,71.15693773140194,71.709045020974
8,89.4,69.65605424293469,0.0,0.0,68.72295894825983,69.7762394705536,69.84483536829333,69.76440819916638,75.92,72.42800000000003,68.7503150680402,69.49628186139384
0,81.6,79.23270537834793,0.0,0.0,80.29187813331173,79.31278157273647,79.53696520840833,79.30538952084211,100.35999999999999,82.72600000000004,79.54704362119274,79.11529199778579
4,58.6,75.22543892439111,0.0,0.0,75.5256398059667,75.18018236294783,75.22905926347214,75.18018236294783,75.33333333333333,69.56599999999999,75.43094489989346,75.1001094607579
1,42.8,60.49545608474285,0.0,0.0,61.423220598301256,61.27655534347036,61.606285257361996,61.369255604732054,63.6857142857143,57.211999999999996,61.072211857710116,60.554443206577425
1,79.0,54.58009098521131,0.0,0.0,54.627965248594315,55.03967692655961,55.154326633536954,55.1099496003151,78.52000000000001,68.78800000000001,53.86575114529592,54.50026381488043
2,73.6,77.79306456138497,0.0,0.0,79.82822964007923,78.20564267976906,78.3104432513359,78.15709955937432,67.35999999999999,76.23,77.98804073245302,77.79318254039973
0,56.4,71.37243185072812,0.0,0.0,71.2113197787815,71.15524153948012,71.10810685540693,71.1768800199986,54.23333333333333,65.62399999999997,71.53777074626771,71.34890675021215
9,65.8,59.33195554385806,0.0,0.0,59.91395907282954,60.04416998142585,60.274334386626336,60.04416998142585,64.97142857142856,58.25400000000001,59.401046017891574,59.200126493117814
7,79.0,69.74780465469871,0.0,0.0,69.67542256498504,69.86755070274423,69.8952918340252,69.83715086930654,66.86666666666666,67.32800000000002,69.28136491904688,68.97771187286709
3,37.0,70.59928160036338,0.0,0.0,71.55841933501634,70.65544382529649,70.90513688562939,70.65544382529649,68.03999999999999,70.214,70.74869410767698,70.59567538173398
9,65.4,59.97191519500761,0.0,0.0,60.057268843120525,60.422626256067495,60.53034770093941,60.422626256067495,70.0,71.032,59.95919652762329,59.94441218788643
8,67.2,74.6205049898115,0.0,0.0,75.82500746791779,75.00182421574732,75.38197120629364,74.97963314150036,70.03999999999999,70.25000000000001,74.85291011927833,74.80398774995156
6,57.0,66.7495826306337,0.0,0.0,66.58963876714223,67.02905669943473,67.12300119159619,67.06681925842506,59.93333333333334,64.89399999999996,67.8511885408472,67.07356656413828
6,50.4,60.004689129624914,0.0,0.0,60.73580597881403,60.27321866032065,60.73703682940188,60.33953445560296,64.96,58.75000000000001,60.67578864120182,59.763432941955486
7,78.0,64.37729338783546,0.0,0.0,64.01448233688136,64.32844368158757,64.27694568292108,64.3131700766028,59.33333333333332,67.51799999999997,64.27033246808146,64.37157281637192
3,64.0,75.62662530732091,0.0,0.0,76.49544250402813,76.1762828566515,76.29205089879609,76.1762828566515,56.57777777777777,67.53,77.04063359717844,75.56016150577427
4,91.6,84.78728142639137,0.0,0.0,83.93415473728464,84.3664889804124,84.0826677319299,84.3664889804124,113.75999999999999,100.752,84.66155781428887,84.84370976817411
3,72.8,99.37477898835479,0.0,0.0,97.96560051421724,98.54948532317604,98.17640078367009,98.54948532317604,82.97777777777777,89.27799999999999,98.3072940418347,99.36577491075445
0,76.4,76.5932347797168,0.0,0.0,76.64022842216423,77.61504939148304,77.58647267170402,77.51976962548521,71.96000000000001,73.19800000000001,77.25390040416977,77.45975339146538
4,76.2,79.25296614795842,0.0,0.0,78.75539426303418,78.77386899799126,78.473636051307,78.77386899799126,85.33333333333333,64.61999999999998,79.12561782126431,79.53342190722469
0,55.2,66.67594047843212,0.0,0.0,68.04679484727981,67.27399691375547,67.5549577337664,67.21663373667349,46.96,62.80199999999999,66.86607339883946,66.12335072216437
1,79.2,78.94421718172785,0.0,0.0,78.84356451420625,79.13835278225345,79.18470690115369,79.16876700674072,69.67999999999999,77.58399999999999,79.24496979733725,79.03104396180869
0,110.0,91.28597545114164,0.0,0.0,90.70970173194264,91.07343402155159,91.12406065046812,91.0907277579078,100.02222222222223,88.91400000000002,91.5174405125558,91.18495071896885
5,121.6,95.82140350147854,0.0,0.0,95.83308648052136,95.78102581766854,95.73158370431486,95.76608310686176,93.3,91.55599999999998,97.84792254219286,97.00979509156409
2,69.4,91.51561991040671,0.0,0.0,92.7785408509423,91.7246665604535,91.75848834411762,91.71391577458243,78.10000000000001,81.70799999999997,92.59577577312389,91.68020476359783
7,49.0,63.67693186435059,0.0,0.0,64.47374940260381,65.0259488690511,64.9285851686822,64.85416935281891,58.325,64.71199999999997,64.14671126385939,63.97522908911835
9,59.0,52.47017180818113,0.0,0.0,53.99680686830219,53.760746076589236,54.202829594185346,53.760746076589236,58.47500000000001,55.402,54.19694679847453,52.586460779213546
3,56.2,66.78637270719574,0.0,0.0,67.15773089041315,67.18543272092136,67.21127293981407,67.18543272092136,67.96000000000001,64.20200000000001,66.33331231865412,66.75845326807477
6,57.2,71.01772569119632,0.0,0.0,71.35230692955199,71.10110079811336,71.3546948642697,71.12596651727085,67.0,70.01599999999999,71.01559164950332,70.90708376172562
2,68.8,72.3034671024605,0.0,0.0,71.08575813160418,71.78744948832295,71.61417225525618,71.81618300203411,60.22222222222222,71.07199999999997,71.59779493729026,71.98518906464113
1,80.2,86.68100748277692,0.0,0.0,88.22407570663331,87.3611573853137,87.79420008840005,87.44428209307729,81.625,81.278,86.86646262842709,86.69765378134325
4,88.2,86.9664412268184,0.0,0.0,86.81624074561589,86.41792506566398,86.24051709310567,86.41792506566398,111.88571428571429,83.266,87.32446441194536,87.1323237815772
2,144.8,144.93459034455037,0.0,0.0,142.557952741646,144.0271873318798,143.95731326399226,144.13449299532493,143.8,144.5199999999999,144.7675527972043,144.8754745050412
2,76.2,123.06614155476053,0.0,0.0,120.57373911762063,121.90326189754066,121.75605086923315,122.02715549320448,143.8,140.24599999999992,121.016868762732,123.0345498900781
8,79.4,80.74834835723188,0.0,0.0,80.48891724997236,80.23918422781362,79.91943332692267,80.26785953843661,83.16,84.006,78.19861072833362,81.17446261223736
6,121.6,88.83149619181158,0.0,0.0,89.45140020070785,89.22654174695367,89.78870136751976,89.29869856720252,79.75555555555556,85.00200000000001,89.11578915035997,88.83115770041825
4,78.4,113.70896469878522,0.0,0.0,114.132249019514,113.72066220748445,113.74396176636996,113.72066220748445,145.02857142857144,116.68800000000002,114.30562100874508,113.6650798068341
5,100.0,88.56875418752372,0.0,0.0,87.91986043050493,87.37157208734295,87.31887049326038,87.31003757849018,93.1,85.05600000000003,85.26834547274143,87.33110844785443
4,75.2,104.70061226201031,0.0,0.0,104.38615986236184,104.5515639489096,104.39330837171939,104.5515639489096,105.54285714285713,99.06,104.99950419508772,104.91521566456294
8,71.4,84.30511880907368,0.0,0.0,85.47293285652351,84.0496704676486,84.07590246148766,84.06731819158082,93.8,78.64200000000002,84.80412515375318,84.36989392208162
2,98.6,72.8310057683469,0.0,0.0,72.19349021146556,73.3187995300539,73.18188337609917,73.28338082549767,68.24444444444445,68.798,74.00002898051667,72.95132416430697
3,79.4,102.91336861933338,0.0,0.0,103.28608176994933,103.05502343058066,103.06035633819022,103.05502343058066,111.67999999999999,96.87000000000002,102.89700002831437,102.94624643574383
1,55.8,84.13847626013978,0.0,0.0,83.81896206834179,84.30444952597477,84.23969114294275,84.32624833927508,66.7,73.65799999999999,83.93357478828472,83.97580331628163
0,45.6,61.79693382883758,0.0,0.0,61.128420980670455,61.77794289059875,61.573054541699705,61.781683645257196,75.82222222222222,64.992,62.37440355771605,61.58389060438441
2,68.0,53.30957932979665,0.0,0.0,55.020986865560175,53.63516608067602,53.79738908982287,53.59507926832484,57.64,55.688,52.33340411925886,53.47526630903258
8,69.2,82.55351553682529,0.0,0.0,81.69351667097872,82.59414838844967,82.49038075010989,82.59323539955719,78.65,73.24799999999996,82.55026928956995,82.382952048754
1,94.6,76.52002706437267,0.0,0.0,75.8336694737909,76.34550096409883,76.21587285689631,76.33441905192714,77.52000000000001,74.49999999999999,75.95447981720768,76.56532185210187
1,97.2,93.08516039081043,0.0,0.0,93.08771335849224,93.49984961473068,93.68163205988144,93.56384261790146,103.40000000000002,97.47400000000005,92.33598699111982,93.12197980256715
3,101.6,103.06513706394774,0.0,0.0,101.99295255691854,102.17310991331438,101.86709881864255,102.17310991331438,106.35999999999999,100.11600000000003,103.15080497209365,103.14940303400384
1,102.6,109.85353204728577,0.0,0.0,108.23284226716083,109.11981405442397,108.68813453144311,109.02783845051644,104.12,105.20800000000001,109.1545530127891,109.81507631798463
3,115.8,108.02180210187477,0.0,0.0,108.20559962226282,107.87459142123578,107.81396922021955,107.87459142123578,97.44999999999999,102.67800000000001,109.5357950594681,108.02278564395425
7,74.2,58.37566386370487,0.0,0.0,59.34362290607962,60.229446838306345,60.1031550805038,59.9790349614564,78.34285714285714,68.25999999999998,59.61187343152701,59.44283483407967
7,78.4,78.2484615407673,0.0,0.0,78.10159764186902,77.36268801770191,77.51571450703057,77.46904819895465,75.6888888888889,71.57799999999999,76.98194114594232,77.63734794419365
6,78.6,81.54653816332898,0.0,0.0,81.50997241822147,81.20471094625795,81.10722085144413,81.16656567942377,61.839999999999996,75.75000000000001,80.31749266192564,81.38460056598376
6,75.6,79.7371075817801,0.0,0.0,79.8701731371217,79.27853546117873,79.11315571475994,79.20365795973599,91.425,80.06000000000002,78.73438218566906,79.57444287414206
1,67.8,75.57861728312767,0.0,0.0,74.91076886552476,75.18669728878385,75.04989018341627,75.15685069187555,66.2,72.41599999999998,74.52846853745092,75.49228564765586
6,70.0,64.22359023922704,0.0,0.0,64.08547791281188,64.96021611247737,65.7558503160183,65.10543340365669,65.0,67.57,63.89515214888391,64.07202127890778
6,68.0,61.34450048338818,0.0,0.0,61.33819046912282,61.286334659474235,61.41576780883039,61.29433248912571,62.25714285714286,64.15799999999999,60.27645533597407,61.22029632525388
2,80.2,61.436657469317225,0.0,0.0,62.71815020348613,61.96169562458337,62.08636904666048,61.91041879211881,80.13333333333334,74.21399999999998,62.18824809835034,61.62529575693769
1,87.8,69.52447372935691,0.0,0.0,70.32548739538449,69.54123317482421,69.78589857113582,69.56151457280326,95.2,80.68800000000003,68.3817623348668,69.12775740849395
4,64.6,76.01247631912511,0.0,0.0,76.37972832138459,76.35428349057815,76.47464263164068,76.35428349057815,90.77142857142857,85.71399999999998,77.03951322442589,76.14039659266838
7,63.6,66.65841511294974,0.0,0.0,66.97856462452616,66.62385929907659,66.68846964424843,66.63026422806989,64.47999999999999,63.49599999999999,66.50058848538598,66.36481532421962
0,74.6,63.67079594777158,0.0,0.0,66.36356868221355,64.26673832186812,64.72465275729223,64.20411735996278,65.76,67.86800000000002,63.71437043557518,63.467409756220476
7,70.2,75.85527320493294,0.0,0.0,76.486741762977,76.20392706916725,76.35169192034402,76.14891886412941,63.771428571428565,72.61400000000002,75.67173378575595,75.7930917631665
9,92.2,94.63511456575802,0.0,0.0,94.13214945960908,94.24127889712946,94.1183359828774,94.24127889712946,74.4,88.34800000000003,93.18189764206173,94.52230789026949
8,91.6,106.83398324498145,0.0,0.0,105.46488415409358,106.41300444476906,105.84953007868829,106.43466303842268,104.53333333333335,99.03600000000004,104.52422208589284,106.86435754760629
1,85.6,108.6201235631601,0.0,0.0,108.96840400759359,108.78609724604894,108.94880424649017,108.80140911021064,94.28888888888889,98.61600000000007,108.88627448839671,108.79857985870846
8,98.8,102.00973174075627,0.0,0.0,101.1902931543279,102.00525875979723,101.87265701304935,101.99993420380476,104.53333333333335,97.45000000000007,100.65154432816597,101.99696769144413
4,94.6,110.43106961911195,0.0,0.0,108.93387567177214,110.02112930109274,109.55453097644165,110.02112930109274,94.5,95.91,108.73585812053678,110.29946296393297
4,116.2,106.05456045886166,0.0,0.0,104.02055348108888,105.16902759122146,104.4179868868867,105.16902759122146,91.26666666666668,100.29599999999996,104.2687649118785,105.72246819036476
9,86.6,98.10331523779861,0.0,0.0,98.69462186679515,98.49779206501502,98.69857086750078,98.49779206501502,98.71111111111112,98.65599999999999,98.33293972379978,98.16701318297427
3,57.8,75.23900054105991,0.0,0.0,74.85461780459089,75.56303136414893,75.47467154400954,75.56303136414893,70.48,71.08999999999999,75.23096077171787,75.16767827423503
0,76.2,66.23532511379817,0.0,0.0,67.62418788709348,66.46779116060002,66.81191248145927,66.39901880042298,91.56,80.58200000000001,65.20502205726086,64.76408648790203
6,72.0,73.2595722052079,0.0,0.0,71.57827414809313,72.68293718515028,71.73773464892729,72.58997240392141,72.40000000000002,65.16399999999999,72.20186253721539,73.07959697323875
1,65.8,65.64342090188994,0.0,0.0,66.22207438096021,65.75337103741374,65.92854773531766,65.76830537495537,80.2,69.06599999999999,65.50323904829938,65.80511667242905
7,69.8,64.45526995832908,0.0,0.0,64.86185544890037,64.72781686570372,64.7824513281374,64.66405013723258,58.875,56.65800000000003,63.648117141891454,64.51994784237371
7,78.8,63.78278257761088,0.0,0.0,64.84549477456596,64.94703608025809,64.89210955083264,64.76361238068026,75.94285714285714,74.39600000000002,64.1801540460267,63.99975211115202
5,90.4,92.11782978449892,0.0,0.0,92.39671671221554,92.13220266576593,92.25481821307955,92.13007549670182,100.68571428571428,89.99600000000001,92.6322581144781,92.03846061810162
2,87.2,79.48799086845,0.0,0.0,78.55989021728458,78.72806051853522,78.71903913883783,78.80551249893301,80.31428571428572,80.09400000000001,79.5059088312418,79.2497612687878
9,96.0,74.04994005649284,0.0,0.0,75.18681339468941,74.42428459249534,74.79950712511,74.42428459249534,94.08,83.71600000000002,74.30553573223465,74.14130598689559
5,69.4,79.90580554730134,0.0,0.0,79.51548383398247,79.15197612694197,79.06387785780578,79.11698895840715,76.4,81.47400000000002,79.08002364370122,79.48365622721111
4,82.6,80.10575005915935,0.0,0.0,78.97046267390873,79.66253674786851,79.32192976175804,79.66253674786851,90.13333333333334,75.45400000000001,77.97262332625526,79.93317369415901
0,83.2,72.82813174086024,0.0,0.0,73.22040391151592,73.19885936449731,73.38090156234432,73.1798324508948,94.0,81.97199999999997,72.86411042461994,73.24825501705412
6,91.6,74.86353724705123,0.0,0.0,74.54258989736816,74.79001235605013,74.74368802200475,74.7867356065091,73.93333333333332,86.39800000000001,74.37850236912564,74.7604259951973
6,92.2,90.67716948005403,0.0,0.0,89.66368883281922,90.28835390390024,89.50883573062688,90.19991078024529,88.8,89.054,90.79909966696323,90.75062331015684
4,41.6,74.79952322893817,0.0,0.0,75.36442810904562,74.82890189973708,74.93995878739722,74.82890189973708,76.48,76.028,74.7320627227657,74.72436739604588
8,88.8,44.68442004039102,0.0,0.0,45.3901381483353,44.9644603197836,45.36277867279105,44.94422821761881,71.48888888888888,62.276000000000025,45.82163378410823,44.325996591721726
9,98.8,80.64861954954539,0.0,0.0,80.15945884031142,80.18510056893598,79.9415044032667,80.18510056893598,96.6,87.84200000000001,81.11541222035942,80.75017593918092
8,87.8,78.6508244138566,0.0,0.0,77.83215561506786,78.14425781028065,77.64588391563665,78.16747758374113,75.12,86.04000000000002,77.01054972032095,78.37599972886758
1,87.0,68.05037943383672,0.0,0.0,68.63086221985708,68.72699425801216,68.85425389077292,68.80156069617884,74.5,86.14000000000004,68.32973014915639,67.96776923855863
9,80.4,63.45578919055499,0.0,0.0,62.75315921616162,63.4232438913672,63.28538482700827,63.4232438913672,78.52,75.21600000000004,62.97316613889429,63.533976046712326
6,86.0,74.52288554298724,0.0,0.0,73.3276073223605,73.70181157684988,72.44732064542669,73.53399145361435,84.57777777777778,82.87200000000001,74.71798075263415,74.40515448051936
1,88.6,78.87434987088422,0.0,0.0,79.64360505998388,78.75898016565868,78.8617596805632,78.71267717865716,84.67999999999999,81.71400000000001,80.41420485455583,79.5207104040861
4,98.6,90.23103190447787,0.0,0.0,88.36718821283185,89.03558539554189,88.2446515655779,89.03558539554189,95.76,88.85399999999998,89.30170430027037,90.03235927792085
2,93.2,84.40765246290582,0.0,0.0,81.72311410560373,83.79089204270373,83.5788739077915,83.86083757415508,90.2,88.27,83.32751846255474,84.09817684629643
4,83.2,73.75836530303535,0.0,0.0,74.42161703331232,73.66174561082045,73.75776677917226,73.66174561082045,76.6,81.116,73.73700667696086,73.62797487164073
6,95.4,68.06636000231398,0.0,0.0,67.764769494977,68.15822700241004,68.273543939957,68.18823194777694,76.56666666666666,74.682,67.47435203462855,67.87378578651905
8,100.6,75.57838281184588,0.0,0.0,75.00835793210729,75.43061429749207,75.1872054545094,75.4398477420265,83.9,83.95599999999999,76.57729299845006,75.40218049712415
8,100.2,85.8235933909931,0.0,0.0,86.69118214781393,86.01783094793609,86.1764044711005,86.00953684790255,96.15,90.27799999999998,86.18193731265006,85.87685726483343
5,89.6,65.14120554527918,0.0,0.0,67.63673550493712,66.44524938357213,66.91925379481717,66.51266853891721,90.43333333333334,76.58800000000002,69.11184890718746,66.3100348888204
9,98.4,87.43483581295905,0.0,0.0,87.95808464726562,87.41500861805379,87.43960196235392,87.41500861805379,80.12,86.40599999999999,87.86111087160893,87.70378922718865
1,67.0,80.15112373076735,0.0,0.0,79.66090838795914,79.92681130216349,79.80522273996449,79.89454602274444,96.96000000000001,88.036,80.43097988764725,80.24934470941406
1,95.0,73.36512723544011,0.0,0.0,73.49690799996239,73.54953897948756,73.59271233496783,73.57465227492467,61.03333333333333,75.98600000000002,73.09664334312872,73.46446740406692
2,101.0,90.8017393930658,0.0,0.0,90.33286196255355,90.55337278806556,90.63721574875531,90.59256798107765,66.67999999999999,74.85000000000001,90.93279850762002,91.34983324965056
9,100.8,100.22155295440287,0.0,0.0,100.48681930825519,100.51641676075313,100.70762205204605,100.51641676075313,104.23333333333333,99.32400000000001,99.06089612843748,100.0565728093283
8,91.0,92.92989544312391,0.0,0.0,91.5808517958602,92.46844180356757,91.93431129769881,92.49694627042994,81.12500000000001,82.87799999999999,90.60831389452036,93.1681241315025
0,94.0,84.95737150879617,0.0,0.0,85.18476650391156,84.61543845773845,84.56041059280155,84.65280628553234,72.97500000000001,81.28000000000003,84.27784906096133,85.49666076197323
2,112.6,101.3791812806484,0.0,0.0,96.94723127562042,100.2254550117528,99.96295354135214,100.3601072869663,80.31428571428572,88.734,100.64668171604413,101.7007654242746
6,111.6,120.00522422810589,0.0,0.0,118.77488907598274,119.67647165595835,118.88408445074666,119.59716823844289,128.44,110.306,120.71981118684411,120.45316584927026
6,111.0,111.37466098378081,0.0,0.0,110.8958835688914,111.20999267412392,110.8061386304343,111.16394612436022,113.16,110.35600000000001,111.66877936869255,111.43487670373932
6,97.4,89.4979719266883,0.0,0.0,88.81069892185094,89.52014849834407,89.21358315031516,89.50269583582242,76.0,82.228,89.56147635184736,89.71664531145267
3,105.6,83.5667461547641,0.0,0.0,83.10070371203982,82.87583213724811,82.69735397366894,82.87583213724811,88.7,80.24600000000002,83.59771479087176,83.66947192272927
6,91.4,97.47191530561142,0.0,0.0,97.89154518937576,97.56150514145253,97.45849475297254,97.57021075404137,83.67999999999999,94.42000000000003,97.96064320410615,97.16203548343739
6,75.2,73.51970491109653,0.0,0.0,75.15985335343626,73.28726462077913,73.73915786181692,73.26432816517624,76.0,73.42,72.83872004365934,73.34581868176426
0,92.4,76.14671619328479,0.0,0.0,77.2826126224114,76.23573146194997,76.41544366965391,76.2227829177197,89.19999999999999,76.86800000000002,76.46743584443128,75.71771631846974
5,109.4,96.77581912976484,0.0,0.0,95.94593947244512,95.59205616051966,95.49331379718296,95.51762725166762,103.4,92.208,94.34476846885414,96.24605996766834
6,89.6,87.81398409537894,0.0,0.0,87.442861747654,87.54670678252604,87.09364054732772,87.48925813693795,95.0888888888889,85.35200000000003,88.03237437646774,87.79979344641679
9,83.6,69.31103275942199,0.0,0.0,70.356782924851,70.31139060267444,70.64898522391297,70.31139060267444,86.67999999999999,69.92800000000003,70.1168221908447,69.24451837787056
8,79.6,73.13571490803571,0.0,0.0,72.00034049981582,72.7847088552893,72.43200025490135,72.80193532394719,66.76,80.798,71.57303279971106,73.19373570659337
7,91.2,79.62496558903658,0.0,0.0,79.00938047876174,78.74842577058264,78.71972665988879,78.88402288586347,71.0,77.62399999999998,79.98853386578737,79.56639802041799
4,85.0,86.0318302160179,0.0,0.0,86.3720393642004,86.13873892408736,86.14284674408667,86.13873892408736,85.97142857142858,86.85,86.67466305779587,86.09566527176916
6,91.4,85.597710295182,0.0,0.0,86.18454894624371,85.90247371591441,86.20457067109365,85.94377621236444,83.67999999999999,90.01600000000002,86.26094748672914,85.70251245757134
2,106.0,92.46787620337528,0.0,0.0,92.47307443281207,92.06263476301763,92.11807532073347,92.0876498358322,84.08,91.18600000000002,90.80241878202735,92.46537502229681
9,93.4,91.19334889748902,0.0,0.0,91.56898970902809,91.19825246316677,91.35757525939445,91.19825246316677,77.67500000000001,77.73600000000002,91.75427214333112,91.63438801142554
5,80.6,80.37596268876132,0.0,0.0,81.39422049505937,81.16498973590318,81.33423986288197,81.19006513455473,90.17777777777778,77.50200000000001,83.77310576373219,82.46971611146748
7,96.0,72.39422594862424,0.0,0.0,73.53867033824,73.16952145206265,73.35168580042287,73.0664697849309,90.86666666666666,78.61000000000001,72.68502641895311,72.65371568573771
0,82.4,87.62964270880953,0.0,0.0,86.97714913327351,87.18583523769117,86.95948126622388,87.23732227226833,90.54285714285713,82.92399999999999,87.30041606183984,87.93419403535032
3,71.4,73.07961274591446,0.0,0.0,72.97006712974445,73.1828884616454,73.1640742522322,73.1828884616454,60.03333333333334,66.686,73.04404104764532,72.93680078970226
0,89.6,68.79054763273038,0.0,0.0,68.59965525632668,69.417441644619,69.29218985005507,69.35268889208473,82.5,79.35600000000001,68.4969669975111,69.51331205523365
3,98.0,105.22899621162594,0.0,0.0,106.03974927817318,105.88189546502929,105.96646579369929,105.88189546502929,111.67999999999999,101.51,106.14441519760871,105.15090765648523
3,113.4,103.0515088981123,0.0,0.0,100.93769161627642,101.96961455354753,101.36272340559455,101.96961455354753,115.975,108.61800000000002,101.28598094983698,102.89731456110148
0,93.8,108.96236138703462,0.0,0.0,110.67486147565137,109.71105128020534,109.86491306511775,109.63006760668794,122.92,107.73600000000005,108.73350270526268,108.54756324331166
5,124.4,92.1569584569674,0.0,0.0,92.61893666210018,92.77459520601211,92.89704866515875,92.81380197414725,93.6,106.094,91.86965121528661,91.60378243355919
0,90.2,106.04745576008627,0.0,0.0,106.3068570315983,105.71329480086632,105.72603528699776,105.7716536225125,99.8,95.37799999999997,106.8201978493335,106.37794752913861
1,93.0,91.31824662543704,0.0,0.0,89.40193528337412,90.75036330602065,90.26681074878475,90.67932765060459,84.67999999999999,84.95000000000002,90.55896791777045,91.32238470016354
8,95.2,93.241687534524,0.0,0.0,92.90184163111051,92.79384305591383,92.63176532745032,92.81587124777415,118.5142857142857,108.15800000000002,91.54704033492754,93.47938366461882
2,88.6,68.77859706816722,0.0,0.0,71.38826965296744,69.49020840882848,69.56491398768365,69.41107801732701,63.73333333333333,70.91000000000003,69.1045161467468,68.49507661395745
4,77.8,73.96758218757958,0.0,0.0,74.31173942272048,74.446176854758,74.6490982284389,74.446176854758,69.73333333333333,82.81400000000002,74.2941133967526,73.90111374863126
9,70.0,63.77333415526467,0.0,0.0,64.23926776514783,64.29309086168445,64.42909797011298,64.29309086168445,82.44,69.954,64.4052691980335,63.70248945356353
6,80.8,61.64494386249096,0.0,0.0,63.57287917886047,62.625006974349276,63.96540631987013,62.8059554102706,71.36,74.938,63.51266857556503,61.89227217931765
7,79.4,77.55939634738188,0.0,0.0,78.17125900280013,77.85361461214777,77.88777965227227,77.79379122455434,82.44,80.71999999999997,76.98141946197522,77.15995853089038
0,71.0,70.00284995424988,0.0,0.0,70.01459226858479,70.08544032348316,70.04602036371054,70.07853324061806,86.34285714285716,71.56599999999997,70.36343593987093,69.65897471167358
3,82.4,71.78178738161964,0.0,0.0,72.08159009139818,71.78133248756386,71.77288399442483,71.78133248756386,77.35999999999999,66.35599999999997,72.50866501485585,71.75556365532626
3,79.8,76.98269309904182,0.0,0.0,76.32459828199444,76.58975000596105,76.38370335322435,76.58975000596105,88.92,75.49399999999999,76.88888913151231,76.88838228963665
5,101.6,77.58858108465738,0.0,0.0,77.29624074140091,77.39101385015539,77.3777237539122,77.38354299658627,73.57142857142857,74.61399999999999,76.75574439983446,77.10742368982692
7,94.6,96.44092348369868,0.0,0.0,96.17183093649801,96.50080969373012,96.45553037104614,96.47807605376427,77.4,95.95800000000004,95.9130861872146,95.83785933223058
5,107.6,96.34694561111091,0.0,0.0,95.4934642832731,95.83748078500587,95.7833063982828,95.79919982405795,86.04444444444444,88.38800000000003,96.40021529574616,96.55131272808255
9,102.0,95.40954320534946,0.0,0.0,95.30945455368362,95.43636380232354,95.28955999348365,95.43636380232354,92.6857142857143,92.88200000000002,95.96994010674803,95.24009045062296
3,122.2,97.88817076179274,0.0,0.0,98.40727482247459,98.18229869514693,98.2664550471791,98.18229869514693,76.33333333333333,93.344,97.90852840597316,97.90173608590524
7,138.2,119.87911643140535,0.0,0.0,118.67835403017088,119.40131893481343,119.32544632478573,119.51313937163911,93.55,111.78600000000002,120.56098012059252,120.30106009384167
8,153.2,122.33462371826914,0.0,0.0,121.8712890030334,122.34532930169371,122.11159206362217,122.34791918616162,120.525,124.89199999999994,123.39055646170476,122.36921194692579
3,112.4,120.0543386841514,0.0,0.0,119.95755706142684,119.79039429145115,119.68529706615266,119.79039429145115,103.16666666666667,96.19400000000002,120.58640806801452,120.03675260718398
3,105.4,96.33298741495352,0.0,0.0,97.50800916946902,96.95377371807308,97.22944330758004,96.95377371807308,103.49999999999999,93.18199999999997,98.58828633656958,96.40124239059897
6,109.0,103.88566330324457,0.0,0.0,103.55466126391521,104.0388581702472,103.92120756965195,104.04782598997429,101.74285714285715,95.68800000000002,104.48190866449403,104.1411375956342
5,71.4,80.62515407734398,0.0,0.0,81.4158170338184,80.30302274878804,80.52705928930094,80.28448206532514,65.44000000000001,75.18399999999998,81.48314725176192,80.99977187137847
3,74.6,70.97656575921374,0.0,0.0,70.85674053226596,71.18416034347256,71.13737115831877,71.18416034347256,86.975,74.47399999999998,70.8063650497456,70.92990942252776
6,80.2,78.87818410115058,0.0,0.0,79.93781971198477,79.19277943884585,79.68522619835514,79.24273554739791,83.8,74.89400000000002,79.8850345404579,79.24637514941347
8,74.4,80.73778129603954,0.0,0.0,81.37095531330883,79.80930936648073,79.43626952273357,79.85021012815983,72.2,76.108,77.615440250143,80.06298858462878
9,62.2,65.7452422272461,0.0,0.0,66.57776243329405,66.86422884223869,67.1926924219322,66.86422884223869,74.86666666666666,71.23199999999997,66.56033584320409,65.83874283004718
0,62.6,67.3890838534151,0.0,0.0,67.729914704202,67.02624189877723,66.98814047871525,67.04682828073662,62.37777777777777,66.58399999999999,67.0713123670298,66.59857872587291
1,67.8,63.11545291149582,0.0,0.0,63.926741367489726,64.00010627163057,64.26583590687596,64.10822578326663,70.77777777777777,63.18999999999999,63.693319516565865,63.029562537895245
9,53.6,72.57059507619041,0.0,0.0,72.84555607893225,72.46268686666235,72.50170129447743,72.46268686666235,71.14285714285714,69.46600000000001,72.52070195009716,72.58688315353173
0,108.6,94.48852962005537,0.0,0.0,96.00849143896619,96.61522122849067,96.97737139564767,96.40655477019318,91.22857142857143,104.04000000000003,95.78519130041096,96.08332618202947
9,67.8,83.24016638917882,0.0,0.0,85.07904984974388,84.0024409775398,84.50727995963125,84.0024409775398,86.28,78.02200000000002,84.07560956870137,83.43047059321543
4,63.0,65.08024770797454,0.0,0.0,66.36541335005818,65.67033721954256,66.15661878550371,65.67033721954256,57.35555555555556,61.62799999999997,65.67573718612489,65.26154997924672
7,71.0,69.56495488399548,0.0,0.0,69.59362831884476,70.59497191467166,70.38653491898695,70.45863358867481,66.56666666666666,69.05,70.90146093786774,70.33978972114849
5,70.0,75.51855286418572,0.0,0.0,76.01781189916434,76.07993622021866,76.16350185762937,76.11066488143933,93.1,78.494,75.57435639308123,75.60640301234415
3,51.4,65.1974871152571,0.0,0.0,66.55023889819248,65.85751550240174,66.16111156873818,65.85751550240174,50.2,60.79199999999999,65.92725078030867,65.225036228536
6,106.4,82.45998983729808,0.0,0.0,80.46628794616235,82.04454093942573,81.28933676783093,81.97868830638886,87.40000000000002,91.78799999999997,81.66213904226663,82.46920183195154
8,118.0,114.1343127130914,0.0,0.0,112.90466688188845,113.33918651688303,112.6155377806963,113.37919548315121,142.86666666666667,123.37999999999998,112.45063027352884,113.81780690885982
9,118.2,114.03114293372113,0.0,0.0,112.84822674907953,114.20261594071611,113.98266186244885,114.20261594071611,112.84,122.86000000000004,113.28459966141115,113.87850922684757
9,127.2,108.13430932976917,0.0,0.0,108.21087471783926,107.71110576488397,107.77090311510153,107.71110576488397,112.84,119.34400000000001,106.62465844169891,107.94877803302973
4,79.0,108.98869689476786,0.0,0.0,107.94956648063342,108.67884931670332,108.27866053655086,108.67884931670332,85.625,93.08199999999997,109.00902893126272,108.81589768858944
1,75.8,79.66734848718,0.0,0.0,79.7931909530806,79.56939610081953,79.62360889943068,79.56528881417881,79.71111111111111,80.44200000000002,79.33664754852587,79.7663202710839
7,75.6,78.70118275150924,0.0,0.0,79.30954135283444,79.32041354779719,79.22301901526922,79.21416850433612,86.93333333333334,75.16000000000001,79.109520095471,78.88111234732492
6,107.8,93.90979057399099,0.0,0.0,93.42046000330186,93.95823166099808,93.9357779488202,93.96612668587365,102.88,108.696,94.0668866495931,94.21618348286123
9,130.6,113.4105905662859,0.0,0.0,111.95902656773178,112.73394940569861,112.42255042071449,112.73394940569861,112.84,128.39999999999995,111.7389127335441,113.53198624232081
7,63.6,101.49161065925773,0.0,0.0,101.46170885982268,100.77767519614972,100.83415661953971,100.89386053676506,64.60000000000001,83.30000000000001,101.6455375721244,101.22098517896315
1,63.2,67.66743872964643,0.0,0.0,67.88153927413224,67.72274674157704,67.79201792460464,67.75240339261796,63.57777777777778,59.945999999999984,67.3449460428237,67.22441896618619
0,71.0,62.153511224772515,0.0,0.0,63.517093234279486,63.264185539005936,63.458397618687755,63.152670623538775,66.0,63.321999999999996,62.702107834900445,62.57565042032667
8,58.0,65.15087648819421,0.0,0.0,66.36898687860597,65.7600786042519,66.32140583890936,65.7239945706213,58.15999999999999,70.71600000000001,66.81223362762697,65.05787577695469
0,84.2,72.28543294789482,0.0,0.0,74.03716289251884,73.2826429765733,73.75041718030103,73.18245450314981,80.2,75.75399999999999,73.08791966783014,72.61994249214497
1,111.4,108.01268733243681,0.0,0.0,108.93423478851186,108.69364886765251,108.96367822698231,108.7718735598329,95.43333333333334,107.67200000000003,109.28346295108173,107.97081544799073
3,118.6,126.83085932964707,0.0,0.0,127.71627919964226,127.36472332846819,127.54356594466395,127.36472332846819,120.28571428571429,123.56400000000006,128.93393796760995,126.8757241454293
5,122.2,114.75046027750192,0.0,0.0,115.46243207763158,115.17155676258768,115.24625350120596,115.19868869012585,127.33333333333333,130.796,115.56724769816478,114.91861672450078
8,136.0,111.82842119386946,0.0,0.0,111.39459743103069,112.01913668753097,111.92472341488306,112.01316480753107,113.04,124.83200000000001,112.52212895017283,111.80004855195588
0,141.4,125.43613806218951,0.0,0.0,126.17944699603316,125.79844019368126,125.70691774785723,125.78370425792863,139.84,124.24599999999997,125.46981552335868,126.07761323999893
3,143.4,130.71939705381212,0.0,0.0,129.11526141685806,129.26838984125862,128.87039234908417,129.26838984125862,117.86666666666667,118.612,128.81338911236753,130.7230773051537
6,132.4,125.22445339013443,0.0,0.0,125.35309399636162,125.01863583759744,124.69125051300783,124.97049815448706,140.64,143.17800000000003,124.76980316774927,124.74229983246752
7,98.0,112.70201178078457,0.0,0.0,110.86859128105694,110.44448948576208,110.5557917614239,110.79628963989038,147.88,121.78399999999998,111.95795568207924,112.32418065732247
7,85.2,91.3298136708329,0.0,0.0,93.28434933041271,92.46812462107837,92.61039649001145,92.29895698489933,81.12,95.17399999999998,91.7521759426223,90.88995905431207
9,45.6,74.73966620311856,0.0,0.0,75.95949962094156,75.5254432442598,75.9287548805152,75.5254432442598,57.65,69.96600000000002,75.98744544647582,74.8367514650179
0,62.2,70.08505950278435,0.0,0.0,68.56352304755964,70.23963625826744,69.97215050716798,70.20685055699717,78.3,75.28000000000004,69.657983891515,70.16353139374154
2,67.2,71.4945186189098,0.0,0.0,69.43263344677418,71.37333916819794,71.22057758567168,71.36174129100596,74.24,74.864,71.12472407945175,71.09178199987294
8,82.0,82.70173792874189,0.0,0.0,83.59158337355233,83.10964565072086,83.44817243091742,83.08937548822938,67.8,78.07199999999997,83.16484616276172,82.78065059357331
2,92.2,74.42949892644633,0.0,0.0,73.58069095040611,75.37890769300658,75.19721637650382,75.29300070618005,63.73333333333333,75.36200000000004,75.91572236470164,74.25184596019525
5,70.0,85.2311762148704,0.0,0.0,83.76789075006779,84.70889346213734,84.54368872685987,84.69725316864194,67.75555555555556,77.40400000000002,85.24403930600546,84.74623389348453
5,74.0,64.7039649983318,0.0,0.0,64.72352743444202,64.65739312933778,64.54976097358252,64.66527843966735,58.666666666666664,65.49400000000001,64.76892499690311,64.2140597554772
1,79.2,71.2503244966731,0.0,0.0,72.86378968702265,72.07694970551927,72.55337091346455,72.17008032860845,69.0,68.08999999999997,72.3956210214398,71.35068762197949
8,83.6,76.31212467256918,0.0,0.0,78.55773607832263,76.77913528653684,77.63706989936321,76.75320774221987,70.6,81.79600000000003,78.92804918954232,76.35420798904485
6,66.0,83.19348290121286,0.0,0.0,83.16672410756463,83.31486503207877,83.4106813261164,83.34027168968055,68.0,77.33599999999997,83.40946557223255,83.19007869657534
5,59.0,73.2167842628293,0.0,0.0,71.57761213213622,72.59283277699552,72.42519192967558,72.56924198509552,69.13333333333334,69.84200000000004,72.2877115158409,72.72371864328953
7,51.2,62.78858636027968,0.0,0.0,63.52181219701526,63.240200412407894,63.2324419759113,63.1853699418123,65.57777777777778,57.004,63.89943649399619,62.87012811572671
9,58.2,63.40507145905856,0.0,0.0,63.871200021528885,63.36182539292703,63.36581515351411,63.36182539292703,61.52,66.31400000000002,63.79049223872744,63.15557139588057
6,58.8,60.46542155754734,0.0,0.0,60.53723499419672,61.23570480274353,61.919686925602576,61.353956533995415,63.43333333333334,59.78200000000001,61.30834734687883,60.99228539889218
4,72.6,65.50083005831912,0.0,0.0,67.34053675079605,66.23657934067808,66.88775594183159,66.23657934067808,81.42857142857143,70.59599999999996,65.32934938351833,65.41390008547236
7,73.0,78.73384656035816,0.0,0.0,79.14737018913678,79.27071115065272,79.19242567510685,79.20868398135889,63.771428571428565,70.576,79.19078537477536,79.31566964891535
0,76.8,85.31310727364958,0.0,0.0,86.20996609459216,86.18311598161704,86.3340826934378,86.09765303227425,72.25,81.13800000000003,85.32216945679049,86.05632861324183
5,109.2,87.93862715468057,0.0,0.0,88.12651426404659,87.66969621931621,87.69075527077953,87.66660042209713,107.2,99.09200000000001,86.40989923514329,87.25879115080852
1,107.2,109.83034367396188,0.0,0.0,110.21470024644569,109.98960369862033,110.13300552816122,110.00603144807823,121.52000000000001,118.624,110.45725805520867,109.8446229243633
9,66.4,92.94393686946296,0.0,0.0,92.00716373266383,92.64723098031452,92.2936235981346,92.64723098031452,112.96,89.93399999999995,93.28020687791884,92.97669991745391
6,99.0,90.48987439966702,0.0,0.0,90.8597410080549,90.9385306624991,91.62422920823192,91.04326079358908,104.6,102.33000000000001,90.23416518265479,90.21907883276288
3,100.8,85.20074780069808,0.0,0.0,85.8215988789499,85.64758073356114,85.85049075065602,85.64758073356114,57.959999999999994,81.796,85.38429890339593,85.18003784352392
0,74.0,91.32229275565956,0.0,0.0,92.77207072940723,91.50206071827807,91.71671858752696,91.48492653121787,75.24000000000001,83.60999999999996,91.51941793276576,90.71248775974445
6,75.2,83.9650179351677,0.0,0.0,84.36582780408287,84.19752656091137,84.34570502646022,84.22505368295533,79.32000000000001,84.37000000000003,84.75045526129476,84.14510637438889
3,86.0,92.82662252594513,0.0,0.0,93.17782135373547,93.26362083547556,93.44960728880997,93.26362083547556,112.32000000000001,99.95600000000002,93.58144643684082,92.87869417167208
7,128.8,100.1383179364397,0.0,0.0,99.09377285075043,99.58272992159115,99.41448549369896,99.66774417835593,108.0,106.14,99.75179681180623,99.83467209611186
5,98.6,113.70636550458963,0.0,0.0,114.74240663181217,113.30937285593924,113.52487788799183,113.2818901512832,117.26666666666667,117.57999999999986,113.0599903506766,113.54042760337668
9,71.8,98.1680964211042,0.0,0.0,98.34249991407047,97.7637850268971,97.83730376832169,97.7637850268971,98.71111111111112,98.17600000000002,97.46913455297945,98.33270084052644
7,85.4,93.00675950404055,0.0,0.0,92.42812275165609,93.51795018488873,93.21830332562247,93.46527522431063,100.2,89.08200000000002,94.38451485306803,93.95182984278486
7,114.2,111.20193838313745,0.0,0.0,110.83660837575965,110.79021470992575,110.73142522987953,110.84346656394882,118.12,114.20000000000002,111.02948161505971,111.06482373581663
8,106.4,107.38198038642636,0.0,0.0,108.52836128249965,107.355164637727,107.65031544637452,107.35423430441921,124.55999999999999,119.79000000000003,108.36420029139333,107.46456125850976
3,139.2,118.46098540238107,0.0,0.0,117.89406192996665,117.94764241738463,117.75907168553545,117.94764241738463,142.88888888888889,122.27600000000002,118.5609806416685,118.45411198358258
7,139.0,125.49416655802327,0.0,0.0,125.17278687627501,123.26962579725347,123.6937858141334,123.58628114728184,147.88,125.32399999999994,123.17339817935968,124.46036600056689
7,129.8,122.6105157092062,0.0,0.0,122.1150306897338,121.84511447848266,122.08375278490692,121.96252576802586,140.25714285714287,124.02599999999995,121.1709548908592,122.40408789940666
8,105.4,107.1324444813494,0.0,0.0,107.0738383475083,106.72085951109968,106.27993494968662,106.74904866358901,99.84,88.10999999999999,106.39818633075457,107.13410606300825
6,85.4,101.94603126381419,0.0,0.0,101.11520119676325,101.4919677283266,100.90746699111095,101.40652410711724,107.5,94.506,100.6168686308722,101.92450809182616
2,52.4,73.59552510791394,0.0,0.0,75.27137497184809,73.91894949763717,73.9550651397629,73.87734163300027,66.06666666666666,72.68200000000003,72.93941278656975,73.46858079183825
7,114.8,95.20213824796852,0.0,0.0,95.15383291486427,95.60711163872455,95.5432736698608,95.53221859240227,96.24,102.79599999999999,94.52768484902722,94.90997948437476
0,133.4,110.89341642467656,0.0,0.0,111.33524572573694,109.83818008360291,110.09402924521304,109.92446608511935,116.8,125.19399999999997,109.92944428904646,109.99596671002976
4,67.2,99.89712794009526,0.0,0.0,99.44205759939187,99.48345447935473,99.12733896743603,99.48345447935473,94.2,87.80799999999999,99.18817631340012,100.00565060681504
8,66.2,70.45343946939718,0.0,0.0,70.9503971041076,70.41773788765975,70.44125273580406,70.42093123637198,63.39999999999999,67.76400000000004,69.63142044758972,70.40880471291716
8,58.8,64.09063413146741,0.0,0.0,64.80736841766318,64.55011761575518,64.92165631068953,64.52688579264276,48.23333333333333,62.052,64.82072774660442,64.29168817632643
0,79.4,86.71502749774417,0.0,0.0,86.36343982768447,86.53180677549157,86.4325348912393,86.52510378084614,65.37777777777778,68.53200000000004,85.80558189915841,86.69790640947389
4,69.6,77.56067942709896,0.0,0.0,77.17663644606598,77.69670759980555,77.58007679201852,77.69670759980555,61.26666666666666,71.938,77.74685079619022,77.6047340581743
4,63.2,75.90960712419022,0.0,0.0,75.62268992849089,76.46577496512887,76.61258747723181,76.46577496512887,71.52,71.44799999999998,75.28204540594311,75.9980107488959
0,58.8,63.92186258187797,0.0,0.0,64.8191361471506,64.54894603118737,64.63661931319515,64.46712828030418,57.63333333333333,62.42600000000004,63.60934552911904,63.28208440623896
2,66.8,65.27028833158943,0.0,0.0,67.26621655896861,65.43298570561689,65.60420991215409,65.40729355623982,58.4,61.37200000000001,64.76459367208317,65.2439171150361
2,55.4,68.97531936551955,0.0,0.0,70.43025921065075,68.72322957085144,68.8866757270153,68.73116570940813,72.55555555555556,65.58399999999999,67.71781026473882,68.8852041640695
6,45.6,63.291494045531536,0.0,0.0,63.61765415957878,64.35141153876305,65.21537100860661,64.52386546045656,51.120000000000005,60.55599999999998,65.38235664439514,63.828442138125624
4,61.4,63.341606220675104,0.0,0.0,64.27304751576209,63.41596975711752,63.73261680245495,63.41596975711752,69.57777777777777,70.49799999999999,62.53228455704297,63.199341888353246
9,67.8,63.32497555877618,0.0,0.0,64.49172736008668,63.818356283114746,64.32649953177702,63.818356283114746,65.77777777777777,62.71799999999999,62.89523638863342,63.2948524720116
0,67.2,78.77931964452553,0.0,0.0,79.76661317974087,79.50128504583472,79.7729033712599,79.42121271620093,70.88,71.75800000000002,78.28678437354897,78.21212075936768
4,73.2,65.13780593056266,0.0,0.0,66.43734552819052,65.83434479185912,66.30673499597074,65.83434479185912,69.76,65.24999999999999,66.05793657250564,65.49080632925721
9,75.2,74.45921164094915,0.0,0.0,75.60273365063735,74.71136304942809,75.07432629002926,74.71136304942809,74.86666666666666,72.03599999999997,73.55868518372905,74.3085740250866
8,75.0,61.154581109772295,0.0,0.0,63.89087616633352,62.04336078864118,63.08864085354634,61.99540960876825,69.97777777777777,68.80399999999997,64.00702493259348,61.46400595727599
3,63.4,71.52997034785105,0.0,0.0,72.02959537047931,71.8495650059847,71.92165871395892,71.8495650059847,59.74285714285714,66.47399999999999,71.02259812384115,71.35562099028557
9,67.4,60.773127450753464,0.0,0.0,61.102300726289684,61.35282183320021,61.60136975286015,61.35282183320021,64.5,63.474000000000004,60.43394097826476,60.80636907592206
8,65.8,68.30378364681621,0.0,0.0,68.5401603321967,68.40662541172564,68.41391292850847,68.3998418084565,63.39999999999999,68.06,68.16245204189883,68.2382155336058
5,76.0,47.70987857664691,0.0,0.0,49.24147800936711,48.6939586719081,48.903304816496565,48.73906842343639,71.0,64.39399999999999,49.52252693042605,48.92978997468572
2,53.0,71.84541373647282,0.0,0.0,71.92675377434325,72.25536159649572,72.2732504887233,72.22987280200603,82.71428571428571,71.04399999999998,72.4566169540217,72.00772137761948
6,57.0,64.75852748019906,0.0,0.0,63.69921678272431,63.529156615933005,62.68703201054988,63.36292002857016,66.00000000000001,70.03600000000002,61.53493377118362,63.959832608956866
5,61.0,47.691118822092506,0.0,0.0,49.017822003526746,48.49639576088181,48.76981476438926,48.55213175071109,62.08571428571429,69.24999999999996,48.363220238403805,47.24186492851565
3,61.0,54.30399145254539,0.0,0.0,54.96432618249155,54.96233217336889,55.06141406943301,54.96233217336889,70.92,69.91999999999996,54.9308196333416,54.258573593323646
4,77.0,69.49442995262368,0.0,0.0,69.82438613141454,69.64052942920033,69.6978654433301,69.64052942920033,85.82222222222222,78.52799999999999,68.65571530986435,69.61157916971342
0,66.0,104.63066308294567,0.0,0.0,104.56618110515403,104.83321801545176,104.8969409992953,104.84008955966667,88.06666666666666,96.53800000000005,105.70103235698754,105.1070251903645
3,80.0,94.88510651467439,0.0,0.0,94.85096661415416,94.94876060025358,95.04199114388926,94.94876060025358,80.47999999999999,82.45600000000005,94.5728590176616,94.91076515417964
7,74.0,83.01998725882603,0.0,0.0,81.40532729138636,81.5551074261205,81.5396206526978,81.7910143383823,63.75999999999999,75.17199999999998,82.47804429770166,83.28386121161357
4,56.0,70.91031308108833,0.0,0.0,70.53851815836697,71.47489575880482,71.56735334849537,71.47489575880482,83.03999999999999,74.86400000000002,70.8617729360246,70.97946441563289
8,69.0,63.423384948654615,0.0,0.0,62.75413231476438,62.7762098856154,61.98534620192474,62.81526084777852,49.685714285714276,65.646,58.449645146697904,63.76509593310438
2,63.0,66.6777343350586,0.0,0.0,68.11815962299589,67.40323698676302,67.55743911560118,67.34578112556038,80.8,76.82000000000001,68.54168658353674,66.9530177931791
9,65.0,68.5809451229052,0.0,0.0,68.327429764805,68.26623277336554,68.25070063588694,68.26623277336554,70.4,70.432,67.7476554582409,68.71318123818372
0,54.0,61.06259073754411,0.0,0.0,63.11598336740589,61.815870618355696,62.16640698098568,61.750963056988695,57.63333333333333,66.006,62.40446455378744,60.98806655935374
3,60.0,42.55811538911615,0.0,0.0,44.03416751825668,43.19455059785479,43.55512390877146,43.19455059785479,71.8,64.27799999999998,42.063696602431875,42.56349702447543
2,69.0,66.07253775704862,0.0,0.0,64.74687023673881,66.723270683398,66.66991267918436,66.67378914923825,69.89999999999999,65.51599999999999,67.55381789979194,66.63258431485075
9,64.0,69.7460015926355,0.0,0.0,68.78843890363282,69.18293027980667,68.94598198698425,69.18293027980667,71.14285714285714,74.73999999999997,68.81914436003784,69.74624912719608
7,56.0,61.77647463195831,0.0,0.0,61.942666132436315,62.505818262228935,62.43408157702406,62.39415552630629,56.4,58.342000000000006,62.12101056520385,61.931324474552085
5,61.0,67.0331833357339,0.0,0.0,67.73856196512268,67.23290246862707,67.34014035857071,67.24688909904386,51.67999999999999,61.207999999999984,66.54534712341824,67.24071444529321
0,58.0,57.84744862485414,0.0,0.0,59.26528113457334,57.529577975905354,58.10587629424038,57.51529584356294,58.839999999999996,58.72400000000002,56.29180624151016,55.97855407703594
4,71.0,62.74501282295055,0.0,0.0,64.5348831532495,63.37264747740248,63.97078015888481,63.37264747740248,59.48,66.31799999999998,62.38828752039848,62.62378926436198
5,69.0,71.26402256859795,0.0,0.0,70.69298742654463,71.19338087168899,71.1113653194391,71.1851940171658,54.685714285714276,74.15399999999994,71.18707225021976,71.11305856572658
7,73.0,75.68081503467526,0.0,0.0,74.4939153129491,75.64102690269924,75.40803319586755,75.67829261766073,63.771428571428565,73.33800000000004,76.677169573485,76.1997779259074
2,57.0,67.52462071790589,0.0,0.0,68.42301322946257,67.61814219959443,67.68316853409632,67.60079781135997,82.71428571428571,69.228,67.22648247859597,67.58622982235521
8,61.0,57.169779782600614,0.0,0.0,57.77173054287354,57.24603628303406,57.31873888357416,57.23867589455958,49.685714285714276,56.21199999999998,54.93252007440198,57.0614372818694
6,66.0,65.25456616278865,0.0,0.0,65.7220513988156,65.3743087614982,65.76121578994794,65.39664675976616,70.325,74.30200000000004,65.15310892288878,65.304900018296
7,56.0,66.93235319622266,0.0,0.0,66.22992371533003,66.4151174375994,66.4226897539427,66.4686798841178,48.949999999999996,60.53200000000002,66.0686792811102,66.56323303535079
1,72.0,65.22985473557306,0.0,0.0,64.86461097395909,65.31203039070294,65.21175758446537,65.31809163626923,82.8,71.55199999999999,65.4720928094633,65.25843266058466
0,70.0,83.8326154019376,0.0,0.0,83.21663776048291,84.26069319900053,84.15149038015342,84.22893042879488,100.13333333333333,87.058,84.12534897122816,84.39225192868109
7,75.0,88.62188040287965,0.0,0.0,87.74260570452137,88.25240726339321,88.08150645299654,88.3235489907193,73.02857142857144,81.44200000000001,89.34665307047725,89.04050762414954
8,79.0,82.14086974721098,0.0,0.0,81.12866446328589,81.65158977459363,81.13312190825614,81.67471687436552,62.371428571428574,74.73800000000004,78.58754084660656,82.33363798279109
8,60.0,76.19689054553555,0.0,0.0,76.02562490441642,75.82259399030622,75.6165325961641,75.83778025562223,93.34285714285716,83.04000000000002,74.1794710683289,75.87761065482277
4,58.0,62.838505734320194,0.0,0.0,62.79398984113844,62.89545858223437,63.01282644659818,62.89545858223437,52.577777777777776,63.83000000000002,62.53726740062284,62.74088813808767
4,54.0,65.11768740140536,0.0,0.0,65.30303582667541,65.40108389684792,65.5674540723352,65.40108389684792,52.577777777777776,62.932000000000016,64.64185169211069,65.16420203379352
9,90.0,76.50999760528919,0.0,0.0,76.6529658900925,77.00759203376379,77.12022008362194,77.00759203376379,74.93333333333334,84.26799999999999,77.04205156674749,76.59016825882455
3,91.0,91.58607063610577,0.0,0.0,90.69957883289345,91.08225758314224,90.85732556699526,91.08225758314224,95.92,88.16400000000003,90.89391809026459,91.66165866048769
4,75.0,80.98343770720284,0.0,0.0,81.97875658773393,80.85472998280741,80.91185070257917,80.85472998280741,65.56,70.008,80.45158994804841,81.11955231775259
3,71.0,73.39767322840251,0.0,0.0,73.83461208488146,73.62402227530598,73.6734140550702,73.62402227530598,50.2,69.13199999999996,73.70932285548862,73.17261223630508
4,74.0,75.80130141914192,0.0,0.0,75.59634397420098,75.94270547173163,75.93586965641119,75.94270547173163,80.72,81.10600000000001,75.25312149088435,75.68413568344084
8,77.0,72.20271241876483,0.0,0.0,72.33438261306519,72.77856784298513,73.16510670470925,72.74705371714582,70.6,76.932,73.37623125520187,72.24607386804799
1,68.0,73.48490737744658,0.0,0.0,72.94363967521247,73.4057313137668,73.38206152611095,73.41664410290853,90.04,71.652,72.80494211625133,73.29938325114125
6,75.0,63.2574254996326,0.0,0.0,64.02491407001312,63.98447264461879,64.77378395325596,64.10917442123022,71.2,63.21799999999999,64.29528112362803,63.51926336928785
6,94.0,78.20514096613111,0.0,0.0,77.70324764246926,78.43190663790624,78.56627190693543,78.48312618269861,88.4,83.43200000000003,77.97843229635112,77.90895683673321
6,92.0,99.40971813371098,0.0,0.0,98.4943949706815,98.7822372910026,97.84675924720496,98.66288334745917,103.37142857142858,102.13600000000004,99.09043777182953,99.10295021671931
8,113.0,102.21772943093382,0.0,0.0,101.9410717524764,102.07402208069368,101.93345947251056,102.08566530180813,109.925,108.36399999999998,101.17886439199572,102.49365848853812
0,93.0,95.35529244424615,0.0,0.0,95.13217576058238,94.43383667580473,94.37670721426001,94.51329488559982,86.67999999999999,90.82999999999998,94.66247930414629,94.04579495330016
6,87.0,82.5318359644088,0.0,0.0,82.62485490812583,82.54991307642754,82.64884282070098,82.56759419845632,73.31428571428572,84.80999999999999,81.48030055061345,82.05208252892476
2,83.0,73.91636095094916,0.0,0.0,74.06578920811197,74.00549065672234,73.94035333874146,74.00912028419896,82.12,82.58800000000001,75.13541539617309,73.89661411359896
4,79.0,74.18830400693794,0.0,0.0,74.4112298882288,74.11300062308506,74.15539924343403,74.11300062308506,75.33333333333333,81.68,75.09207946506321,74.15044178504773
5,82.0,77.55361993220131,0.0,0.0,78.54186410121076,78.26387081164214,78.3904909969376,78.28686807758875,82.84444444444443,80.55600000000001,79.46065686468994,79.11001890174369
6,75.0,73.42807267652358,0.0,0.0,72.79845803651989,73.51923869034586,73.34805455778768,73.53496645322367,81.08,84.18800000000005,73.24409273780257,73.35368795095327
6,73.0,69.41075788380456,0.0,0.0,70.35875760497434,69.76979724959247,70.18867188499429,69.82216624577462,59.93333333333334,69.53799999999994,70.3931653240741,69.45161941599041
7,81.0,70.46430378855254,0.0,0.0,70.56980589703682,70.07250953916656,70.09722559001816,70.09936810560612,75.6888888888889,68.48999999999997,69.70180454510036,69.97788747233548
8,57.0,68.45004226030716,0.0,0.0,68.2179603457668,68.38133020029146,68.22079509438046,68.38364294879554,60.56,74.14999999999998,66.22099827466137,68.48741631479257
2,81.0,64.42569735061252,0.0,0.0,65.6638616406135,64.75866822055765,64.85642470836143,64.72243829487496,68.625,71.32799999999997,64.44469833809579,64.76937652264198
8,73.0,73.96585346697906,0.0,0.0,71.63696235949125,74.31135900941322,73.83036967256677,74.2976179524576,66.76,74.95199999999998,73.74780778310851,74.13763874777356
0,77.0,72.351068326595,0.0,0.0,73.04185431609724,72.38809610352749,72.48568585626715,72.38719214674431,85.5,72.68999999999997,72.3907227491058,71.59126869205002
1,78.0,73.07046902675356,0.0,0.0,72.69195610688959,73.23764985449345,73.15087855939521,73.25355726705793,66.2,76.13600000000001,73.13405126932342,73.05113058350163
4,77.0,75.13152668292972,0.0,0.0,75.94522278839226,75.43309409686964,75.62192854079942,75.43309409686964,63.57777777777778,78.48799999999997,75.60905824727581,75.28417750836309
4,59.0,65.20920749925035,0.0,0.0,65.60885914379172,65.55176864220704,65.75275100189046,65.55176864220704,67.06666666666666,66.892,66.12816002338045,65.25356180850311
1,67.0,65.26075025541834,0.0,0.0,66.30032712323285,66.28407783105388,66.67818849380618,66.38676756194384,52.55555555555556,58.518,66.94413774239668,65.76569979279819
3,67.0,71.80910269873169,0.0,0.0,71.46145661462229,71.88905414976169,71.77095644007676,71.88905414976169,61.06666666666666,71.558,71.4625959489759,71.5979813345141
9,86.0,83.61431449131169,0.0,0.0,83.96453254384787,84.6108989452611,84.82376037013141,84.6108989452611,76.2,76.48,82.99582048886066,83.51696839957822
7,72.0,75.49306965050378,0.0,0.0,76.6439870946966,76.51058716759188,76.520918961431,76.38440836011716,64.08571428571429,73.83400000000002,76.88918590768644,76.05242181351935
9,82.0,78.97585833078551,0.0,0.0,78.64712728018843,79.1140144191647,79.05838608507443,79.1140144191647,78.39999999999999,72.52199999999998,78.76773048577698,78.93127073714177
0,61.0,71.780072049573,0.0,0.0,71.84109246258082,71.93032382700598,72.02416388052978,71.90965580350864,69.75555555555556,76.18799999999999,71.61968987507237,72.20089547510307
5,70.0,68.70698346949905,0.0,0.0,68.0411002171223,67.5989678123849,67.41295260801186,67.56297338930236,66.36,66.52000000000001,64.85651376746225,66.71985666008551
9,85.0,83.08650544447573,0.0,0.0,83.20001739448412,82.81946649879059,82.74988565395594,82.81946649879059,74.4,81.00200000000001,83.47434558866979,83.32570452189067
1,107.0,103.42633173399311,0.0,0.0,103.73980421341014,103.98541257481668,104.12673373477523,104.04753135726818,89.11428571428571,97.74600000000001,104.69050199332726,103.451670275991
5,83.0,72.78331144072004,0.0,0.0,73.19351760894004,72.89056376431867,72.95880708243885,72.90355859506847,79.5,69.67799999999998,72.14584667998051,72.26322356665855
7,75.0,77.28374493573904,0.0,0.0,78.94853239378718,78.52588613302109,78.60740926055688,78.37091578206255,72.51111111111112,82.15400000000001,78.16502477736809,78.05236173460698
2,59.0,79.66387299268484,0.0,0.0,78.82054877252229,79.85834436721301,79.73502991041654,79.82761509792843,88.6,89.45599999999999,79.08954065819134,79.45632119066269
5,63.0,78.9115580773037,0.0,0.0,78.30737305292733,79.65151341095226,79.62178524990131,79.68864646034187,61.51111111111111,72.68400000000001,79.82465850154358,79.59559867450326
4,52.0,80.75199923898238,0.0,0.0,80.05833679563494,81.12286693046386,81.16361122015219,81.12286693046386,77.88571428571429,74.314,81.11291550526742,80.4980748715131
4,102.0,82.76865828302394,0.0,0.0,82.5091540360493,82.92261877242737,82.93195769258571,82.92261877242737,102.2,101.64200000000001,81.18479434687154,82.24180356065185
7,108.0,113.7451154036768,0.0,0.0,113.35497964219536,113.85708803242846,113.80680519302794,113.83882953868891,110.44000000000001,121.89800000000001,113.78897686112991,113.98025482200136
1,116.0,122.39958365837892,0.0,0.0,122.12475653677694,122.73436492993034,122.70452489489139,122.78478136117289,121.88,130.636,122.06562245860994,121.94926372750854
0,131.0,113.18907328669346,0.0,0.0,113.92759624064354,113.75564231907478,113.64135595473266,113.71111748574106,130.53333333333336,123.57799999999997,113.33137974206676,113.13718066386096
2,99.0,102.99443507523175,0.0,0.0,104.04335162223916,102.8661814635351,102.94038554858743,102.88904572223817,96.23333333333333,94.124,102.81974721688081,103.27238022818398
2,76.0,82.56874008528192,0.0,0.0,83.13188064631808,82.44499736056143,82.53554430227972,82.46336122574556,59.333333333333336,72.22800000000002,83.20520656319685,82.56363425874459
5,75.0,71.18474911999766,0.0,0.0,70.56471391650277,71.04525834840797,70.86890298717272,71.03865889756813,67.91428571428571,67.88199999999998,69.71558923734601,70.73248839645049
2,60.0,67.203162613076,0.0,0.0,68.36662819720792,67.35153701818967,67.40944829806493,67.32895457762311,67.04444444444445,65.65999999999997,67.91917378306414,66.97965104811134
4,70.0,60.059443434286074,0.0,0.0,60.91573390878018,60.28270808760185,60.59101352629328,60.28270808760185,44.86666666666666,58.916000000000004,60.29111332097239,60.16465421327943
0,81.0,78.15936551523863,0.0,0.0,78.0098891506419,78.69704428539963,78.62880232503026,78.6545282633325,86.77777777777777,78.29000000000002,78.78937415904463,78.75122681422387
6,106.0,97.98452130175173,0.0,0.0,97.55148095992647,97.98586855265387,98.07337666642354,98.00284454615652,78.97142857142856,96.59600000000005,97.35614075717086,97.77769195823623
9,112.0,105.1376183569332,0.0,0.0,105.58758006459306,105.48102406422247,105.63052345705708,105.48102406422247,95.15555555555557,101.50000000000001,105.3816919393721,105.08345700078335
3,128.0,102.19180995784545,0.0,0.0,101.07074146506659,101.56639137922421,101.22799310613502,101.56639137922421,95.92,105.28999999999998,100.83498122293307,102.09423798999026
4,100.0,102.0537742032993,0.0,0.0,102.83196527350192,101.6890797698768,101.63702155716855,101.6890797698768,102.11428571428573,88.83599999999996,102.3984516461239,102.17809320282672
8,94.0,91.11242996576938,0.0,0.0,91.22604591819028,91.22918042180646,91.38302102842366,91.22327191841757,89.16,82.98199999999999,92.84556203049105,90.93904074475742
7,75.0,89.07622803921376,0.0,0.0,89.760663890531,88.78276946277998,89.0004138418774,88.83391204290395,100.39999999999999,90.80000000000001,89.13974500591968,88.84805358150861
2,73.0,76.71413162713219,0.0,0.0,77.05056822531917,76.9363368423489,77.08454828291218,76.90078082183422,73.57142857142857,70.28800000000003,77.1727416882648,76.61518875256948
3,67.0,71.33641626308568,0.0,0.0,72.33181905031452,72.49812505737074,72.6651460391453,72.49812505737074,81.3777777777778,70.864,73.89130480716565,71.34106198968166
2,69.0,69.44377116349372,0.0,0.0,72.58962766656096,69.70586842142512,70.063225757976,69.66799443698703,68.625,70.186,69.27276507620597,69.39564928605155
6,80.0,70.27656250372206,0.0,0.0,71.19417167984648,70.57563555764939,71.03609310679494,70.62680562962102,79.8,65.646,71.21294997610582,70.3020144251766
6,88.0,87.00714302018329,0.0,0.0,87.27683350759193,87.24450257938202,87.59068612425014,87.29747532560762,81.525,84.736,87.36232679481205,87.07196012470915
7,79.0,70.63980838884838,0.0,0.0,71.74528725895219,71.27807926015686,71.34481722221145,71.17644039199708,64.08571428571429,69.94600000000001,70.4766917293165,70.82006842351393
6,71.0,74.40160153964143,0.0,0.0,74.87244469463926,74.63541887835264,74.98156370673495,74.6888323395435,49.6,67.008,74.57457766489165,74.38687672288917
1,52.0,64.34180773837596,0.0,0.0,64.27053483144228,64.11913463318885,64.09865949596663,64.09907522417406,58.0,63.926,64.17389293129015,64.29747757489208
2,70.0,58.6321471554904,0.0,0.0,58.5810221608444,58.82913689884709,58.74482359254744,58.79806710026232,62.37777777777777,62.169999999999966,58.781118046283,58.304290809873606
9,64.0,67.25891468347217,0.0,0.0,68.4296322009315,67.88995095862502,68.28823947498172,67.88995095862502,78.39999999999999,75.39000000000003,67.90287056297508,67.21599582583613
2,64.0,74.48108581407138,0.0,0.0,74.43058240017814,74.23350440312672,74.37172615563671,74.27160914617615,68.625,70.58200000000002,75.58886111336689,74.93437785424511
5,65.0,71.23475817211708,0.0,0.0,70.8456870902067,71.07160900927758,71.01247479892298,71.0642674615306,69.13333333333334,67.97800000000001,71.48246054601283,71.8846238422155
1,68.0,62.70154393057564,0.0,0.0,63.777005925741314,63.1172108024775,63.4470950569891,63.16493336431837,67.96666666666668,68.92400000000002,63.051671000702626,62.785749310273474
0,72.0,73.43107868047443,0.0,0.0,73.02306709791637,73.6988919105755,73.66244437594764,73.66744302406813,70.35999999999999,71.13399999999999,73.82988378438861,73.43066377766989
1,82.0,82.23747701047057,0.0,0.0,81.0765036307594,81.89728876841552,81.60705621534996,81.85278292589534,66.62857142857142,77.05999999999999,82.70103496223226,82.40512852043592
9,93.0,99.58880522969382,0.0,0.0,99.39455336660981,99.87095484263779,99.81274203615716,99.87095484263779,106.86666666666667,101.36200000000002,99.15637908287204,99.13783374236749
6,115.0,101.91869183646902,0.0,0.0,101.88271851406869,102.22591575814661,102.36533600783494,102.27159004510341,101.74285714285715,98.76200000000004,102.66575787527691,102.11449658055582
1,126.0,112.1437019734872,0.0,0.0,111.745729394887,111.77503853774168,111.65859448005783,111.71641617041632,124.44444444444444,119.27600000000005,112.61252422899902,112.4304071094912
4,127.0,122.16063519003376,0.0,0.0,122.21590183722003,122.09233812344189,122.05114909169407,122.09233812344189,135.4333333333333,125.60000000000002,122.80229656641467,122.1392257226854
0,132.0,123.85581111729691,0.0,0.0,127.02875530002656,125.54240673271582,126.21438916935436,125.39790475002619,139.84,126.56400000000006,125.33119461950383,124.4344672590839
7,109.0,113.43766167837006,0.0,0.0,114.25003598749748,113.29915324577044,113.34419252807612,113.30551696032259,125.37142857142858,121.976,113.0592248286289,113.74018596720116
2,108.0,100.67246954119628,0.0,0.0,100.08571005402324,100.31173951367253,100.23737335482863,100.36133507988745,112.325,112.59600000000002,100.12133816065239,100.85540533819177
8,78.0,82.25535425474318,0.0,0.0,83.47228399304578,82.30644816280395,82.53770327832059,82.30286594076837,77.6222222222222,71.94200000000001,82.7336875808858,82.13438918269043
9,76.0,77.97161771226882,0.0,0.0,77.57051262616052,77.6439273619313,77.50563853975467,77.6439273619313,66.125,64.43799999999999,77.74419082943615,77.65278687063126
8,68.0,68.27067819227821,0.0,0.0,69.81604232189967,68.66577275336273,69.4873657800023,68.6356587547045,62.371428571428574,68.30199999999996,69.41403362314078,68.24377044029687
2,85.0,65.14606229714909,0.0,0.0,66.3150211634331,65.51770473400326,65.52533735952998,65.48193227766436,49.4,64.37999999999998,65.84761906511511,65.35163234563964
1,63.0,75.95278236556692,0.0,0.0,77.28789873486535,76.24004840500331,76.51926903941454,76.2677969521079,66.7,76.13000000000004,76.79199065755773,76.44928868420311
6,61.0,67.7167948657738,0.0,0.0,69.87758225963246,68.47232473200066,69.73435504083093,68.6370881805628,69.1,75.24000000000001,68.49017844651681,67.43921003328455
8,74.0,76.44872602442686,0.0,0.0,77.24463497418785,76.99646487000561,77.6541065281491,76.96500942511634,84.64,73.33000000000001,79.12620179115076,76.42413594079433
7,106.0,98.66065166412518,0.0,0.0,98.83609056967633,99.3954246629278,99.22303013394105,99.27841217140752,96.24,103.55600000000003,99.01802472957378,98.79475920714536
5,89.0,103.26688558447175,0.0,0.0,102.07514675751719,102.90854961761619,102.72888030409615,102.88772736694438,110.17142857142856,96.32599999999996,103.28541505645364,103.15242020371477
4,70.0,86.52294661256491,0.0,0.0,87.49241250604804,86.03777337520718,86.1373383801123,86.03777337520718,65.3,75.71800000000002,84.90846959699276,86.04281278088857
3,72.0,71.65771910630025,0.0,0.0,71.90060359183289,71.70991693590744,71.80935926181812,71.70991693590744,61.57142857142857,70.51199999999999,71.1079681934799,71.73349517756915
9,80.0,76.3404592675518,0.0,0.0,75.9651834809565,76.11182590616312,75.98098222755108,76.11182590616312,61.43333333333333,77.48400000000002,76.54093449259366,76.30204449046921
6,74.0,88.32470312501987,0.0,0.0,88.80202486283832,88.55593711110444,88.92285215315502,88.59337650950108,88.4,80.89,89.06998249308675,88.6081860561946
5,62.0,71.50325934362738,0.0,0.0,72.48335517164966,71.65672035036843,71.84309705099518,71.6735705201085,79.17142857142858,65.20400000000001,72.73526364297727,72.07153846597245
6,67.0,74.35633676593511,0.0,0.0,74.36534986948188,74.50665310076863,74.63243242336208,74.54192884180131,95.08,82.16,74.75763854700489,74.19803950019293
1,66.0,71.41005717524331,0.0,0.0,71.43056861949694,71.48227389428853,71.53336586309884,71.50765626637686,43.48,62.70000000000007,70.6376770132747,71.05291122354996
5,98.0,92.7502033246553,0.0,0.0,92.51833831427369,93.16312439827081,93.26106169539662,93.19399891845671,87.63333333333333,97.82400000000001,91.48753732329756,92.02034886053895
2,53.0,87.68864270241667,0.0,0.0,87.6401507849226,87.60358687916298,87.59156876320839,87.61537872274556,82.16,80.39600000000004,87.93358566346946,87.86294051685744
4,99.0,88.8663318831835,0.0,0.0,88.82869201274106,89.37421097054502,89.59902052712067,89.37421097054502,106.39999999999999,102.64399999999998,87.83929827155849,88.61223011498166
0,97.0,103.13253166065701,0.0,0.0,101.89761159362247,102.61314281311242,102.4038392468944,102.66299665133988,91.66666666666667,99.03799999999997,102.97009079791847,102.87908212158422
0,89.0,85.5782933554685,0.0,0.0,86.60280029436578,85.75084283468784,85.97976827482,85.74823856126746,66.24,78.09199999999998,86.80787660457605,85.88322061408121
2,64.0,80.25054653951194,0.0,0.0,78.25851133473122,79.58871870372164,79.4271766267408,79.63852538555959,52.699999999999996,69.67800000000003,78.36677364576195,79.89883776309087
7,75.0,82.3472210221957,0.0,0.0,83.20433573911764,83.83831604955105,83.7467009993979,83.62428799136069,77.45714285714287,71.58600000000001,82.60139339891035,82.54323051029665
0,58.0,74.75342937830652,0.0,0.0,74.67064179814135,74.78464047663732,74.70898488675684,74.77894856074258,70.13333333333334,67.77600000000001,74.7395060925584,74.82921145353856
9,80.0,74.6453932551354,0.0,0.0,74.87127831699596,75.00551337093276,75.19592468008953,75.00551337093276,76.08571428571429,71.91399999999999,73.68666442227148,74.61219254082798
1,53.0,74.61630870941144,0.0,0.0,75.4529163498944,74.57111826000582,74.78219426971134,74.57046001197735,62.6,67.17400000000002,74.98279795949631,74.74016427830631
9,61.0,61.10642422106382,0.0,0.0,61.42733238056293,61.71221983597884,61.98407989715877,61.71221983597884,46.92,54.03800000000003,61.20481524095745,61.35905585854725
3,55.0,59.9672031370681,0.0,0.0,61.535674908446495,61.34913681380314,61.7924927657634,61.34913681380314,43.955555555555556,55.566000000000024,62.48514189724777,60.00409314324753
7,70.0,75.96557997764732,0.0,0.0,76.14443575504708,76.3640653441648,76.49550898692884,76.28292318635275,59.33333333333332,67.09199999999998,74.995654895804,75.44792492697142
7,85.0,86.62433843730611,0.0,0.0,86.15623481129222,86.28025046516598,86.31456834502687,86.33901461730295,89.42857142857143,91.55399999999997,86.99945501689503,87.22832488978426
9,120.0,101.29146426007887,0.0,0.0,101.93606222172798,102.00567768633022,102.24569427919184,102.00567768633022,113.86666666666669,114.90400000000004,102.43532918701408,101.27484915934822
5,140.0,119.43249611293426,0.0,0.0,120.28058185648646,119.53608014750364,119.50791027591106,119.52980457590158,127.33333333333333,135.90999999999997,120.40947572734919,119.86156360107799
3,126.0,129.3911475305817,0.0,0.0,126.68403574429956,127.70586060719336,127.07080155838011,127.70586060719336,128.62857142857143,135.12800000000001,126.43111609924219,129.41934244153282
8,102.0,92.49859978898161,0.0,0.0,92.33526132598237,92.75764516949523,92.92856584412834,92.74443674495187,68.2,87.53000000000002,93.29600832278119,92.48152572084565
0,66.0,92.09815007338806,0.0,0.0,92.3269034787707,91.40219112313929,91.32491512313355,91.46654481385796,108.25000000000001,85.45400000000001,91.76190473235519,91.94853063508788
7,68.0,69.72162976007965,0.0,0.0,70.07021117293658,69.9569505361121,70.02430969192238,69.91356177951559,48.949999999999996,62.972000000000016,70.21507075198787,69.92676947020354
5,72.0,78.71796824795791,0.0,0.0,78.21059696080079,78.60733296707328,78.60654553004645,78.60719068872567,68.43333333333332,65.84,78.88169882504629,78.92314611591331
9,91.0,87.66894549731322,0.0,0.0,86.30575362004899,86.94034861431169,86.51566138146617,86.94034861431169,101.60000000000001,88.91600000000004,87.07662360102638,87.63875709691699
3,113.0,98.23952254333851,0.0,0.0,96.66123477315877,96.79643919361585,96.4232558940456,96.79643919361585,85.54285714285713,101.05200000000002,96.96131492593952,98.34859762516047
0,79.0,97.49727000341605,0.0,0.0,97.50858068232935,97.14799719136872,96.98948090640033,97.19041667151649,97.83333333333333,92.95599999999996,97.14862827320842,97.57406310576634
6,68.0,81.6709909598938,0.0,0.0,79.97392023437722,81.09593860194083,80.29170176210948,81.01033431809806,71.36,74.07999999999998,80.32891971980544,81.30776622042133
5,79.0,75.53382427774434,0.0,0.0,74.28468520851187,74.91278364777612,74.685450697884,74.88977928007228,68.46666666666667,70.65199999999999,73.48531082513288,74.21557471763091
9,79.0,93.63422345505208,0.0,0.0,94.10105869186722,93.71979430740566,93.8246258019828,93.71979430740566,91.37142857142858,87.19000000000004,93.55440823863907,93.73490357768225
9,102.0,86.23311197013777,0.0,0.0,85.8711341794377,85.55776096525008,85.2854944399011,85.55776096525008,54.13333333333333,67.58399999999999,87.08518476377782,86.59389512170728
6,64.0,83.57519426766876,0.0,0.0,83.99699116355346,83.48594987082943,83.46022613312603,83.46296460476577,64.34285714285714,72.46400000000003,83.39752257447331,83.47567071702342
2,74.0,76.30080418825713,0.0,0.0,77.04202777485129,76.54884630797466,76.58952149736312,76.52884598271854,68.42500000000001,68.964,77.30186111897109,76.27774472042385
5,53.0,84.08866871655108,0.0,0.0,84.47906344415809,84.42997947818608,84.4300445947445,84.448148892394,72.35000000000001,77.516,84.51777979085038,84.55557225567195
5,83.0,88.68226106730305,0.0,0.0,88.75370034881088,89.45394706364698,89.51616886395286,89.50464030708886,100.2,104.60600000000001,88.12991291508021,88.36042101829311
5,95.0,108.95580236853066,0.0,0.0,108.49882557935871,109.24516825912143,109.18583677895704,109.2728146436718,113.06666666666666,119.69000000000001,108.88872116189825,108.52357430004406
0,123.0,104.51769812664872,0.0,0.0,102.9352878640211,103.21009617011643,103.13085308095425,103.32939783360047,107.85,111.91000000000004,103.39343801050462,103.97232653612457
9,85.0,89.3220655017893,0.0,0.0,89.6515938116799,89.6889734042876,89.87723066911794,89.6889734042876,88.72,85.036,89.05210954089527,89.40442320384616
8,64.0,81.3268364870557,0.0,0.0,81.17479007127503,81.15989632600234,81.00038191211637,81.17205400239523,77.56666666666668,76.39200000000001,81.5785033532755,81.33246766798335
3,70.0,83.04901601628194,0.0,0.0,83.28726942761898,83.35838758818872,83.49193220499396,83.35838758818872,69.44444444444444,73.152,82.15534428289133,83.10484887769265
6,68.0,73.52577641182829,0.0,0.0,74.47706216472427,72.71131718156047,72.64640786176612,72.60167455890037,59.666666666666664,64.42399999999999,71.74834160603895,73.3518549601452
3,69.0,79.48792703975269,0.0,0.0,79.53239391886441,79.08259156817806,79.23533581070745,79.08259156817806,71.975,70.54400000000001,78.63298992066377,79.61183527968286
1,68.0,75.7485412403545,0.0,0.0,76.32480729903786,75.81255805680158,75.90168380008868,75.8124529150814,67.37142857142858,67.63599999999997,76.35420770273807,75.86496206328081
4,66.0,66.57718561537752,0.0,0.0,68.70101628978284,67.23299408927689,67.91171084087358,67.23299408927689,57.35555555555556,66.71199999999997,66.80241984291588,66.5868472376803
3,55.0,57.81622448292829,0.0,0.0,59.06047737484751,59.06179855417933,59.44533767345206,59.06179855417933,60.44,60.50400000000001,58.796579934841866,57.866462040967775
9,61.0,65.83249598755816,0.0,0.0,66.30876947586594,66.8084743748623,67.0918190016895,66.8084743748623,80.14285714285714,70.84400000000001,66.23073298226154,66.01118881218191
4,61.0,68.12217187760444,0.0,0.0,67.14191468349196,68.1410644414436,67.93566559042588,68.1410644414436,72.0,62.30999999999999,67.24270060853969,68.1866707513218
3,64.0,70.469956254859,0.0,0.0,71.63230715728693,70.86443697434804,71.32965242107554,70.86443697434804,61.06666666666666,69.288,70.00969517669404,70.62947983649471
0,98.0,94.08722202688088,0.0,0.0,94.32954045433998,94.85191144460212,94.95392854718989,94.74644519843227,103.76666666666667,97.584,93.08084693799125,93.41642180679885
3,73.0,86.74413133267282,0.0,0.0,84.61628297340948,85.50224384100409,84.98066860718606,85.50224384100409,60.625,82.492,82.96326023551082,86.4576228546455
9,72.0,79.36475048230213,0.0,0.0,79.67697986915734,79.37353583018745,79.50709193724789,79.37353583018745,77.02857142857144,81.366,79.15150131776707,79.66830023471532
6,72.0,81.0348640272331,0.0,0.0,81.77232012797596,80.95431040444466,81.21970062751618,80.94027401762588,88.4,78.24799999999999,81.04829309693162,81.4995100742369
6,51.0,75.5119750758603,0.0,0.0,75.53910536244007,75.14776089504217,75.09553402891726,75.10620619363849,73.0,68.22199999999997,74.05382665180468,75.1342489646509
9,67.0,55.047492604072325,0.0,0.0,55.65419668730408,55.469093664461354,55.86084561349031,55.469093664461354,54.73333333333334,53.438,54.50434158840307,55.21140017072215
6,72.0,77.46454498198068,0.0,0.0,78.6095518882068,77.60100665653121,78.34750117204646,77.66209208489337,84.1,77.10399999999998,76.08145715193875,77.23715208541901
5,80.0,86.9693031417751,0.0,0.0,86.05660222854908,86.5814893815777,86.33727481899358,86.55461113647434,80.22857142857141,90.38799999999999,86.81668271340405,87.22336038335177
1,80.0,85.13732176143984,0.0,0.0,84.00387612949052,84.56011701381277,84.23197372512267,84.48047046678745,84.67999999999999,83.49,84.58767672865997,85.72108707960312
3,86.0,74.65622456969571,0.0,0.0,75.8048008225501,74.7059155320348,75.03842104199751,74.7059155320348,69.03333333333333,81.63199999999998,73.77327140610223,74.5461919580125
1,87.0,73.88782222919177,0.0,0.0,73.02515513704209,73.77492096053747,73.5547814450122,73.75615254921948,74.5,87.5,73.35924747000732,73.94458972243159
6,74.0,71.21580455023101,0.0,0.0,71.75023813384581,71.13323977748304,71.1994631750429,71.13660340054595,88.2,81.55599999999998,71.06588073587055,70.65455124555147
2,78.0,63.4418296431569,0.0,0.0,62.18889951852799,63.43628710492226,63.39063924525486,63.43484136742293,66.2,66.35999999999999,62.944721732110935,63.34059753340566
4,84.0,74.806649391967,0.0,0.0,74.33212496800797,74.13835716836354,73.7261988949196,74.13835716836354,79.65,76.92800000000001,73.4904742227967,74.34591089266543
7,88.0,76.19111161702602,0.0,0.0,75.72545288670761,76.44710489092036,76.41504161069852,76.40692593102547,92.625,86.14400000000003,75.76461469696926,75.8503465333574
2,74.0,72.2414399358789,0.0,0.0,71.99687418728374,72.03077312157649,71.93234984312872,72.05019827111468,94.62857142857142,82.67199999999997,71.93338679725865,71.91233806399676
3,88.0,62.48924989495163,0.0,0.0,61.76001924643495,62.8264070527966,62.623171297237846,62.8264070527966,74.33333333333333,73.42400000000002,63.34839401007879,62.399527407627204
1,89.0,77.75430708012803,0.0,0.0,76.87620955899428,77.42849426847455,77.19336858587683,77.39906275343105,90.19999999999999,89.434,77.09662510409557,77.63279796594723
1,81.0,83.58938920668601,0.0,0.0,82.50557293682525,82.95686605860253,82.59297833269892,82.8628777480206,81.11999999999999,82.258,84.22481134039107,83.75915034451965
0,81.0,72.37947476904432,0.0,0.0,71.94296094330963,72.19251093684248,72.29456503086894,72.20780799992592,72.16666666666667,76.52799999999998,72.30437650339192,72.1504894117655
3,99.0,82.79986682276945,0.0,0.0,82.5694802595703,83.11700806878792,82.87940085583261,83.11700806878792,91.94285714285714,87.05600000000003,83.3985079209769,82.77406803210349
1,77.0,75.67109359952903,0.0,0.0,76.0120587664645,75.24615507587619,75.20288654586773,75.19297438790377,80.68571428571428,84.914,75.80177599128264,75.62044376315853
9,75.0,75.81321005369603,0.0,0.0,76.46120262891634,76.10206605585344,76.34761002395952,76.10206605585344,84.08,81.676,76.07856690235862,75.89872137726833
0,88.0,85.79869628669329,0.0,0.0,84.36938129615406,85.9000180705721,85.70991711624146,85.90830191681542,82.6,81.88000000000002,86.64148869206936,86.7536519044487
0,89.0,67.40302126461954,0.0,0.0,70.47728727722497,67.6482164462983,68.19531716260626,67.63669724430505,84.24,85.402,67.96440967264695,66.89374642392742
6,91.0,77.66859334468077,0.0,0.0,77.07035485639366,77.4999755936895,76.80410059206825,77.43763484511247,88.2,85.46199999999999,79.36938522065886,77.99447477033112
8,88.0,81.147188391795,0.0,0.0,80.53383602772377,81.33887121552948,81.31796231834844,81.32963168402902,96.425,91.15800000000002,84.13170526013393,80.85550993734599
4,94.0,81.49707749354229,0.0,0.0,82.70595574489992,81.84317953245653,82.13412576853456,81.84317953245653,88.36666666666667,88.05,82.84755878749074,81.5624189073209
2,84.0,74.59858098959208,0.0,0.0,76.72312251322417,74.56189339232415,74.74822770200767,74.56980814231076,91.76000000000002,82.18199999999997,74.93469082144729,74.81277403052492
0,93.0,79.0246875886632,0.0,0.0,79.22931032140727,78.41358889132454,78.29995742667788,78.46233910412332,91.82857142857142,87.58800000000005,78.05509896658931,78.96309708828912
7,95.0,78.47160702400461,0.0,0.0,79.41418142187676,78.4341744568747,78.56576199648639,78.47998837297268,87.60000000000001,86.17199999999997,79.8612839231154,79.41797509668518
3,84.0,79.82689243085443,0.0,0.0,79.0761559750779,78.62220393869283,78.37947905392896,78.62220393869283,94.56666666666666,88.30199999999996,79.0654799254928,79.4537252484494
0,82.0,72.70380865525297,0.0,0.0,73.24670858272997,72.53190740039246,72.50251534980859,72.54402345331715,90.52000000000001,81.618,72.91725906941605,71.97007539786323
1,87.0,72.36949731890357,0.0,0.0,72.94779047895585,72.59650682081765,72.66365965408976,72.61449155433498,63.68888888888888,78.062,72.86906910014554,72.51692282246192
6,93.0,69.96198378345159,0.0,0.0,70.91279329099291,70.59365810126174,71.35245479387072,70.6953562388736,98.44,86.986,70.18657945418606,69.96762621455767
4,90.0,74.80739679612864,0.0,0.0,74.1994774846668,75.00274272072103,74.84091912882357,75.00274272072103,87.45714285714287,86.53600000000002,75.95573612465373,75.04758695565657
3,91.0,72.67917970220387,0.0,0.0,72.5217600417856,73.55820091360764,73.4173515328815,73.55820091360764,86.28,75.71799999999998,73.4142810222088,72.48881822963247
7,67.0,78.82855370602351,0.0,0.0,79.44402028403084,79.13299214346151,79.14191223775954,79.12115567760603,56.199999999999996,78.194,79.99521850914225,79.28775766421982
2,62.0,58.201726531349316,0.0,0.0,58.46084632183438,58.17106001091173,58.11780346084459,58.16527803821681,58.120000000000005,63.462000000000025,57.62516322038652,58.17167927792919
8,80.0,59.13438557251203,0.0,0.0,58.03803636674506,59.23346632798493,59.057816865540445,59.226338447621316,53.44,61.30400000000002,57.88913326389715,58.90884967694462
0,88.0,84.58750774761698,0.0,0.0,86.35869141772363,85.8717517775789,86.07830468385896,85.73166258347788,71.5142857142857,91.23200000000004,84.4916808784281,84.63512096335924
2,83.0,77.17011018438455,0.0,0.0,76.87325890178639,77.331890567929,77.29335689509772,77.32201281105017,83.28,84.13999999999996,77.84804679418724,77.14245783334479
8,75.0,81.30922473639146,0.0,0.0,80.93568295286178,80.80712241611512,80.54337185589097,80.83280604652067,79.86666666666667,83.69400000000002,79.6634767005426,81.41290831758793
8,94.0,79.85035233137557,0.0,0.0,78.58448094739452,79.88905639806019,79.5482627776839,79.89280007143373,93.34285714285716,82.21000000000002,79.791887788318,79.98299033985248
7,61.0,85.19913043695658,0.0,0.0,84.32083078887464,84.22252248908556,84.2881263195855,84.3454251540741,86.28571428571429,79.62000000000002,83.78535578764823,84.926464095104
1,63.0,67.02287920730637,0.0,0.0,67.59839522362714,67.29284830769775,67.39381701578961,67.33082614441612,64.08571428571429,56.17800000000002,66.1233719030062,66.65480767424827
1,110.0,82.92711333427059,0.0,0.0,81.55302861265048,82.29908838646404,81.91873967701135,82.2425051108486,57.0,69.24600000000002,81.1851874316065,82.46751626890102
7,139.0,121.65076314691228,0.0,0.0,121.92820853913625,121.5217856029407,121.52503754411693,121.56811643679887,125.37142857142858,120.20200000000004,122.77661449663614,122.09833781598024
4,94.0,95.94570835163685,0.0,0.0,96.46869217235752,96.15649778920968,96.32686960817684,96.15649778920968,102.11428571428573,87.80599999999998,96.55064510763135,95.72705886325956
9,94.0,92.87809630794345,0.0,0.0,93.86301868200047,92.63862296634095,92.8035937476191,92.63862296634095,101.60000000000001,90.522,94.01667413439225,93.07688468760216
4,88.0,81.60281336057434,0.0,0.0,81.49875984184251,82.02513616172462,82.07369513508701,82.02513616172462,91.16,85.78200000000002,83.33526096274359,81.9303988993334
2,96.0,72.93519204677176,0.0,0.0,72.97067648412886,72.87774362913338,72.82902051322475,72.87259345312984,84.96,86.74600000000002,71.47156705498872,72.79047623460468
8,84.0,78.69527537703019,0.0,0.0,79.20739844825226,78.9040327356822,79.00378378521242,78.89433492358076,83.8,83.20199999999998,80.04526347409019,78.69672119367995
0,80.0,85.73929493111623,0.0,0.0,86.80438742105856,85.77787018789945,85.83680689148437,85.77366268518342,80.2,88.86600000000003,86.3122319680426,85.16673955628278
1,88.0,83.6692432319259,0.0,0.0,84.12808727295477,83.74802967158679,83.85546687687933,83.75014029333094,97.2,82.37999999999998,84.09257437961779,83.85765657984696
8,101.0,95.68784880628411,0.0,0.0,96.91434367564288,96.03629788305038,96.45679880274221,96.02013177682878,95.4,101.58000000000007,96.93348148369935,95.760588136437
3,117.0,112.66006745735447,0.0,0.0,112.63166806751336,112.86686068155122,112.83655555542558,112.86686068155122,104.96666666666668,105.58600000000003,112.64839971506727,112.53270248218023
2,109.0,118.57497794938216,0.0,0.0,116.62283014440743,118.34646359864091,118.05779803339328,118.38119590255971,102.16000000000001,112.95400000000005,118.89044320888271,118.27860044076319
8,122.0,106.70232350566964,0.0,0.0,106.87284711116463,107.11939277873483,107.30850806679142,107.10137730470906,120.0,101.42199999999998,108.05913497099262,106.66761117351935
2,143.0,119.37917045288381,0.0,0.0,116.92452148152393,118.69735694253541,118.49126428763634,118.7729967734896,133.04000000000002,126.93400000000001,118.56931831922518,119.19618800690023
5,130.0,112.1301825627592,0.0,0.0,112.64234636463229,111.38331703916842,111.4625060040345,111.32611912276727,58.160000000000004,91.15999999999998,112.88754458860217,112.85967689428445
5,110.0,102.05953111971256,0.0,0.0,101.46578442891544,101.09830332415675,100.99770030238882,101.03891162115636,76.4,86.35000000000004,101.55791228460834,102.17501265180216
5,80.0,94.37213988686283,0.0,0.0,94.83313638986785,94.4762834539354,94.38721370879895,94.46716821130238,76.4,93.05599999999998,96.91428267952762,95.67873299263742
3,106.0,94.95533176661026,0.0,0.0,94.62465203804852,94.67421647741487,94.49383668027696,94.67421647741487,82.97777777777777,101.57599999999998,96.2595659709614,94.85648030142144
5,61.0,100.35776473008988,0.0,0.0,99.14259375145467,99.80905115926771,99.5172570444015,99.76967832770471,99.66666666666667,102.13799999999999,100.46690030963438,100.48420582837636
4,80.0,87.2364264203639,0.0,0.0,85.4673590752531,86.48424071641237,85.93048749024396,86.48424071641237,106.39999999999999,99.862,86.91707608529242,87.37546003487276
1,84.0,81.48037164162233,0.0,0.0,80.32708355872902,80.96115807131464,80.68295143458157,80.92261034923247,78.35,77.53000000000002,80.46303506264346,81.40505932247108
3,87.0,86.11248833976623,0.0,0.0,86.17051258412029,86.24706887349429,86.14289654668286,86.24706887349429,98.72,88.57999999999998,86.54344838259198,86.12381451286048
7,82.0,79.32557061228962,0.0,0.0,79.26834124885761,79.06196978646653,79.03776254008297,79.10592463865518,79.10000000000001,81.51000000000003,79.7145004453432,79.71002267426218
5,92.0,85.48779053345518,0.0,0.0,85.89870974299662,86.4313025710753,86.55981206085576,86.48900058941474,92.44000000000001,93.42400000000002,86.9769215716568,85.8973703096663
9,114.0,103.4617430196286,0.0,0.0,103.23891358344713,104.0111503062697,103.90894309871501,104.0111503062697,109.63333333333333,97.85199999999999,104.25008181373668,103.31138634575181
2,94.0,94.8209775096953,0.0,0.0,93.24269237616222,93.97789851038742,93.9494162505808,94.07299842447563,87.8,82.75200000000001,94.94448673482648,94.98389576118976
2,80.0,81.02175860644212,0.0,0.0,82.40723052259627,80.8311497314731,80.9256748843701,80.85703166582579,72.74285714285715,81.90000000000003,82.03365962143828,81.12667529586018
3,79.0,66.97244735365517,0.0,0.0,67.63744178324265,67.43801023006961,67.59784727680345,67.43801023006961,70.96666666666667,70.716,68.27819568354101,66.92047472749329
9,79.0,92.55181173911222,0.0,0.0,92.43159447156765,92.22006775963168,92.121677879279,92.22006775963168,98.08,86.89199999999997,93.35440665053646,92.69144585817446
3,101.0,90.05317773684763,0.0,0.0,90.08709180018685,90.3497717724918,90.255232398158,90.3497717724918,85.47999999999999,79.17000000000003,90.3224922958226,90.02819211231063
3,106.0,97.39338417497078,0.0,0.0,97.8735697676306,97.23615145566885,97.23484963926538,97.23615145566885,85.54285714285713,94.01200000000003,99.44904453943491,97.56466779064718
2,101.0,89.78153501245896,0.0,0.0,90.62904634913919,89.69928342244884,89.81840090015007,89.70192497871408,105.17777777777778,86.73200000000004,89.60009724160624,89.87140544362822
2,90.0,88.5809669758696,0.0,0.0,89.623902587137,88.133124018424,88.37274398519892,88.1788576883219,95.0,85.994,88.82793858227548,88.75594439418236
1,72.0,78.46977820517708,0.0,0.0,81.11289278041806,79.26931406976465,79.96348331996084,79.35817429918666,64.94285714285715,81.50199999999997,79.91761724302897,78.64739053139381
5,70.0,65.56970763584394,0.0,0.0,65.87021614917849,65.6804326146246,65.76964463598402,65.68850213723503,67.91428571428571,62.1,65.36795207590076,65.04836958599867
5,83.0,67.63280752949485,0.0,0.0,66.2787415472345,66.87453749196224,66.57289433817473,66.84475796142775,62.08571428571429,70.02000000000002,65.54377714305524,66.55956516377937
7,88.0,82.42998446794402,0.0,0.0,84.08063531843868,83.5866835979255,83.69119684580612,83.4354142446179,112.96,91.63000000000002,83.2825507142267,82.52758515971365
9,145.0,118.6452884454715,0.0,0.0,118.26885203551113,118.99844506810103,118.84007938758833,118.99844506810103,133.9333333333333,126.49799999999998,118.80337649112268,118.34605076976663
3,81.0,117.32794355312393,0.0,0.0,116.89498120818544,116.50341556870113,116.24723158178872,116.50341556870113,125.91428571428571,98.98200000000003,117.28389509652388,117.11141821649096
8,121.0,101.98888969331831,0.0,0.0,101.61634667078752,102.31813637709462,102.55143390807567,102.29926648455736,125.71428571428571,104.184,103.34975595658052,101.86405022959201
9,146.0,120.36674576900644,0.0,0.0,121.18678220820755,119.92985695375094,120.11236528490068,119.92985695375094,140.72500000000002,131.16599999999997,120.46819025438597,120.50519835760696
3,121.0,131.51002738655282,0.0,0.0,131.11752535003112,131.26037387906456,131.0854800451057,131.26037387906456,142.88888888888889,119.428,132.2234115644373,131.5143260631503
1,146.0,133.7240859612461,0.0,0.0,133.81640386497094,133.69510449585957,133.69211863234054,133.69031203133162,129.75555555555556,131.82000000000002,134.36598667584843,133.72065715755355
3,108.0,111.038103414358,0.0,0.0,112.39014133839277,112.11249816291122,112.54837662734172,112.11249816291122,89.32000000000001,100.60199999999999,111.9284693887548,111.01787209612708
3,83.0,92.90598688269282,0.0,0.0,92.96158027943932,92.76459963738385,92.72687203692408,92.76459963738385,87.56666666666666,78.35199999999998,93.15100964704502,92.96900479242582
9,57.0,83.74129719552724,0.0,0.0,83.25358476208885,83.29139545915237,82.95233023398399,83.29139545915237,67.2,78.99399999999999,84.71603355352657,83.95470339175984
8,81.0,82.56252992160026,0.0,0.0,81.60152711868552,82.54533761259762,82.43452434275181,82.54608082091447,90.75999999999999,87.69599999999997,82.31681223942067,82.49062887299384
5,67.0,82.90096640471003,0.0,0.0,83.00950682181141,82.65553175596877,82.71801024747442,82.65136065659102,72.35000000000001,77.63600000000002,82.74670570715674,82.21342837239715
7,70.0,86.32905546520736,0.0,0.0,85.85363844919199,86.37520424464677,86.30674708145598,86.36774796080299,100.2,86.47400000000002,86.86053407107204,86.57483877490769
5,106.0,101.12701330238498,0.0,0.0,102.25463867848352,102.3841290571694,102.50883975270509,102.4562203653982,101.7,107.32600000000004,102.87089466614967,102.26383815238981
6,139.0,116.06650859512885,0.0,0.0,115.3633767034892,116.62168724178919,116.80936407493877,116.70456181151619,120.43333333333332,124.00399999999996,116.86309336646151,116.21622558289341
4,79.0,98.06025259369112,0.0,0.0,97.49510645793701,97.68171718875543,97.40219597182804,97.68171718875543,102.11428571428573,90.654,98.17735466294877,98.08392640771733
8,93.0,71.31911174192243,0.0,0.0,71.61501736747495,72.26589778640646,73.04145102099893,72.21333192094481,91.08,72.14400000000002,75.80258429808494,71.30485030407642
0,97.0,96.19651331345318,0.0,0.0,96.39996902133697,96.7909701066093,96.88035936795815,96.75130447684063,85.72,96.44400000000002,97.0305588856974,97.08164246109538
0,113.0,78.10048216441129,0.0,0.0,78.6110833737777,78.96357953107301,78.87099851679534,78.91384813548991,75.24000000000001,68.62400000000001,79.37162224511405,79.64383850487948
1,72.0,95.42911486812378,0.0,0.0,95.83496199606974,95.44872305648344,95.48022946539187,95.43158560786854,92.39999999999999,84.288,96.41611336114052,95.59663065533766
2,88.0,80.09007750537218,0.0,0.0,81.88913289730054,80.88157070395211,81.08767569546477,80.81314398794339,64.16,73.58399999999997,81.58831733428474,80.56700565495271
8,77.0,71.52837606269135,0.0,0.0,72.96089383873442,71.92167378991583,72.34810645967524,71.90333039121074,77.6222222222222,67.56600000000002,73.0140625702849,71.63359884850057
6,71.0,76.88054457823047,0.0,0.0,78.12380454511421,77.65291853776874,78.33402387170035,77.77209964162357,71.36,76.37799999999999,78.95052599930726,77.08951070971634
6,56.0,67.32059252032141,0.0,0.0,67.50469344045544,67.08077819879063,67.38589881868162,67.07310508846888,71.46666666666667,64.31399999999996,65.45638831527185,66.4044357375781
2,45.0,58.28063819619234,0.0,0.0,58.46119255313112,58.70732499206433,58.64223371210838,58.65478804988673,58.4,57.776000000000025,58.21900906002621,58.05212974050871
0,67.0,60.63377414370122,0.0,0.0,61.39189852674609,61.57463851148148,61.62503835359543,61.46883245924725,45.62222222222223,62.983999999999995,60.9633010593288,61.17483341792068
0,67.0,76.31355566775645,0.0,0.0,76.96230347132206,76.59001866919547,76.8462196611829,76.58110981862895,61.857142857142854,70.00999999999999,77.03176499234556,76.32945960168905
8,84.0,78.1562228511508,0.0,0.0,78.89959230720137,78.83074319858201,79.53329064574633,78.79247387822888,78.76666666666667,78.22999999999999,80.81952784504296,78.15639206383041
6,63.0,79.11114236352368,0.0,0.0,79.29958106088314,78.49366182538324,78.30992153228927,78.39727572235095,81.8,85.06800000000003,77.32163478169888,78.88339304472359
0,69.0,55.35558989168413,0.0,0.0,57.5095703913417,56.145661515125404,56.52710638467502,56.05520536567829,55.300000000000004,58.60600000000002,55.042005888447264,54.75081818442993
5,92.0,69.87753726735143,0.0,0.0,69.95254873568965,70.15834509828692,70.27165079513561,70.1819706024082,65.16,71.63599999999997,70.00531229356449,69.32874784057836
7,88.0,86.36915165175132,0.0,0.0,85.83995850212918,85.78644469001118,85.79988981836915,85.87291075123618,87.28,86.09400000000001,86.23218423116576,86.06656490800076
1,66.0,80.89698128754344,0.0,0.0,81.24315157800234,80.92522966610703,80.97130449546972,80.93041710303666,101.05714285714285,79.75599999999999,80.5168821650447,80.71841871921173
1,72.0,75.74314476943871,0.0,0.0,76.27608577429878,76.07499402081959,76.26724784133887,76.11668264651435,51.12,64.22400000000002,75.60169906215806,75.78340677805268
0,81.0,81.51087423275743,0.0,0.0,82.2776887573256,82.24653803677953,82.53483697596134,82.16871838696748,100.02222222222223,83.89800000000001,82.01631339968536,81.6702393110469
4,83.0,91.48032899030747,0.0,0.0,91.48351996598143,91.82401323874592,91.92067757762362,91.82401323874592,89.8,95.454,91.52315636432363,91.45481822796805
4,149.0,102.91293631451444,0.0,0.0,101.70940157327865,102.48832634649857,102.10845657863197,102.48832634649857,108.4,113.958,102.06833417748574,102.6925337316136
2,153.0,136.02602228035084,0.0,0.0,134.60501191220428,135.81372370501734,135.7440055612717,135.8571367140961,143.8,146.41799999999995,137.18201962025333,136.05651766323138
5,159.0,128.07674162373843,0.0,0.0,128.59890755596962,127.27982633370488,127.33748415187841,127.23187640693904,132.35999999999999,140.05599999999995,126.51193939562185,127.70917084366444
4,149.0,125.72219498197336,0.0,0.0,127.35399145395914,125.61862172665042,125.88118322101548,125.61862172665042,145.02857142857144,138.71199999999996,125.85143471069921,125.83607136363332
9,160.0,131.14171135340774,0.0,0.0,131.4386176423578,131.23274566921648,131.21496367270328,131.23274566921648,143.0,147.32399999999998,131.62430990406804,130.9924557626154
3,156.0,141.3086558734666,0.0,0.0,140.44541843979457,140.55949857346488,140.19518223365816,140.55949857346488,143.29999999999998,144.18999999999994,140.33634080097437,141.3232845071712
9,84.0,133.72996992344423,0.0,0.0,133.0000588027466,133.27175412723233,132.95872400160275,133.27175412723233,143.0,128.832,133.08625288443577,133.48693050240294
7,126.0,103.75345442869946,0.0,0.0,103.96128550688084,104.12725686772944,104.10705719300415,104.07865558719186,110.44000000000001,115.98800000000004,104.27433299268078,104.05771966902601
0,116.0,97.84257845486155,0.0,0.0,96.67529937423332,96.97478864146736,96.70631304275365,97.04625285843623,105.52499999999999,97.44999999999999,96.83523319622816,96.59377290897598
6,77.0,88.81482469242565,0.0,0.0,89.60008080604067,90.13063705789673,90.91282983823228,90.29329308918906,93.52000000000001,85.52799999999999,92.05766003414884,90.27763207875655
9,63.0,74.50480288078123,0.0,0.0,74.83983938848172,74.56721318286296,74.63291031943106,74.56721318286296,82.44,67.54,74.63843925487086,74.69707734211234
1,54.0,59.271570078035055,0.0,0.0,60.48044189127077,59.747977095193896,60.05073613817157,59.810195850360984,43.48,58.30799999999999,59.90052346500832,59.38818120434793
7,65.0,65.39347353262244,0.0,0.0,63.6801608933699,64.52592884509947,64.40792989425009,64.60375891644959,55.04,52.05199999999999,63.874291615668255,64.6979332647602
1,72.0,65.28022056510632,0.0,0.0,65.74263366949347,65.10641612738303,65.26751201047756,65.09728883146992,49.36,61.07999999999997,64.52504062387764,65.46929285300622
9,60.0,70.40697576529857,0.0,0.0,71.0403798072917,70.4451324397062,70.59319904796357,70.4451324397062,71.47999999999999,71.44200000000001,70.53956383066827,70.57568287025278
2,70.0,67.81260858277992,0.0,0.0,68.72672348964997,68.9957429689835,68.89441519012384,68.88254649871081,69.56,71.02199999999998,69.79028756314005,67.80741223727834
3,77.0,82.2906963518848,0.0,0.0,82.42644236133381,82.33102408466095,82.32402766910492,82.33102408466095,70.97142857142858,74.072,82.89978909760285,82.2725172998643
7,98.0,102.2146206932888,0.0,0.0,100.57913605401694,101.76893709636406,101.50196532849252,101.81929730717381,69.82222222222222,85.652,101.93837714949578,101.97312400959459
9,111.0,108.57474039616004,0.0,0.0,106.28973857805565,107.6101889106063,106.96150518434547,107.6101889106063,116.675,96.48999999999998,107.45224882188032,108.46713692355272
8,75.0,90.89279140911908,0.0,0.0,91.89271889099963,91.7571174151712,92.56706040873095,91.71302044584084,68.2,93.95400000000004,95.25318492844912,91.03723606704376
0,116.0,101.6794166226688,0.0,0.0,101.49323157722179,102.17124388408112,102.1854727419953,102.12618217339508,103.2,113.91400000000003,101.78694003607167,102.5031078661794
2,109.0,95.81033666260862,0.0,0.0,96.82747998364681,96.22519072969195,96.38891273829506,96.19892258284986,85.2,91.93799999999997,96.70910576609415,96.1840097936505
1,67.0,76.68128986200767,0.0,0.0,76.1417319527248,75.99409017406018,75.81067944327394,75.92494917734388,71.5,72.95800000000003,75.62873359398965,76.69293925389196
4,76.0,74.85270697395592,0.0,0.0,75.23458961107289,75.13640565506444,75.29724960811453,75.13640565506444,69.57777777777777,73.65199999999996,75.38568120998715,75.05927241519665
0,113.0,102.50873025271005,0.0,0.0,100.36681537223618,102.67051602200628,102.4486890172136,102.68000214989897,107.85,108.906,103.70144898981755,103.85852955110606
6,117.0,108.80969204559396,0.0,0.0,109.21474188928447,108.51845183418773,108.27176182979781,108.46032812551651,120.43333333333332,124.992,108.97304715823955,108.72853330513212
7,131.0,114.51243925758968,0.0,0.0,113.29487638985037,113.54643401578093,113.49539427512836,113.69918367975293,147.88,137.212,114.51702567459131,114.3730769919048
0,166.0,123.39524730238422,0.0,0.0,122.36149396780078,123.08362235308795,122.86198962591959,123.14410269928315,139.84,119.41600000000003,123.42757332070119,124.78089673802972
7,159.0,152.64891419575025,0.0,0.0,151.05307268049103,150.8017677207324,150.85104702054014,151.1176549726507,155.9,146.80999999999992,152.56340634107346,151.956898959449
3,100.0,112.9596682960653,0.0,0.0,113.63870425545177,113.56250135241183,113.48667945055503,113.56250135241183,106.25714285714285,99.05599999999998,114.29452941806525,112.8729778615867
5,114.0,96.67607121174252,0.0,0.0,96.4256685367789,96.34063497237901,96.43857390710012,96.33337053217741,93.6,101.44599999999998,95.24487013884334,95.41940456280332
5,112.0,108.03710975817484,0.0,0.0,108.79108023385916,108.63167740880104,108.75034884812499,108.66560727830817,126.125,115.13400000000009,109.62124101444513,108.58250537946975
8,101.0,88.54610620343905,0.0,0.0,87.35330052220746,88.91825286078212,88.7398550403542,88.900786190089,72.2,81.15800000000002,89.71253953949767,88.23162364350584
1,76.0,81.650444836631,0.0,0.0,82.21211062179586,81.85123178081784,81.96200136469665,81.86497841018769,90.42857142857143,77.72800000000004,82.73567643372093,81.76038812900372
4,59.0,77.13409942688087,0.0,0.0,77.34724055167057,76.76761789258413,76.67788699883873,76.76761789258413,79.65,73.42600000000002,75.80116937100999,77.02348139921033
4,78.0,73.80977820280106,0.0,0.0,74.58052464052116,74.27587823248507,74.65069316485624,74.27587823248507,67.11428571428571,72.03799999999998,74.76194013962171,73.95410206672867
0,76.0,92.65945484769112,0.0,0.0,90.11341101596828,91.51058073937503,90.95785420746951,91.63971672238748,77.26666666666667,79.88199999999998,92.63978645445968,92.77311728725964
8,55.0,66.61291553922882,0.0,0.0,68.25972158122522,67.22614446452258,67.8950059354519,67.19375517167107,91.08,75.07400000000001,69.04907231099895,66.70051836479998
2,71.0,67.34641773201311,0.0,0.0,67.12850410253607,66.7646764871034,66.58138928484803,66.81277725764312,73.53333333333333,71.25999999999998,66.31586064428801,67.26533173407788
3,66.0,85.201706021445,0.0,0.0,84.5424236850969,84.8321681209713,84.6551892814325,84.8321681209713,70.97142857142858,74.78000000000002,85.04730964178698,85.24623561154628
5,59.0,65.15510876622612,0.0,0.0,66.03718692125588,65.51435194482468,65.63661556536468,65.52760266515153,75.16,67.87200000000001,64.48873395561972,64.96557742533298
1,68.0,72.93524379004167,0.0,0.0,73.8381557952687,73.2901980999156,73.51692509933142,73.31591159963081,69.67999999999999,68.862,74.36033527498077,73.17492265475364
1,63.0,63.42307373900063,0.0,0.0,63.69440099779473,63.3487503177912,63.41889895823272,63.35048089630784,69.95,65.85799999999998,62.763680794045456,63.342995853983055
1,78.0,82.12436810189493,0.0,0.0,81.33525783671563,81.15610895450139,80.88777266870329,81.06039668707271,66.28,70.43399999999998,80.10636802318581,81.65084019354225
2,74.0,63.191782500435394,0.0,0.0,67.1890714917534,63.53238931894208,63.873679205566276,63.49835896317735,67.04444444444445,64.77000000000001,62.82852733701397,63.623437676619
8,71.0,76.89132495099969,0.0,0.0,78.74180123606962,77.00645978959105,77.54032220813228,76.99920175581373,97.92,79.31600000000003,76.97394380369919,77.26208365915663
9,69.0,70.06191922853336,0.0,0.0,69.52694897532012,69.60028568191774,69.3444829669087,69.60028568191774,65.7,67.338,70.82965314081983,70.22782812240885
6,71.0,77.60697692013997,0.0,0.0,76.59520286322939,77.05287371010871,76.44074294974295,76.96631994878844,79.32000000000001,72.09,76.5212253945268,77.34929222617433
2,60.0,71.90981587784097,0.0,0.0,74.1191612221191,72.90325972811829,73.07644665252535,72.80667325637621,79.82222222222222,78.87400000000004,73.08117138030275,72.30181113153566
0,42.0,57.595467523408594,0.0,0.0,59.201487016335115,58.55424117492037,58.82006595628944,58.453641136447715,65.76,63.22600000000001,57.964434791978036,58.146889480772266
6,65.0,50.51099193595612,0.0,0.0,51.16585712143739,50.72675889542791,51.272820343404874,50.785430891941935,64.96,66.06400000000002,50.557925014445786,50.368024206531715
8,71.0,67.96311234681228,0.0,0.0,67.397541471144,67.38048636782673,66.91786916328898,67.40924249225066,51.028571428571425,61.602,65.10065347862268,67.8014853762594
9,96.0,92.49497376408779,0.0,0.0,91.43011668570912,91.14407849759365,90.73849747597929,91.14407849759365,77.02857142857144,81.38599999999998,90.4741144128205,92.25239354491916
2,98.0,104.84620637210914,0.0,0.0,105.31249010135309,104.7207672113236,104.82112336754652,104.73139866327203,103.42857142857143,96.14600000000006,104.45758207047399,104.89675894938462
7,92.0,98.38950765035504,0.0,0.0,98.59826876746848,98.49389482209946,98.58742385041154,98.48658797064084,83.33333333333333,93.552,98.25205820596048,98.19186344354269
2,76.0,86.10892585735937,0.0,0.0,84.39722889883092,85.27396990462417,85.13811722642919,85.35784530784723,71.33333333333333,82.59399999999998,85.04739110632157,86.03604481455352
4,84.0,80.80019128378872,0.0,0.0,81.59213970315248,80.95506026924953,81.19690933516165,80.95506026924953,69.33333333333333,81.2,80.13507254533893,80.63090407803635
3,77.0,80.06254262355229,0.0,0.0,79.50718916764808,79.65727733588622,79.52924025984385,79.65727733588622,93.2,69.82999999999998,79.1560747508791,80.08688974843358
7,99.0,90.36444678770522,0.0,0.0,89.49717353128251,89.30132596824781,89.35391981585623,89.45488818838749,108.56666666666666,87.56,89.93619874843517,89.91576027493026
9,83.0,85.71361175384291,0.0,0.0,85.28494598529907,85.50637434587424,85.4411461084619,85.50637434587424,98.08,81.75800000000002,84.96458640357034,85.89372767550758
0,70.0,75.88153887115702,0.0,0.0,76.37361815890722,76.10343481643358,76.1708047744502,76.08499616125812,72.97500000000001,73.40799999999999,75.43834589751621,76.15963491735216
9,109.0,91.66973437227003,0.0,0.0,92.32015702823296,91.32370021246108,91.46311722511749,91.32370021246108,96.6,94.26599999999999,91.15064028503735,91.63587503776115
6,96.0,105.61576722401972,0.0,0.0,103.3883827325127,104.15200410465486,102.52712195683077,103.91492745210458,95.0888888888889,95.22400000000003,102.26554745937129,104.71408482745032
1,73.0,79.34862077009964,0.0,0.0,78.114737144581,78.56358964266286,78.22643914899263,78.48771883242257,96.96000000000001,75.212,78.261640534642,79.10516469468848
1,84.0,73.03372544570335,0.0,0.0,72.1135739248847,72.5405881406486,72.35074150801958,72.49811674786925,92.88,84.07400000000003,71.37379391823562,72.9196451725472
6,78.0,76.07697522312175,0.0,0.0,76.31597644561325,75.7961914268383,75.72526922983891,75.75615523823265,74.36,82.616,75.07471349967939,75.88279015661533
5,116.0,84.63737607551415,0.0,0.0,85.1883344418635,84.73665267975258,84.8278893162279,84.74931318220825,71.44000000000001,78.36000000000001,83.76476464246176,84.12471888311617
3,92.0,83.6950990746008,0.0,0.0,83.92652745987301,83.25509048682278,83.09060144045775,83.25509048682278,76.46666666666667,87.124,81.58517229724983,83.45566224083906
0,103.0,104.70041574425477,0.0,0.0,104.04302277904492,104.93941288725395,104.94689398948927,104.93337518691729,105.2,96.90400000000004,105.35337795387328,105.11565212394754
8,100.0,102.5764860062362,0.0,0.0,101.92447093480607,102.34215869650262,101.86841662550434,102.35511488975345,84.37142857142858,93.67400000000005,102.67286966888707,102.1458711022042
9,116.0,100.94096471573404,0.0,0.0,101.80004043296796,101.22003734442629,101.50667427955935,101.22003734442629,104.23333333333333,91.30000000000001,99.70040313294845,100.62890400109244
5,103.0,96.45220207375027,0.0,0.0,96.59432606402714,96.41165310435962,96.36499249933055,96.40136456510189,80.22857142857141,92.37599999999996,97.64544754580413,96.98522073777355
8,96.0,82.59466640276347,0.0,0.0,83.72814384085845,82.65238613350847,82.88551346734016,82.65148134717982,97.28571428571429,90.37800000000001,83.39818416228498,82.83707068095505
8,103.0,80.59109943535158,0.0,0.0,81.5889761201484,81.19717941833382,81.91488216417972,81.16123353230877,96.425,87.89400000000002,84.27467365408769,80.58799271999663
6,99.0,83.44778915575655,0.0,0.0,83.08335089215922,83.00279677936341,82.19552999836039,82.89914345535962,88.2,81.39999999999998,83.49475510815331,83.2098161868911
7,91.0,86.4563393878572,0.0,0.0,86.50218398053072,86.62253276101498,86.55004378853538,86.64326725173996,92.625,91.11999999999998,87.69147704172397,87.59980316957206
7,93.0,92.68643877300879,0.0,0.0,91.31430172463209,91.24229888578232,91.33333649125105,91.44589137019796,99.60000000000001,88.53000000000002,91.2058821948944,91.90871510958443
0,100.0,89.11524229252024,0.0,0.0,88.0701367007412,88.37163797385404,88.24324310349007,88.46563960071343,91.8,88.18199999999999,89.255415426014,89.46590411585802
2,82.0,88.33538202942155,0.0,0.0,88.44704946073911,87.8438176405178,87.82288529543978,87.90677823238623,87.8,88.04800000000003,89.63110557769559,88.25843232627017
8,93.0,83.08702181861429,0.0,0.0,82.9944095910673,82.99335078087145,82.98784356779869,82.99786058036636,94.66666666666667,84.20799999999997,84.84308354382681,82.97279587181642
9,91.0,83.91331124844697,0.0,0.0,84.51040039625826,83.60425298502906,83.71227792746066,83.60425298502906,77.67500000000001,76.49799999999999,83.73948399695249,84.0747996767723
6,116.0,92.53133388123423,0.0,0.0,93.65050648108117,92.68506728505605,92.88249026131764,92.69552197958036,83.67999999999999,90.71600000000001,94.12819571698846,92.94158783250576
4,125.0,114.01873798470453,0.0,0.0,112.78622946965783,113.20703879708022,112.58463793569621,113.20703879708022,101.0,102.43199999999996,115.0296047881204,114.17449051726783
4,73.0,98.61089400155629,0.0,0.0,98.12624540355658,98.03442706415233,97.62805467935382,98.03442706415233,94.2,94.184,97.77070226327093,98.59956077131464
7,108.0,88.97495272256918,0.0,0.0,89.06812024166035,89.2272876890682,89.29722966898962,89.18783403053496,83.725,84.262,88.63353091840914,88.75193676925858
0,85.0,82.38856380895352,0.0,0.0,82.11157461799117,82.41954636754217,82.47143074479733,82.43712924214405,94.52499999999999,84.69600000000003,82.92669803129834,83.29382850833188
9,97.0,72.48079172969338,0.0,0.0,72.40543014152156,72.50120902248855,72.41062402461795,72.50120902248855,71.63333333333334,78.732,73.18232524178457,72.42781521734032
5,89.0,83.88903518818748,0.0,0.0,83.94696423599463,83.85521884442399,83.7323197441792,83.83810235322397,89.325,84.53199999999997,83.93649785799225,84.08032651565313
0,102.0,82.03699713757598,0.0,0.0,81.16365499109001,81.15247426869445,80.84101122845176,81.25273822785267,80.96666666666665,85.37399999999998,81.97210547853547,81.94731662644838
6,88.0,85.95014791213009,0.0,0.0,85.38647042609985,85.45206098325401,84.68393429935085,85.34791775125429,88.8,85.61999999999998,85.50201358197106,85.83194800896862
2,84.0,71.11588482863277,0.0,0.0,71.43166355689011,71.15681307913383,71.0919600644588,71.15201737448623,90.64444444444445,92.22800000000001,71.27009780812352,70.81641374991285
4,85.0,78.6532591961456,0.0,0.0,77.67067117496356,77.31692286381278,76.7792211386427,77.31692286381278,85.97142857142858,85.77199999999999,76.71312308067961,78.32667373356053
7,77.0,76.66035401329032,0.0,0.0,75.65963200407936,75.87842650605815,75.76910648834348,75.99236341366482,82.37499999999999,82.00200000000001,76.8895240534204,77.11128682657878
1,91.0,82.83794789052156,0.0,0.0,81.95639595744211,82.20414335009616,81.93495370999848,82.12008720418144,74.45,74.774,83.22262337513132,83.1156301114708
3,102.0,85.1263009537451,0.0,0.0,85.19496568625861,84.63858740056521,84.56188777715698,84.63858740056521,94.17142857142858,86.97999999999998,85.69908967435413,85.12490260906817
6,96.0,90.38125499106219,0.0,0.0,90.78537324653925,90.31831748484407,90.15630638521928,90.27870053043503,96.67999999999999,89.05199999999999,91.42909131008437,90.74791312981196
3,82.0,82.62652917317143,0.0,0.0,82.83351223490564,82.3617945589449,82.36811070710672,82.3617945589449,86.28,84.59599999999999,82.75793999782354,82.5370870352069
2,104.0,99.19833591227152,0.0,0.0,99.26435566116598,99.47206671172779,99.47509848469596,99.45947857254798,104.2,93.85200000000003,100.55895266957538,99.30107794445584
8,112.0,94.71448517356627,0.0,0.0,93.73171895321101,93.96329604914348,93.12540729917453,94.00697832326817,92.89999999999999,87.66000000000004,91.34979317537334,94.84663977286661
3,88.0,77.84695018183709,0.0,0.0,78.53296339684441,78.12277512166757,78.24118982923552,78.12277512166757,87.14285714285714,83.15800000000002,77.9914845071077,77.78237309159445
3,116.0,75.30872878128307,0.0,0.0,75.14571976671611,74.82422347761005,74.7557689180143,74.82422347761005,73.64444444444445,75.308,74.67427091598421,75.17593360959668
9,95.0,87.48219032384016,0.0,0.0,88.52319472677902,87.41793298854647,87.61764129455351,87.41793298854647,83.06666666666666,84.55400000000002,87.51439259091381,87.49349814055986
5,101.0,90.730743696595,0.0,0.0,90.7324814880177,90.26840576335839,90.26851207257353,90.23460626993838,86.04444444444444,92.12199999999996,91.02856953989657,91.19157226292951
7,88.0,83.01493407066528,0.0,0.0,82.32085630961217,82.13166087543463,82.22849385761164,82.26374022732878,103.8,79.69600000000003,83.12247716428877,82.8742950944681
5,89.0,78.05475494553795,0.0,0.0,78.53414412694282,78.10452156127023,78.1400497214583,78.10171986591675,89.8888888888889,82.65199999999997,78.35057989926948,78.10734384740672
8,99.0,85.48238080974085,0.0,0.0,86.5711559964808,85.82490161925732,86.269142712629,85.80709721155483,89.33333333333333,92.134,87.92834644467675,85.5848663797629
1,121.0,107.84855968285997,0.0,0.0,107.41180895446291,107.52936729242649,107.356916156193,107.49217395547736,118.55999999999999,117.62800000000007,107.4202805119515,107.76508690524417
1,113.0,95.90650120320399,0.0,0.0,96.44711447858488,95.42037484579184,95.58116502312441,95.36205564381535,104.67999999999999,81.868,95.25950314609173,96.26340006921737
1,95.0,95.32438044439371,0.0,0.0,95.89224808187342,95.25104725718381,95.31029385810544,95.23106414306142,91.88888888888889,89.416,95.49576892579351,95.34468334811133
9,82.0,82.61277144315858,0.0,0.0,82.91996135042287,83.06392546001756,83.22914807393072,83.06392546001756,88.72,88.83,82.64017335757416,82.89888480299086
6,73.0,88.07434450978195,0.0,0.0,84.54029457418089,87.32976628656023,85.85422113169498,87.18843569691415,76.28,81.68199999999999,85.98272284673898,87.86923913132121
2,97.0,70.41354455119559,0.0,0.0,71.4144380417815,70.4826865090171,70.6594477554185,70.48214014319616,52.839999999999996,67.06599999999999,70.0311894975334,70.84489132713362
4,80.0,83.70451043290268,0.0,0.0,83.31108299843078,83.28164297902792,83.03863935457377,83.28164297902792,96.43333333333334,87.08200000000001,82.74569919882643,83.63581928030763
4,83.0,76.49420845168908,0.0,0.0,76.09075198612354,76.4407815953639,76.28473193192227,76.4407815953639,86.28571428571429,83.692,75.2911561482673,76.40202046666114
1,92.0,76.10077819004891,0.0,0.0,76.56192139000645,75.76627345340353,75.857508266936,75.73944719304336,86.34285714285714,88.51400000000001,74.97025079707933,75.7668089921141
1,85.0,82.54296425457144,0.0,0.0,83.03481672052511,82.83645956774104,82.9444728214935,82.86448518804706,86.34285714285714,89.58399999999997,83.09146662879864,82.89434376115061
9,96.0,73.90689418975474,0.0,0.0,74.49551338046325,73.76441621334547,73.92848528803806,73.76441621334547,88.84,87.74600000000001,74.04253409348797,74.03231961759178
7,71.0,77.6078679114836,0.0,0.0,76.04093643057402,77.20872244114467,76.99738578391087,77.28760242087623,90.86666666666666,86.38199999999999,78.09095105840365,78.43074775909636
7,98.0,69.13580986585202,0.0,0.0,67.6904147111255,68.57743084489627,68.50312485323414,68.64118383203308,75.94285714285714,76.22399999999999,68.51410363272043,69.03823718036844
1,83.0,85.8048128068946,0.0,0.0,85.86308045504136,85.91132960363541,85.84327050932346,85.89613313042412,84.28888888888888,88.6,87.338216003268,86.18115720731541
4,99.0,84.50032186429277,0.0,0.0,84.33001406163709,84.54557315693668,84.52549628525574,84.54557315693668,86.28571428571429,83.27999999999999,84.48988164924397,84.52481082907158
3,108.0,107.41444394221985,0.0,0.0,107.96143085138038,108.0015928457893,108.07909311574478,108.0015928457893,95.15,102.694,108.66202433020868,107.378138705715
3,125.0,114.30084844344154,0.0,0.0,114.79371904156626,114.44701669841407,114.55861764919223,114.44701669841407,99.60000000000001,116.59599999999996,116.2231450855156,114.30426240420753
9,144.0,109.70640952526053,0.0,0.0,109.69911289121355,109.28466319688823,109.09044149075456,109.28466319688823,120.06666666666666,123.64800000000001,110.36833258201419,109.72816401496641
4,105.0,115.52260057564098,0.0,0.0,115.46009673442813,115.33445939473368,115.15363778896236,115.33445939473368,101.0,102.844,116.00541179858479,115.45361786151673
9,73.0,82.1522968170982,0.0,0.0,81.45507470135458,82.15034530429726,81.91864711007257,82.15034530429726,100.56000000000002,79.132,82.89577392658306,82.19023752710675
1,86.0,63.48307907815947,0.0,0.0,62.548845136086314,63.589888657858054,63.40826845302665,63.606635765215856,79.47999999999999,73.808,63.30249610503358,63.31805305117868
5,87.0,82.23111757038312,0.0,0.0,81.79533550234603,81.49452972492776,81.38932700771961,81.45341736539471,103.4,78.93599999999999,82.2283302101167,82.47765960394958
0,96.0,80.54438079869081,0.0,0.0,81.09595519817016,79.67201627604192,79.66750035633524,79.74206292875513,77.64,84.792,79.54361295815752,78.53701518285972
1,73.0,86.93603230337831,0.0,0.0,86.57188783172326,86.49174028915371,86.31434047876135,86.44957782375458,78.32499999999999,85.39800000000001,85.7809194286739,86.52551797949393
3,76.0,65.1136448001107,0.0,0.0,65.45366064176062,66.15672227346238,66.07539149767656,66.15672227346238,59.74285714285714,69.862,67.06592495814675,64.78840600426845
5,71.0,66.70666189678252,0.0,0.0,68.64713531932648,67.43367455424477,67.73940533343126,67.46650277914173,54.714285714285715,65.49999999999999,67.49068097419052,67.45541151399681
8,59.0,63.745436895542376,0.0,0.0,64.79357293020747,65.0337143123308,65.9735808547135,64.96605028792835,67.55555555555556,68.438,68.56755464212125,63.95026889707418
9,57.0,63.33956211482813,0.0,0.0,62.44975818565974,63.40827631472179,63.25190036235771,63.40827631472179,64.5,63.896,63.41738795779929,63.359681591462476
5,59.0,62.75461768678117,0.0,0.0,63.73778098190951,63.92603666913668,64.03816323699255,63.99098600322383,53.720000000000006,61.86000000000001,64.48590832544691,63.49148697669334
2,104.0,79.68170434653783,0.0,0.0,77.47601365805924,79.08566924703605,79.03137416312588,79.14605695137567,89.3,93.39399999999996,79.02942417186874,79.81008469646899
8,77.0,87.79927581585663,0.0,0.0,87.30580242619345,87.70495601564302,87.46181095607886,87.7153670698236,79.6,72.474,87.58778464783919,88.0061020461669
1,102.0,87.67680934265724,0.0,0.0,87.7187646601713,87.996258602529,88.04604557253448,88.03416148583261,112.08,105.78999999999998,87.77088704367344,87.38593548791735
7,138.0,115.21140003067651,0.0,0.0,113.36870211434281,115.27872619462372,115.040108297396,115.2950658105948,129.28571428571428,120.98399999999998,115.42668262378807,115.9478244421607
4,97.0,112.521724442768,0.0,0.0,111.4467833268148,111.66989429819617,111.0918631746881,111.66989429819617,93.57777777777777,96.90399999999998,112.20829582008116,112.4244567526292
9,70.0,80.05529328258072,0.0,0.0,80.09015502752352,80.15367819819934,80.27064604801151,80.15367819819934,65.2,75.07800000000005,80.15065334281978,80.34013952457988
6,76.0,75.96095826987874,0.0,0.0,75.76965437989791,76.40563450314829,77.10571494318856,76.51589349315306,79.75555555555556,77.17599999999999,73.99930643698235,75.42044212857587
8,87.0,79.57671412107925,0.0,0.0,78.93710377749407,79.67856463261904,79.58016055601944,79.67679992700187,54.4,71.83799999999998,79.50448410331006,79.79944136010583
0,64.0,76.3310215057808,0.0,0.0,76.18322193548227,76.04116540329787,75.87763048748498,76.05364506124778,51.6,66.46800000000003,76.03407632916259,75.99882187162171
0,80.0,73.59135757244096,0.0,0.0,74.34829944031581,73.92276105561942,74.28174616448091,73.87677396354644,64.08,70.03599999999996,73.16665722947504,72.97383671380864
6,78.0,86.31055928089742,0.0,0.0,87.85190436706135,87.05904772219576,88.12748679412644,87.19515899766697,79.75555555555556,81.94400000000002,87.58431170550323,86.64465056983596
7,77.0,95.51071651417841,0.0,0.0,95.45406291007022,95.79696298181402,95.74989328556963,95.75119174605823,85.96000000000001,85.38400000000001,95.91464021640566,95.32462839187272
6,92.0,94.45604402421787,0.0,0.0,93.31494333497471,93.98992039525544,93.50629489961767,93.92516696517718,88.4,81.75000000000001,93.19333098468776,94.17784835530495
4,78.0,89.7283668276072,0.0,0.0,89.1093415168203,89.72262381401792,89.5773406736721,89.72262381401792,83.2,84.22399999999998,89.8920605311655,89.83167633315088
4,85.0,79.34297530760078,0.0,0.0,80.91893907547488,80.06901281476213,80.61746847926555,80.06901281476213,86.64000000000001,78.44999999999999,79.96022663994242,79.65454976640797
0,90.0,89.30195013334112,0.0,0.0,89.15855434758056,89.07971329216763,89.15170357892913,89.10552248885121,86.03333333333335,91.27000000000002,89.86983051559558,89.37246699657042
8,66.0,83.11653677772628,0.0,0.0,83.77759110444828,83.08337765479462,83.19433645780617,83.08846099008329,77.56666666666668,84.35799999999999,83.78866920332973,83.25962810309522
8,64.0,57.7445986165438,0.0,0.0,60.08046590706777,59.32937234708376,60.728525113272234,59.24407849641532,55.45714285714286,62.98000000000001,63.74001029273373,57.712463163132526
0,62.0,62.757933006713564,0.0,0.0,64.55085549545439,63.202413398929735,63.49010864362849,63.160989801237264,55.300000000000004,60.55999999999997,63.1398534009657,62.75670152104913
5,72.0,53.42152561482463,0.0,0.0,54.45516230225422,54.93178334572934,54.91501650861055,55.002750765074325,53.80000000000001,63.08999999999999,56.530180057984985,55.06314201590367
9,83.0,72.82072750622743,0.0,0.0,71.66460454509705,72.69122640961356,72.45220450476452,72.69122640961356,65.7,71.04799999999996,72.27062851479819,72.91711781990199
7,59.0,72.98798690840742,0.0,0.0,73.07422437724132,73.4515651706902,73.36585346577299,73.39692541380177,71.23333333333333,73.256,73.09992582716286,73.17490084301146
8,73.0,59.264713934982666,0.0,0.0,60.17792982086021,60.00476024961367,60.71373070605229,59.96430751699216,71.48888888888888,59.576000000000015,62.379608114127564,59.27466156845942
0,67.0,71.69646655744891,0.0,0.0,71.40389989184906,71.74823292336622,71.60257601290415,71.75775821770412,79.6,68.11399999999998,72.74278379294354,72.31649520290891
4,57.0,63.93044078100361,0.0,0.0,64.7964850930133,64.58257342473419,65.03693266730382,64.58257342473419,57.35555555555556,61.74400000000001,64.88767311769908,63.93460609958101
8,75.0,59.57031166769178,0.0,0.0,60.005633563536094,59.649730914510755,59.98672649159525,59.64296945687948,58.839999999999996,67.42399999999999,59.82223836545178,59.540816774664705
4,63.0,75.77688344696587,0.0,0.0,76.7459260155686,76.55956771743594,76.98109600643453,76.55956771743594,75.36,74.03000000000002,76.56804706947449,75.82439961897207
7,69.0,76.85650173842862,0.0,0.0,76.02655268906602,77.06166992684206,76.76594023707585,77.04238250123379,62.919999999999995,66.89000000000001,77.72459641627508,77.0398971152992
4,70.0,68.66434065352884,0.0,0.0,68.35135033736043,69.23612429303449,69.3636037883403,69.23612429303449,69.76,69.17600000000002,69.23554775125668,68.83058171916207
6,74.0,77.21665995692271,0.0,0.0,77.94991911520103,77.8069133984076,78.61631371824677,77.93090332074982,64.16666666666667,75.32400000000001,77.02896557393787,76.98877338780197
1,103.0,89.57193429802928,0.0,0.0,88.1611689837255,89.42023869868444,89.15507088131665,89.41317877130524,66.96666666666668,84.054,88.64130797865751,89.50074150865065
7,117.0,106.61074794421643,0.0,0.0,106.0505363263566,106.06229784529262,106.0784335687413,106.13357072353341,140.25714285714287,107.48999999999998,106.02400341404089,106.65067758863594
9,136.0,115.97072323330326,0.0,0.0,115.27564668279717,115.2459282351944,114.99049586200232,115.2459282351944,124.91111111111111,123.51000000000003,115.55485426007158,115.9326741260356
6,111.0,113.59864227380702,0.0,0.0,111.97522375463485,112.99676288614437,111.83887725940363,112.86669045811995,99.47999999999999,97.176,113.57876345925867,113.7850516058175
2,115.0,112.07623469971064,0.0,0.0,113.11398590474748,112.45637959473913,112.56277307357813,112.43043878000786,141.29999999999998,122.67000000000002,113.18359638841356,112.15953512566267
4,149.0,114.51222364688167,0.0,0.0,115.27910892812233,114.94381724677983,115.30342327138713,114.94381724677983,115.55999999999999,124.49199999999998,114.9126951434211,114.37115495032258
1,150.0,123.51201519230548,0.0,0.0,124.25225588539655,122.68384541912216,122.70501692909566,122.5686717351279,157.68,136.01999999999987,123.63083866475408,123.90203724034373
8,84.0,114.80705016101953,0.0,0.0,113.62063381411528,114.3859187529974,113.71572122898873,114.41341027970704,107.47999999999999,97.69999999999999,114.56136259238838,114.90807642556139
3,99.0,98.15912603312225,0.0,0.0,96.73057503933256,97.65051561342767,97.25665234881549,97.65051561342767,98.0,100.97399999999999,97.78660884909621,98.22278147634094
8,95.0,103.88775563101407,0.0,0.0,102.28741540016819,103.21999386749752,102.56131227326661,103.25882877492927,90.75999999999999,97.66799999999995,102.82406976674677,104.00841726198395
0,79.0,83.43991913393481,0.0,0.0,83.6885294432959,83.91141709380595,83.82828294762703,83.88151417271808,75.24000000000001,74.22,84.32572031877842,83.58826338847311
2,56.0,72.93495618194154,0.0,0.0,73.40528068341722,73.16712104094044,73.15565890670487,73.14308526553229,64.16,68.184,73.22886935839928,72.90163303945442
1,57.0,67.96390280763737,0.0,0.0,67.23099564662982,68.05630311735214,67.93854516977679,68.07717445094225,52.55555555555556,53.308000000000035,67.56414355678413,67.93890212713883
3,98.0,88.56389297324486,0.0,0.0,87.94571062974593,88.95827698379685,88.74481729907143,88.95827698379685,103.24444444444444,99.564,88.50877973630236,88.43644563330369
6,91.0,103.5691323729563,0.0,0.0,104.10059525279829,103.37226789782203,103.28707354655701,103.32980533425237,110.73333333333333,102.69799999999998,104.40786225598362,103.72912610821689
0,89.0,97.58204467091593,0.0,0.0,97.64896356624496,97.66786947718266,97.56774655600577,97.68915392777886,91.66666666666667,97.85799999999996,98.18670292042476,98.82068056637027
3,60.0,72.39935693014425,0.0,0.0,72.91989953404789,72.77173701450025,72.96206314698671,72.77173701450025,70.48,70.62800000000001,72.31949450448619,72.43636214713176
3,68.0,62.44026351898623,0.0,0.0,63.4420421697277,63.08695807937349,63.45014380870491,63.08695807937349,74.64,72.29799999999996,62.84513751124427,62.462651035844075
8,63.0,67.83384824335764,0.0,0.0,68.5900881938308,68.554316977865,69.24465978875709,68.5164076700218,75.9,69.386,69.67506226394802,67.95985134551972
7,85.0,70.15122149391546,0.0,0.0,71.04435309194352,70.12523335165253,70.38278570253264,70.08955415814222,66.56666666666666,68.25199999999998,69.0977491956198,69.0104190054802
0,84.0,80.37185203204498,0.0,0.0,82.22867952489152,80.5669709543082,80.89609273954233,80.54825127655089,76.55000000000001,82.53400000000002,79.87269478064047,80.68913644296852
5,92.0,84.29026740763557,0.0,0.0,83.73094218440843,83.40622448779114,83.31518508459106,83.35976499625149,79.85714285714286,82.70000000000003,83.58012698854903,83.76608077346496
4,87.0,93.39293986617307,0.0,0.0,91.05452559137481,92.16614928380001,91.2500237934812,92.16614928380001,89.8,84.87,92.57813843957267,93.56737946540729
9,118.0,87.67151947960346,0.0,0.0,87.11266913789488,87.26757150719419,87.08738552540446,87.26757150719419,74.675,78.48,87.66675602082704,87.63802437724314
5,79.0,86.84953838923056,0.0,0.0,88.29374325972557,87.34323689944767,87.43605698186238,87.35220355481545,83.26666666666667,81.52199999999999,89.42046519752778,88.29295944758127
8,70.0,80.33813998839886,0.0,0.0,79.90286682953163,79.82581637578718,79.5035353126278,79.85368073888495,73.95,72.72800000000002,78.75225433304671,80.21034005654052
9,63.0,63.7132930727414,0.0,0.0,63.57471437216191,63.73622975351431,63.69457946548514,63.73622975351431,71.47999999999999,65.35999999999999,63.82306814295766,63.52132660503479
4,65.0,64.61001593855914,0.0,0.0,64.18260183097158,64.7785533378722,64.83832740569416,64.7785533378722,81.66666666666667,72.358,65.30388958318085,64.51260079410422
2,70.0,60.035848760713755,0.0,0.0,62.91453565740904,60.83222128145256,61.0678026258899,60.74217464537817,58.879999999999995,60.675999999999995,61.68469797065573,60.14096260092609
7,67.0,69.0922196584394,0.0,0.0,69.22832654718424,69.05681461371091,69.17436712913567,69.04981763081315,75.13333333333334,71.07,68.9100397704442,69.2241338305366
2,91.0,91.67301327942644,0.0,0.0,91.22580085593657,91.98424781123705,91.9182260622852,91.9528888490097,72.31428571428572,73.432,92.16860088318796,91.52056053771594
2,114.0,111.07316867788991,0.0,0.0,110.56993178628721,111.13713070506839,111.14353572595803,111.12909946900037,114.53333333333333,113.78800000000003,111.38487505858879,111.08974354088193
5,122.0,113.19592988859893,0.0,0.0,113.71220264196629,112.43644361058745,112.56589451778045,112.3982632394717,122.76000000000002,113.88000000000002,110.80695545040845,111.85614716750769
9,111.0,109.04288647008612,0.0,0.0,108.88496375233451,108.97483726929671,108.92023220366478,108.97483726929671,111.125,116.26799999999994,108.94378835374518,109.0928995426567
0,94.0,100.10450005044184,0.0,0.0,100.65268638546603,99.99746418781599,100.08736088488193,100.02582827209025,64.16,92.37399999999998,100.44238173802982,100.57027625853667
3,74.0,92.79865890284347,0.0,0.0,91.78132851074584,92.00746302433235,91.70679469191342,92.00746302433235,89.44,85.03200000000001,92.07316368215942,92.7727000727819
7,84.0,76.22915940442351,0.0,0.0,76.63155534443611,76.99583436290314,76.91465658802001,76.87226810563524,68.2,69.24000000000005,75.68710330114423,76.17737671070452
6,69.0,80.67755648751668,0.0,0.0,81.0964181073059,80.57259380658058,80.68256503047867,80.56348911149641,81.47999999999999,81.992,80.09312216036943,80.3879080079527
3,87.0,83.19784449496095,0.0,0.0,81.44499317854998,82.14450662943679,81.77174586356253,82.14450662943679,97.0,77.63399999999997,80.96422920227437,83.21800860619538
7,91.0,92.30471281470443,0.0,0.0,91.27110196798398,91.36662633517,91.26166519889287,91.4732702597234,68.35555555555555,89.38600000000001,91.55824881821347,91.64571001319311
1,99.0,95.87932968844886,0.0,0.0,95.88227048878474,96.04241670041725,96.14401939752689,96.05896874452976,92.5,96.63400000000001,96.28799205316103,96.14574296265752
0,111.0,103.22987775234927,0.0,0.0,103.8809788379117,103.14533027127194,103.26006300344292,103.16711225465616,85.575,111.25800000000002,104.03492593577155,103.1454414957309
5,106.0,105.56071275681865,0.0,0.0,106.89064315717664,105.47285281869627,105.61626284743957,105.4702099406175,110.67999999999999,111.46200000000003,106.23002440890268,106.27313504022129
0,67.0,78.10083397577105,0.0,0.0,78.05440744766327,78.49280910431939,78.47809586061804,78.4432976168481,81.97500000000001,81.12,77.84781259965592,78.03433079352465
8,84.0,59.50607046454539,0.0,0.0,60.53100231608268,60.46990352688572,61.36272403778229,60.415647240208195,61.73333333333334,65.31400000000004,61.970362782062516,59.44497248760855
5,104.0,83.0163809732082,0.0,0.0,84.3638416277233,83.45487971962837,83.69369348052977,83.47940600218278,97.33333333333333,84.83599999999998,83.22478172610437,82.73273537163828
6,75.0,94.9641282777846,0.0,0.0,95.9151674351508,94.8968167995588,95.14865028370032,94.88978973457712,92.67999999999999,91.23800000000004,95.01650493468556,94.80847661737239
9,106.0,93.49345202843055,0.0,0.0,92.69231080458306,93.40336330464316,93.21701993548837,93.40336330464316,101.60000000000001,93.32,93.01681756214423,93.37208681774817
4,74.0,98.71414861766786,0.0,0.0,97.59568318890949,98.48068021573054,98.14790425792067,98.48068021573054,119.24444444444445,94.98599999999999,98.772246714642,98.8007425946971
4,84.0,92.12440139514044,0.0,0.0,91.95323117136431,92.0207326829638,92.00098934631188,92.0207326829638,80.44999999999999,83.524,92.37301262499741,92.27432567205118
6,87.0,105.91249379132665,0.0,0.0,106.12868004350291,106.16216383017047,106.45048796483107,106.21054409658758,95.76,102.61200000000002,106.32981728848236,105.91252606610868
5,107.0,96.07667498468592,0.0,0.0,94.75372723719886,95.51471332120009,95.32181634753364,95.47496023561425,86.72500000000001,91.46600000000001,95.88003677000873,96.2857472610193
4,110.0,95.37563421180016,0.0,0.0,95.4351071908282,95.16252214887588,95.04694277901328,95.16252214887588,80.62857142857142,81.14799999999995,96.07295672754915,95.23391670874022
2,100.0,98.02163093703837,0.0,0.0,98.10218477849912,97.68511486442188,97.61262612811072,97.7264313369895,95.0,89.21,97.81479492941668,97.85116062644121
7,62.0,82.11479941833204,0.0,0.0,82.67466881155929,82.22970083056337,82.33399363268595,82.22062432110789,64.60000000000001,79.11200000000005,82.08133211638484,81.95756916529766
6,64.0,62.73134907193109,0.0,0.0,64.34317532959638,62.8292757096047,63.544367915698544,62.86083625322665,43.00000000000001,59.8,62.0356922459876,62.69059449330851
1,66.0,68.41267686331696,0.0,0.0,68.43417025242597,68.18263681971102,68.19739903800041,68.17667710730655,71.48571428571428,65.80800000000004,67.82651031443295,68.18079941902405
8,70.0,71.58058599835974,0.0,0.0,69.26242659521859,71.12373980304531,70.4907387829228,71.14431898506577,78.65,73.94,69.46319263346132,71.54164579558042
2,73.0,84.72182098976943,0.0,0.0,83.93349561838157,85.02229698498921,84.94016684346167,84.99899906954917,99.2,80.81600000000003,85.14139642698504,84.83742764479086
1,79.0,89.57346170695246,0.0,0.0,89.26461975299338,89.60303241384217,89.5833036172094,89.61607127026208,66.96666666666668,84.66200000000002,89.27022043307898,89.65839851549862
7,95.0,95.74677622628641,0.0,0.0,95.20730835662737,95.11558481606968,95.20360524886017,95.18114766917158,108.56666666666666,88.94799999999998,94.60190736691054,95.28694618397304
9,99.0,111.63701417532747,0.0,0.0,111.94545445376608,111.77408740337913,111.91398027804661,111.77408740337913,92.67999999999999,109.61400000000002,111.21684264454571,111.61560773802904
2,122.0,114.1347061168201,0.0,0.0,115.00545290706576,114.09593891640046,114.15681632558113,114.09608341370428,103.42857142857143,107.66400000000002,113.72064398630582,114.23066407388177
8,97.0,104.56378357745746,0.0,0.0,104.13019952311534,104.38025304045195,104.11977536766908,104.392246508536,92.89999999999999,95.30000000000004,103.17711690715016,104.83612526534654
0,101.0,110.83807642125892,0.0,0.0,110.08474349021816,110.86467521741199,110.7923520532385,110.8538378446884,85.575,98.34800000000004,110.45291522532875,110.17244332487137
9,103.0,109.31167966990564,0.0,0.0,110.20329740091316,109.81337756148989,110.13758461416893,109.81337756148989,95.15555555555557,100.92600000000007,109.42242093320934,109.31819611495936
5,95.0,104.24777205318553,0.0,0.0,103.36868312536984,103.16848498221634,102.98791411629965,103.11186287286502,99.66666666666667,108.62199999999996,103.51678363568097,103.90675352976825
8,88.0,99.90075456130117,0.0,0.0,99.73509137695565,99.75337553123686,99.62501241616519,99.76176973469455,97.37777777777778,96.392,101.13853081834176,99.73891345928479
1,73.0,86.88577516036901,0.0,0.0,88.0467131492467,87.05742899217157,87.27844859375537,87.07272043484255,103.40000000000002,99.72399999999999,87.21495770475109,87.14020914120185
7,83.0,87.10133259602756,0.0,0.0,87.57969980159048,87.95863572968777,87.98597174043795,87.8151876043847,76.42857142857143,81.27800000000003,86.86229333900316,87.24379906212108
3,79.0,95.8040959593232,0.0,0.0,95.161125414026,95.40594960450679,95.21909336849026,95.40594960450679,98.72,95.60799999999999,96.08223235786238,95.79802124286923
8,76.0,80.37747002527763,0.0,0.0,78.81954249556553,79.46572186684055,78.4373275382686,79.52033787097064,69.89999999999999,76.00999999999998,76.65666063536443,80.6785194038156
1,79.0,84.11538602599995,0.0,0.0,84.17268227002518,83.7617781326593,83.68913796396043,83.71078639175174,94.73333333333333,84.82600000000004,83.73645790937294,84.02832187455203
1,91.0,105.2137652010993,0.0,0.0,104.24765360606895,104.79916555549376,104.56893290712095,104.7515866590739,95.95555555555556,85.93600000000004,104.42231094816063,105.21147187300826
1,89.0,101.97497119585444,0.0,0.0,100.84525769731177,101.17233950067312,100.83720218556128,101.07096905279646,102.89999999999999,102.34199999999997,101.45307817097412,102.17975811348592
7,99.0,98.37360342098208,0.0,0.0,97.02854336622457,96.74991590628849,96.83353521527432,96.98470586465339,102.75999999999999,99.08399999999997,96.97948861723822,98.04804211083348
