Y,log,BIC,AIC,ridge,lasso,elast,arbre,foret
1,0.604992849382068,0.4351569842312248,0.4351569842312248,0.5073074563591848,0.514135094184976,0.514628232614824,1.0,0.98
1,0.9785140754609567,0.9330409224071788,0.9363195458294101,0.9610275833304595,0.9703654754842679,0.9707421274744994,1.0,1.0
1,0.9999996189545164,0.9992963569187674,0.9992963569187674,0.9999666779657764,0.9999727618303764,0.9999855537131159,1.0,0.96
1,0.7575637185529261,0.44082848959620596,0.7598147709792121,0.6869917835577121,0.728096485509126,0.7226388163361012,0.0,0.87
1,0.757520587128274,0.44082848959620596,0.7598147709792121,0.6869107493930663,0.7280295254695142,0.7225793412022162,0.0,0.87
1,0.6997150713157698,0.4302047521117806,0.650619053995158,0.6888897388679501,0.687163317461011,0.6819306715573353,0.4,0.71
1,0.6901449512963944,0.4302047521117806,0.503518352954358,0.6897264525725971,0.7057936974907689,0.7150603894638093,0.5,0.74
1,0.6257682428534327,0.6784406136931168,0.6784406136931168,0.6280099285290716,0.6160174995835016,0.6162845941592047,0.0,0.45
1,0.9999996389269719,0.5053828691087227,0.9664218044906518,0.9995730076746405,0.9999899615842761,0.9999383163448916,1.0,0.99
1,0.9120917621030216,0.9186539605700652,0.9186539605700652,0.8374051099651518,0.862463367370624,0.8653088974283959,1.0,0.95
1,0.6715739944406457,0.44082848959620596,0.901430566315283,0.7215571583371485,0.6480790938298102,0.6448695950439586,1.0,0.775
1,0.549817109572463,0.6432454463120157,0.6432454463120157,0.5326426007623295,0.5438929125825265,0.5416418820911012,1.0,0.84
1,0.612273458739476,0.47423354321083094,0.39880596510293526,0.5526514379574136,0.5712137508034808,0.5714123879346256,1.0,1.0
1,0.7188520314703077,0.44082848959620596,0.8814038939495289,0.7536447546056609,0.7407161544561757,0.7398409895121101,1.0,0.675
1,0.9977554514744227,0.949251565401555,0.9990147335866281,0.9945636647489581,0.9977695676521042,0.9979533170372761,1.0,0.9
1,0.99139476134186,0.9371486316114219,0.9371486316114219,0.9594960235226143,0.9816060830594268,0.9800793367580143,1.0,0.94
1,0.6658289634999672,0.44082848959620596,0.4237777723861519,0.575915857171541,0.59591571975453,0.5942909990664776,1.0,0.99
1,0.9985056594333119,0.9839440331736202,0.9812159550130366,0.982936623763608,0.986956226472831,0.9901111096914994,1.0,0.92
1,0.6560068054038523,0.4950013504758755,0.46901529170285106,0.6528351975515513,0.6459575629593852,0.6435976154831171,1.0,0.96
1,0.9997647857604215,0.9243367535200784,0.9243367535200784,0.9984888851932233,0.99915229038516,0.9992598870312757,1.0,0.87
1,0.23983464710377222,0.44082848959620596,0.24868273970202978,0.20843561422845774,0.22147664516423532,0.21768364435991058,0.8888888888888888,0.46
1,0.984003821656522,0.7345606863327702,0.7345606863327702,0.9112632663726444,0.938620338370064,0.9389400296415308,1.0,0.96
1,0.9606992805534571,0.9674812390169536,0.9674812390169536,0.8451724147588355,0.9542345078473861,0.942635610190187,1.0,0.99
1,0.7212570492048125,0.6910065116580375,0.6910065116580375,0.6492945660225187,0.7455275641324913,0.7306803722713254,1.0,0.67
1,0.24560923117277328,0.4302047521117806,0.15465997776252072,0.23262685324132426,0.2505920431031691,0.2446557663510473,1.0,0.98
1,0.9663046131432784,0.5274418454533928,0.9859513625726106,0.9225103920426512,0.9461721457770057,0.9351134337311712,1.0,0.94
1,0.22788777993189657,0.44082848959620596,0.5165276722680161,0.19494213014203218,0.20097327890548664,0.19844332287997982,1.0,0.98
1,0.9995197027192704,0.9962453145440158,0.9962453145440158,0.9996450989873301,0.9997850821596428,0.9997982130576827,1.0,0.73
1,0.9352743837965616,0.44082848959620596,0.977596942382412,0.7444157810027324,0.9148525175748713,0.9075373057246755,0.4,0.92
1,0.9997714762595603,0.44082848959620596,0.9999998231709888,0.998599591314661,0.9993247253927185,0.9991086290765141,1.0,0.92
1,0.11371549027980676,0.2928121172920032,0.2928121172920032,0.15909173986380876,0.15194778361656336,0.1443216798680827,0.0,0.39
1,0.9545506778563426,0.7235436015454738,0.9800670858223912,0.8777274375563276,0.9484227252675119,0.9473996349098781,1.0,0.96
1,0.8655061593433011,0.44082848959620596,0.6233620614981057,0.8114061041523354,0.8396066783390769,0.8345927322081504,1.0,0.755
1,0.7073374535298401,0.44082848959620596,0.6681556589023427,0.8009122860005056,0.7109598835194874,0.731194020159137,0.2857142857142857,0.65
1,9.615211476440097e-05,0.07372619654470944,0.04008750118427859,0.0064702086269754645,0.0007282456044048418,0.002020440856803462,0.0,0.11
1,0.3669982168335885,0.5214302195182375,0.5214302195182375,0.4658056861297685,0.4136184208087225,0.41810140872760077,1.0,0.57
1,0.9760810853155746,0.44082848959620596,0.9609915354412691,0.8937020879558955,0.9649830188589775,0.9607690120868732,1.0,0.94
1,0.9955537591291532,0.9496644166600182,0.9927612639708072,0.9910816644094859,0.9941312260802093,0.9942829067314266,1.0,1.0
1,0.6127675805468689,0.48322591881844457,0.48322591881844457,0.5036722179480401,0.5356509817965076,0.5321041430021016,1.0,0.95
1,0.7498793488511549,0.5711408371557828,0.5711408371557828,0.6038830588144771,0.6006653236855269,0.607643626042311,1.0,0.99
1,0.9523272131371648,0.8358810511625571,0.9388347869607713,0.9454600931867352,0.9459407779113048,0.9452742490552871,0.875,0.81
1,0.9174547723799078,0.4302047521117806,0.8966076924315314,0.8746256374877138,0.9228712808861579,0.9238238358591394,1.0,0.95
1,0.9775231320368041,0.44082848959620596,0.9609915354412691,0.8986530248496857,0.9667708970856543,0.9630021268366648,1.0,0.95
1,0.7575425977473019,0.5201706740112744,0.8263764290339503,0.7306331521283208,0.752016246280085,0.7366371558178617,1.0,0.88
1,0.9848691379407841,0.722902735627329,0.722902735627329,0.9563009355537827,0.9676174779453698,0.968118439423842,0.8,0.91
1,0.9834096803146594,0.8861456184613394,0.8861456184613394,0.9516739179631871,0.94605644746078,0.9518767616936937,1.0,0.99
1,0.992506653281232,0.9950303653649902,0.9807811449569345,0.9861141276360647,0.9919593877913591,0.990301589238692,1.0,1.0
1,0.9994286062580447,0.9999779149105593,0.9999779149105593,0.9910672339656901,0.9991793128146332,0.9988616843124319,0.0,0.7
1,0.9999658458324218,0.9984597931286735,0.9997559938052802,0.9998410039482083,0.999929606875084,0.9999322595138537,1.0,1.0
1,0.9056423974498864,0.7401539796729699,0.8404626418464042,0.8669504249204277,0.8846125591266508,0.8849998996539,1.0,0.97
1,0.650997100309925,0.44082848959620596,0.385624652410558,0.5622310795046692,0.582533380576232,0.5726372446022044,0.0,0.47
1,0.9999996682992612,0.9999956064440516,0.9999909338393722,0.9999957711738445,0.9999995076958313,0.9999989385201705,1.0,0.99
1,0.8397406513142772,0.777080588516317,0.8482211982562309,0.8021343168586166,0.8213816448165454,0.8208448812457396,1.0,0.97
1,0.9883370762384855,0.7274784820555544,0.7274784820555544,0.9452016654598553,0.9706910286449038,0.9673821167718749,1.0,0.7883333333333333
1,0.999999673288955,0.9999944326758655,0.9999905932033978,0.9999956779697706,0.9999995085480734,0.9999989312713589,1.0,0.99
1,0.8340589880675516,0.4302047521117806,0.8965715172677708,0.7740044281236954,0.8311054476671009,0.8179312099628431,1.0,0.92
1,0.9906778322050327,0.4302047521117806,0.9928223202830133,0.9735797973932361,0.9866622112104837,0.9823369850959285,1.0,0.99
1,0.3914641921434057,0.6336024972167061,0.5319673649495213,0.39402810735673144,0.40089536028926154,0.39161594079218554,0.0,0.37
1,0.8567385906659756,0.5037387241001338,0.8617571370427465,0.7954869084618944,0.833189619820062,0.8171951852549079,1.0,0.97
1,0.7183028930166002,0.6052753858700731,0.5490921407251038,0.6443847560100727,0.6996990669774548,0.6929621316285832,1.0,1.0
1,0.7484520037543855,0.7917895880498765,0.7917895880498765,0.6222069166569002,0.6241637293444889,0.6254685030570182,1.0,0.76
1,0.4565821929348885,0.4086086244272434,0.4086086244272434,0.5030876878348933,0.5108488770902769,0.5058568328315108,0.0,0.56
1,0.9555422193509087,0.5053828691087227,0.9847260381756083,0.9467067687733318,0.9572460843154088,0.9579055278696866,1.0,0.78
1,0.7004686306333751,0.8078784428937845,0.8078784428937845,0.7806917739749877,0.7414962497011954,0.749744114855471,0.0,0.17
1,0.790649115382662,0.6485921341872984,0.6485921341872984,0.7349806907808499,0.7350535404498135,0.7365265521240253,0.75,0.62
1,0.9587291434080253,0.5058911658499691,0.9081344324617522,0.9165716996985033,0.9549031928269051,0.9539092610490633,1.0,0.79
1,0.9854062903330237,0.4880732847663769,0.9908891373638169,0.9707499651487127,0.9763355974284141,0.9761799275608416,1.0,0.95
1,0.9446225198024586,0.44082848959620596,0.9853649883225379,0.9471592443045296,0.9481028840085834,0.9496647949886854,0.6,0.68
1,0.9947367697311541,0.500941321666954,0.9880839393483796,0.9771665933592436,0.9927619053963519,0.9916480672127482,1.0,0.98
1,0.985763583348491,0.9998392625312494,0.9998392625312494,0.9746329783384974,0.9844860147992461,0.9869233272010521,0.6,0.61
1,0.9999999800251409,0.9999950788400866,0.9999950788400866,0.9999969848536905,0.9999961803980557,0.9999968626978385,1.0,0.98
1,0.6762541934571566,0.49302159082015434,0.48643732995469685,0.6016474995529373,0.6440283353933006,0.6412446134375461,1.0,1.0
1,0.8327606937788915,0.5755053290614975,0.7216374776107133,0.6788773423704976,0.7434548795068118,0.7132749959390963,1.0,1.0
1,0.9725095678310615,0.9531426773947462,0.9686738364147871,0.9662284469467899,0.9745293851148045,0.9746124831345041,1.0,0.98
1,0.9984527532959608,0.9591390214152852,0.993030856911474,0.9948415399975329,0.9977436702483814,0.9970795194757375,1.0,1.0
1,0.9999109385582207,0.9999964968081301,0.999940665326694,0.9993655357509513,0.9997971178350308,0.9997599754401258,1.0,0.9
1,0.290830347616716,0.4469991241139154,0.4469991241139154,0.32451278789119636,0.29709693159104006,0.2939072885138421,1.0,0.62
1,0.9980805165774564,0.9439280469021059,0.9936180153523856,0.9920395769547357,0.9970598861803452,0.9956768456956618,1.0,0.97
1,0.7351855438811299,0.9467681642396312,0.9467681642396312,0.8305593836571916,0.8138994906115204,0.818328859934801,1.0,0.67
1,0.6901818953731208,0.2928121172920032,0.2928121172920032,0.7349835822776843,0.6802127755107175,0.6924691540401945,0.3333333333333333,0.65
1,0.646069069482003,0.4302047521117806,0.6830445138459819,0.6192674181034621,0.6452452495173967,0.6253736935614536,1.0,0.92
1,0.9960618324252567,0.6070705346624287,0.6070705346624287,0.9624651135873212,0.9701382050051819,0.9743051904691463,0.6,0.87
1,0.9838391664383703,0.9924174828447366,0.9979227608933411,0.9814924688275772,0.9866770978335153,0.988415281545108,0.0,0.8
1,0.9972261998107363,0.9999450733153153,0.9999450733153153,0.9928984656805648,0.9966228263245842,0.9966023202387496,1.0,0.84
1,0.31040122346237425,0.44082848959620596,0.24868273970202978,0.2533865346655745,0.26948720669327286,0.26898529557840534,1.0,0.89
1,0.9976810299091133,0.4860945623609781,0.9991737341752284,0.9924224733268179,0.9960283793684737,0.995873549564189,1.0,0.95
1,0.8595975172457457,0.47818464921753406,0.6205495541187306,0.7935897183541679,0.8277347898746364,0.8201196100100062,0.0,0.865
1,0.8947915688775296,0.4302047521117806,0.9511847160858913,0.8260514147693234,0.8773630269818511,0.8603258388234925,0.8,0.74
1,0.7664881956876626,0.4870838729588494,0.7081816281831509,0.7237451701432612,0.7879068431110111,0.7768938292804737,1.0,0.93
1,0.7865746899274135,0.4302047521117806,0.21142821952197147,0.2344937722668979,0.5491409160754621,0.4005154962088019,0.8571428571428571,0.38
1,0.9998465691894022,0.5512518614553438,0.9978029136448993,0.9996713754502096,0.999820486667885,0.9998200876867517,1.0,1.0
1,0.9999982444439901,0.9989476508053686,0.9999387383116778,0.9999719603450749,0.9999942581875464,0.9999906334957998,1.0,1.0
1,0.9999999072593803,0.9741947060114186,0.9741947060114186,0.9999169066816226,0.9999477562966158,0.9999672710545944,1.0,1.0
1,0.9999889252520249,0.9719752668940805,0.9957160010115937,0.9998793249660718,0.9999866730680269,0.9999817314276198,1.0,1.0
1,0.9999837383858893,0.9998759754897398,0.9997128810153392,0.9998360883858528,0.9999522737245388,0.9999264690146703,1.0,0.99
1,0.7314505512376785,0.9531426773947462,0.8921901288222452,0.7652633489799592,0.7400533232217394,0.7533022721278395,1.0,0.78
1,0.7760204046664333,0.5098502564211692,0.6978547076469062,0.6747040549223824,0.7444980467169315,0.7400869020556198,1.0,0.96
1,0.5986129941618346,0.48312731521378854,0.43717412641657516,0.529103514146136,0.5750315166201904,0.569768126685142,1.0,0.95
1,0.7837951101194361,0.970504836035827,0.846320890775573,0.5830494656889552,0.7133474786308339,0.6843193202769361,0.16666666666666666,0.87
1,0.9459976619704189,0.630543397284915,0.5545864340375621,0.9274465986617701,0.9503552594737469,0.9479309568429998,1.0,1.0
1,0.9956601367674375,0.4302047521117806,0.9875283796927469,0.9935604061982872,0.9960032641219324,0.9961146343815818,1.0,0.82
1,0.9416570152929474,0.9866326936795031,0.9306227293110175,0.8148852589753242,0.8952062197207811,0.8729965848747949,1.0,0.93
1,0.297596526906418,0.44082848959620596,0.24868273970202978,0.22537100433158744,0.23615101524593451,0.242313015545474,1.0,0.99
1,0.9663822782556317,0.9886131684884999,0.9886131684884999,0.8139079854442393,0.8859029088667321,0.8726462398818153,1.0,0.92
1,0.2489527814100474,0.2928121172920032,0.2928121172920032,0.1541800827938786,0.19351308059476519,0.18460593105032663,0.75,1.0
1,0.9663822782556317,0.9886131684884999,0.9886131684884999,0.8139079854442393,0.8859029088667321,0.8726462398818153,1.0,0.92
1,0.2576033793271932,0.4302047521117806,0.6087745974914684,0.13160224925444658,0.22434261206288517,0.18745009159677437,1.0,0.97
1,0.8198433825726669,0.992277895320997,0.9373810254447132,0.7302490058924495,0.8100021454289318,0.7967318737486598,0.2,0.83
1,0.2576033793271932,0.4302047521117806,0.6087745974914684,0.13160224925444658,0.22434261206288517,0.18745009159677437,1.0,0.97
1,0.9834274686115032,0.4302047521117806,0.9942186824775816,0.9726603028528787,0.9794862481169434,0.977524160922757,0.375,0.74
1,0.999619034508265,0.4302047521117806,0.9999789092664397,0.9993887175014929,0.9996993270432599,0.9996915290040588,0.6,0.86
1,0.301151164768705,0.4302047521117806,0.21897579420776797,0.24423575317061083,0.2665732542873953,0.25196299230515123,0.5,0.33
1,0.9466049167491349,0.9140660733379329,0.9140660733379329,0.8955715677026423,0.9042684200996051,0.9098245639375648,1.0,0.91
1,0.384375093045441,0.44082848959620596,0.3020305018132871,0.36416324967118524,0.37156014420741384,0.36551516918859167,0.0,0.14
1,0.9830546799385929,0.9991238856513218,0.9952269515306008,0.9738983996636926,0.9791315979089273,0.9787965175290007,0.6,0.85
1,0.46566205147873674,0.596247014880145,0.5693754264327127,0.45610211452702626,0.47405381650404305,0.46874383092164507,1.0,0.95
1,0.8760045685459623,0.6882627944668603,0.6573050923100484,0.7187773000681754,0.8029545857226662,0.7662002459110343,1.0,1.0
1,0.859058890117527,0.5364963680429867,0.5364963680429867,0.7223843044236136,0.742555363164592,0.7508095691133164,1.0,0.9233333333333333
1,0.9999999992549646,0.4302047521117806,0.9999999982444776,0.9999999505635389,0.9999999960246659,0.9999999877484155,1.0,1.0
1,0.9998302593932389,0.4950013504758755,0.997405179471845,0.9996292561613386,0.9997995379380453,0.9997976139071008,1.0,1.0
1,0.8594279738032365,0.5364963680429867,0.5364963680429867,0.7225713772206208,0.7429775266443099,0.7511468853362291,1.0,0.9233333333333333
1,0.859058890117527,0.5364963680429867,0.5364963680429867,0.7223843044236136,0.742555363164592,0.7508095691133164,1.0,0.9233333333333333
1,0.9999999982178229,0.960601410403817,0.9990248925246926,0.9999979404700663,0.9999999279332844,0.9999997526324308,1.0,1.0
1,0.9421635563672348,0.5609835841547373,0.8633486826492842,0.7864938004613682,0.8676178824240897,0.8311746290303227,1.0,0.94
1,0.9752727735522768,0.9637137338570596,0.9637137338570596,0.949642291149018,0.9624520746035906,0.9654992914630977,1.0,0.92
1,0.997111908114268,0.5068810271658156,0.9980969732499944,0.993263448477543,0.9941835498503412,0.9937788453221114,1.0,0.65
1,0.4393543410125728,0.511957929651366,0.2953842412073634,0.5245318503073878,0.4780423617297811,0.5016470793579559,1.0,0.78
1,0.8853340861703404,0.8045907672680991,0.8045907672680991,0.840428740092306,0.8520665438973041,0.8526346365744663,1.0,0.98
1,0.986561041025648,0.8474728770881931,0.8474728770881931,0.9814181452182624,0.9816009911423057,0.9830698094638882,1.0,1.0
1,0.9997075961550927,0.9934656743061573,0.9725301137664206,0.9945921843830461,0.9981459639619857,0.9983318289364549,1.0,0.95
1,0.9817503600710261,0.9592373108195392,0.9592373108195392,0.9565717046012139,0.9658937467010993,0.9674844885224995,0.5,0.98
1,0.8385331136493958,0.44082848959620596,0.8262180409365029,0.8048944978841283,0.8245768215500933,0.821427892970199,1.0,0.99
1,0.5541141437340253,0.5880114490584344,0.5880114490584344,0.5009079883766707,0.5465337210954887,0.5364020506906232,1.0,0.99
1,0.9663474057353751,0.9879518168829808,0.9371486733880389,0.953812188803224,0.9661466996042677,0.9633875995529259,1.0,0.95
1,0.9957689393464204,0.9999998137599593,0.9999334972722322,0.9949651982110114,0.9959988935208023,0.9965611353638774,1.0,1.0
1,0.8456844760606194,0.7499321064387281,0.891973829130237,0.770200494948013,0.8236959710422396,0.821828150397108,1.0,0.87
1,0.8456844760606194,0.7499321064387281,0.891973829130237,0.770200494948013,0.8236959710422396,0.821828150397108,1.0,0.87
1,0.9995295596168471,0.9999634355014027,0.9998080843785135,0.9989852056033592,0.9994165090657451,0.9994744745922495,1.0,0.97
1,0.05153861124772791,0.005428141202709398,0.07187914928114661,0.24950812711414347,0.09496075071273241,0.1695661286971636,0.0,0.35
1,0.8056124217785899,0.44082848959620596,0.7596034602744893,0.655722766146554,0.7587100764320157,0.7432868645587651,1.0,0.41
1,0.9995295596168471,0.9999634355014027,0.9998080843785135,0.9989852056033592,0.9994165090657451,0.9994744745922495,1.0,0.97
1,0.9740733115284951,0.9948803223721209,0.9948803223721209,0.9617727510944315,0.9708150327327174,0.9707476773772831,1.0,0.97
1,0.9999999857507393,0.9594504126859174,0.9594504126859174,0.9999822715839786,0.9999932260670349,0.9999954259380299,1.0,1.0
1,0.973032605118566,0.44082848959620596,0.9975498294190783,0.9722559373875869,0.9759359553304384,0.9766225137877742,1.0,0.92
1,0.947504860168282,0.6517246065978368,0.9871908910474734,0.9511488999498103,0.9553807182519708,0.9615208466277698,0.0,0.52
1,0.9970460092871246,0.9999901935228692,0.9999901935228692,0.99605423929971,0.9976762887344844,0.9980783048572838,1.0,0.99
1,0.9995295596168471,0.9999634355014027,0.9998080843785135,0.9989852056033592,0.9994165090657451,0.9994744745922495,1.0,0.97
1,0.9429632044782287,0.5479862935808658,0.9173164709962409,0.8351503467786037,0.8895433470305253,0.8635402516566736,1.0,0.95
1,0.549795961165618,0.6072796709222227,0.6197741601676607,0.5029457120757201,0.5417717007435229,0.5288770614951024,1.0,0.79
1,0.9988213361056437,0.9945847839148896,0.9945847839148896,0.9962308927351853,0.997286696028343,0.9972615767269823,1.0,0.93
1,0.6954928989231807,0.4791728717944303,0.3212717239468187,0.7316968694828813,0.7075020510993649,0.7087970412892516,1.0,0.755
1,0.9998833218804435,0.9882149088719023,0.9882149088719023,0.9993818128391921,0.9995600689428963,0.9996123973983672,1.0,0.99
1,0.8156826171501481,0.5398284640204558,0.656956089379732,0.8107860591701523,0.8206016721997186,0.8107879346990292,0.4,0.69
1,0.6584649565063343,0.5316492383491486,0.7051844565689098,0.6290239855829196,0.6686279634072323,0.658436023097222,1.0,0.91
1,0.47491699712747104,0.5579851834546596,0.5579851834546596,0.4555493714982976,0.47525149660452004,0.4705438431583854,1.0,0.81
1,0.9933172989720566,0.9976219345920144,0.9976219345920144,0.9360721571478404,0.9917014228666478,0.9890702147683446,0.4444444444444444,0.54
1,0.9999961491761676,0.4302047521117806,0.9999344472797085,0.9999274340120445,0.9999867022764112,0.9999702157508559,1.0,0.98
1,0.9372361718623428,0.44082848959620596,0.795632639517516,0.8756498566272931,0.9080031724581544,0.9060770314000729,1.0,0.98
1,0.9460748365629191,0.44082848959620596,0.2482631656100313,0.8822198116149079,0.9187670579501197,0.915566154747865,1.0,0.94
1,0.9811531666118891,0.4302047521117806,0.41302503718236444,0.9676012560621935,0.9720251843785772,0.9717868983074687,1.0,0.83
1,0.95736252820132,0.2737248126692387,0.42314607896259926,0.9397153277592617,0.9412965652090094,0.9441443712082263,0.8333333333333334,0.65
1,0.9998780377035899,0.9998019042372892,0.9998857649792214,0.9996756933312385,0.9997638953699753,0.9997791891725488,1.0,0.96
1,0.7271679411205125,0.47744557764668627,0.8164669634739298,0.6516886177933554,0.6960727585246582,0.6864943596618445,0.8,0.78
1,0.6950332789816088,0.5414618801984955,0.875088854651686,0.6511213981506194,0.6677153536951084,0.6655267593682712,0.375,0.74
1,0.9998780377035899,0.9998019042372892,0.9998857649792214,0.9996756933312385,0.9997638953699753,0.9997791891725488,1.0,0.96
1,0.8689270491162183,0.8540044574524147,0.8540044574524147,0.891745622841178,0.8950828896280328,0.8953653909194262,0.2857142857142857,0.91
1,0.9784216188378675,0.44082848959620596,0.9251212896712221,0.9524095229024091,0.9672455715635496,0.9683833776298656,1.0,0.85
1,0.5916764679410159,0.4167189012048389,0.4167189012048389,0.48797196600861176,0.5014491056774933,0.4998576167439492,1.0,1.0
1,0.947918887728224,0.5275818992115879,0.5275818992115879,0.8034018128346351,0.8269422667795824,0.8352105977190353,1.0,1.0
1,0.7738267284458509,0.4302047521117806,0.9064440916333477,0.7771616047433518,0.7771532286992946,0.775220120506896,1.0,0.96
1,0.8724987672700621,0.6692293684233793,0.9049947812757074,0.7861210782105389,0.8501491729373731,0.8455270546486304,1.0,0.91
1,0.8902794108326839,0.8789402580107708,0.9448484521640613,0.8397466217905846,0.868711388272501,0.8556197294662576,1.0,1.0
1,0.5501695487078713,0.5394699317099821,0.5584831363502946,0.5053187719298556,0.5386740480294682,0.5321937498486417,1.0,0.89
1,0.5194892090749399,0.526840093610638,0.526840093610638,0.4776685169959012,0.5202149599868418,0.5107502564944096,1.0,0.95
1,0.976946251871853,0.9980366250219653,0.9980366250219653,0.9714625751295659,0.9707016066297074,0.973461902732373,0.7142857142857143,0.84
1,0.8852784447822142,0.9977745392518406,0.9687467438320968,0.9169044550684963,0.8978564138644747,0.9045467177816847,0.875,0.94
1,0.9999999879862495,0.44082848959620596,1.0,0.9999978441063373,0.9999994441495689,0.9999986857450529,0.0,0.09
1,0.8011576609508412,0.44082848959620596,0.68112488569871,0.755448848790619,0.790361920468734,0.7875842456680776,1.0,0.98
1,0.7199379636257035,0.4399322272013013,0.4399322272013013,0.553718689333266,0.5504295822398693,0.5569647903746023,1.0,1.0
1,0.9425968338859982,0.9972410541084935,0.9972410541084935,0.9609645316794252,0.9547933802383527,0.9614880770418928,0.7142857142857143,0.95
1,0.9862772187910249,0.8782173838930295,0.9054546129406843,0.9677125893178694,0.9857151340876084,0.9839115755352268,1.0,0.99
1,0.9216993787150037,0.8786402882019422,0.9066833898156714,0.8964284335231241,0.9142114460276088,0.912864312856538,1.0,0.99
1,0.9799290007911081,0.6276724085665673,0.6276724085665673,0.9158950056770125,0.9364033419126491,0.936824240434555,1.0,0.99
1,0.8639820529970532,0.4302047521117806,0.6681410175564471,0.8228347380890364,0.8594012119778625,0.8481883303498107,1.0,1.0
1,0.21252597489518443,0.2928121172920032,0.2928121172920032,0.22541505361479425,0.23091223314134823,0.22681972853147966,0.0,0.05
1,0.24801738037901108,0.44082848959620596,0.24868273970202978,0.28106246871075846,0.26581868944890324,0.2654510796186806,0.0,0.05
1,0.7610367582300142,0.6851103980570631,0.6851103980570631,0.7016947413529085,0.739830972301239,0.7395537749167254,1.0,0.68
1,0.9999955628864245,0.4302047521117806,0.9999799637814478,0.9999874530805075,0.9999946395790315,0.9999944627805367,1.0,0.82
1,0.9946141759855254,0.9551378485221845,0.9867675720831287,0.9869272512615896,0.9943447350282809,0.9940651081530182,0.0,0.9
1,0.9757220791328444,0.4302047521117806,0.9749021437494392,0.953580306541997,0.9693860993215849,0.964574944638161,1.0,0.99
1,0.9985170624398851,0.9697222300376046,0.9998636103312492,0.9965731843292801,0.9982641648305884,0.9982571732302005,0.6666666666666666,0.75
1,0.9962599349695987,0.4054329219678619,0.4054329219678619,0.9929677894909325,0.9943740352806962,0.994234174958396,0.8,0.94
1,0.6270919014565941,0.7943464131201798,0.7943464131201798,0.5526963991596977,0.6685930993385094,0.6353006414406243,1.0,0.82
1,0.9458977942408893,0.5722886071325013,0.9018274651992387,0.8320384297100806,0.8917243376107359,0.8649029814751165,1.0,0.98
1,0.8838701123099462,0.8530136953307317,0.8530136953307317,0.81306176123932,0.8368239165074288,0.8384877932289738,1.0,1.0
1,0.42123280874246244,0.4302047521117806,0.305725835968913,0.36875898547689,0.41974124579682137,0.4019548671717522,1.0,0.64
1,0.9999306440397833,0.9999826738538475,0.9999621643659001,0.9998536402696969,0.9999302969973339,0.9999208894632325,1.0,1.0
1,0.8841413852384324,0.8530136953307317,0.8530136953307317,0.8136072165884475,0.8372115896717184,0.838894557293728,1.0,1.0
1,0.9997681595445834,0.999962775040974,0.9999723570811487,0.9996381972030355,0.9997554306612797,0.9997887645612125,1.0,1.0
1,0.9317892729548996,0.4302047521117806,0.9833708628622683,0.8940479704902844,0.9179710087957225,0.9196202986242352,1.0,0.79
1,0.9998991974868027,0.9863237604951189,0.9863237604951189,0.999446227737146,0.9996102205055548,0.9996583813929865,1.0,0.99
1,0.9818519998035233,0.9198156265366215,0.9303877084743605,0.956531554419234,0.9750502473934838,0.9695296104812603,1.0,1.0
1,0.9628459319182143,0.8514896612310443,0.8514896612310443,0.9139006779079,0.9303305553691318,0.9330438650047738,1.0,0.98
1,0.9894774835828406,0.9327000972809907,0.9327000972809907,0.9900628228803996,0.9910848711782556,0.9915676566488025,1.0,0.97
1,0.9958796231489055,0.9996920023386594,0.9996920023386594,0.9936162809492538,0.9952950418773079,0.9956960449368871,1.0,0.99
1,0.4814293630859418,0.6119753415332405,0.561044799605079,0.48097737161647347,0.4931371571113912,0.49084830323308787,1.0,0.98
1,0.4819173340357194,0.5201706740112744,0.5628861457241766,0.4773340944089806,0.49725415123307015,0.4924802995638232,1.0,0.9
1,0.9890813702845735,0.40452218595398154,0.40452218595398154,0.982014365304803,0.9852548175806841,0.9848077032033509,0.8,0.93
1,0.8121866606767674,0.8485982049731959,0.8485982049731959,0.8547353322467428,0.8364307261154241,0.843644027044125,1.0,0.89
1,0.9999999984905987,0.9299339151740716,0.9915375741869082,0.9999924566198913,0.9999995729105146,0.9999996211512104,1.0,0.96
1,0.9128427352297208,0.8782173838930295,0.8887590597009782,0.8847489404850584,0.9039262769336122,0.902126303600308,1.0,0.98
1,0.9557668448858285,0.4302047521117806,0.9897555004912516,0.9360512870259772,0.9580346194868824,0.958499240633103,0.375,0.82
1,0.9999990526540206,0.9865631263134049,0.9865631263134049,0.9999019607014279,0.999953658483693,0.9999608263603883,1.0,0.95
1,0.9996715074504875,0.9999961416435852,0.9999961416435852,0.999477846855961,0.9996605439039783,0.9997189536674658,1.0,1.0
1,0.8832664481654308,0.4302047521117806,0.7068888059840019,0.8082571633337567,0.8617329797918015,0.8376213189682686,0.2,0.59
1,0.8074525579612389,0.44082848959620596,0.8655189267569796,0.710047329834362,0.7469135228084226,0.7473792621831398,0.6666666666666666,0.96
1,0.6542006878271702,0.8930828509536801,0.6201595444102834,0.5928640346077253,0.6209875176023254,0.6239772166572818,0.0,0.28
1,0.6542006878271702,0.8930828509536801,0.6201595444102834,0.5928640346077253,0.6209875176023254,0.6239772166572818,0.0,0.28
1,0.999999034632223,0.9998804223251367,0.9998804223251367,0.9998903302721325,0.9999122847447102,0.9999450605222567,1.0,1.0
1,0.9986528797047309,0.9981245593013717,0.9962965882008846,0.9952132125393045,0.9981070787993208,0.997599476151919,1.0,0.93
1,0.9999829577076845,0.9998759754897398,0.999712558814974,0.9998296060561057,0.9999500197440165,0.9999231202806894,1.0,0.99
1,0.9588669318541028,0.9150612630641493,0.9739664031745039,0.9537715228812681,0.9592761506179407,0.9594843799574145,1.0,1.0
1,0.9882543642001042,0.4584662556793636,0.8157693723007144,0.9266737603164567,0.976097049371117,0.972460222832002,1.0,0.95
1,0.9686899592164244,0.684945230258196,0.9729741881033498,0.936570445350272,0.9641726851878364,0.9636440780393358,1.0,0.96
1,0.9402994605776883,0.4722591684633257,0.9269013451736899,0.9137421959651318,0.9299355978785926,0.927074888846536,1.0,1.0
1,0.9398359614951892,0.4722591684633257,0.9275179416948568,0.9133297266024483,0.9295997277578685,0.9267547412421016,1.0,1.0
1,0.8796775151684016,0.6476910285016855,0.6476910285016855,0.825433586275072,0.849598572799336,0.8501700982024981,1.0,0.94
1,0.9930687442802534,0.9999431344482378,0.9942979671433785,0.990147345415233,0.9888910993746425,0.9895162408610807,1.0,0.95
1,0.5106045308752417,0.5108398554284175,0.5662271784948969,0.45053871061994494,0.4986312704109116,0.49141123916333174,0.8888888888888888,0.77
1,0.9999979621829582,0.9999969049353767,0.9999969049353767,0.9999722622896832,0.9999900083121527,0.9999909309193132,1.0,0.86
1,0.9984344945107262,0.21966933092557683,0.9203228737073984,0.9967128752074403,0.9981361425149451,0.9980465842468301,1.0,0.89
1,0.5294226693227064,0.5492918341695211,0.5532756473319413,0.47401646035225586,0.5121828782614195,0.507468093400392,1.0,0.99
1,0.906494711426338,0.5049012583470434,0.7074601251875893,0.8283590990099811,0.8606701725073271,0.8596527667386299,1.0,1.0
1,0.4827998636677466,0.35214018938695324,0.35214018938695324,0.4831181688772552,0.47928929688016547,0.4740797306092196,0.0,0.38
1,0.9999999892146977,0.4302047521117806,0.9999999916932542,0.9999997448778757,0.9999999733289473,0.9999999746978012,1.0,0.99
1,0.21975572423115253,0.2928121172920032,0.2928121172920032,0.23764451614571186,0.24870679276192592,0.24526656222059928,0.3333333333333333,0.71
1,0.23285568860723393,0.44082848959620596,0.2839196926641939,0.22627513779883002,0.23659815548388247,0.23254170403214017,0.4,0.67
1,0.9116467493258527,0.8708319735924083,0.8228966748837797,0.8563639870645005,0.8697455100834148,0.8715909253891834,1.0,0.96
1,0.9987686521156475,0.5185288547634888,0.9987835825790484,0.9963201565819728,0.9976750178762142,0.9971491234787624,1.0,1.0
1,0.9627844140871584,0.48213848682499677,0.7008469616741374,0.937575559222767,0.9397027434540081,0.950724153643341,1.0,0.61
1,0.24899892390353276,0.6558587770103492,0.6558587770103492,0.2924447848166366,0.33841743368943367,0.31142613479327286,1.0,0.67
1,0.9518182937853438,0.787275491565024,0.894865401516062,0.8813872147922993,0.919333830478395,0.9195580767456277,1.0,0.985
1,0.9994971693165929,0.4950013504758755,0.9989621178580325,0.9978865566814292,0.9986112539252907,0.9987139539692723,1.0,1.0
1,0.9437298421280662,0.998803863647171,0.9688018505262082,0.9453851771116273,0.9396139263665061,0.941659809584704,0.4,0.8
1,0.9399553164959027,0.4823704220715926,0.8967999659479621,0.9140043816215446,0.9362709033321636,0.9291480712918391,1.0,1.0
1,0.9912667539465493,0.5813926265243787,0.6466330969875529,0.9853278412154391,0.9824347349668645,0.9842547429222609,1.0,0.99
1,0.9988989860261148,0.5201706740112744,0.9989841607477328,0.9968053022522037,0.997956622073132,0.9975107583473893,1.0,1.0
1,0.9983825692095868,0.44082848959620596,0.9998707829611804,0.9935179324428335,0.9976218675123725,0.9974168845473369,1.0,0.92
1,0.9985314064908328,0.9979856308656435,0.9960815614257287,0.9948496824158278,0.997941496506616,0.9973968382748609,1.0,0.93
1,0.993393521115771,0.5696842558865587,0.5696842558865587,0.9653732484250123,0.9751280720350481,0.9778429964550546,1.0,0.99
1,7.522972222726037e-06,5.419349339955441e-06,5.36508450259413e-07,0.0019148784096672856,3.0251731840469975e-05,0.00022774322769553783,0.0,0.01
1,0.999032707899284,0.9442747638119654,0.9442747638119654,0.9862438463256912,0.9926916906259411,0.9919022208704816,0.8,0.98
1,0.969922070425423,0.5954257292240547,0.7512888360440311,0.9247993044941616,0.9506800372285348,0.9492178510026618,1.0,0.99
1,0.9972710780538716,0.6155904213226576,0.9876943593870351,0.9894458191401481,0.9954248695191018,0.9942528720802307,1.0,1.0
1,0.997862402020366,0.9026902916164858,0.9026902916164858,0.9836973320096909,0.9925996224738863,0.9924365229559685,1.0,0.99
1,0.9787941376719956,0.9928543276668224,0.9928543276668224,0.8620167800237154,0.9737089260114098,0.9666883522452406,1.0,0.93
1,0.9995926843629822,0.657672024947427,0.9996399910352037,0.9980814782553965,0.9991590831145739,0.9987059290346815,1.0,0.96
1,0.9945949499103192,0.989112632408363,0.989112632408363,0.9899003375012654,0.9938656858151845,0.9942434563303693,1.0,1.0
1,0.9747870847823263,0.473246251247357,0.9333906702256333,0.9531784946133679,0.9671427539459532,0.964741495669665,1.0,1.0
1,0.854929629234744,0.5207298956921311,0.6486745943785276,0.803541036992557,0.8147882752349308,0.8156519602551033,1.0,0.98
1,0.9891757355111311,0.9474010622156659,0.9474010622156659,0.9630102347579624,0.9753672034062342,0.9744904761304338,1.0,1.0
1,0.981232410534944,0.05122883066804505,0.9691010900676713,0.9787324173674363,0.9755263586413196,0.979844458929546,0.5,0.94
1,0.8441488492945802,0.8738691109753194,0.6734480479406921,0.7689267642635716,0.810238409742056,0.8071394767808785,1.0,0.63
1,0.9074008945841638,0.5088605802065981,0.7199415151582373,0.8292432597908661,0.8619630326418086,0.860590503747724,1.0,0.99
1,0.7282048874778143,0.5400207450039283,0.5400207450039283,0.626185615053597,0.6930185885555595,0.6809844260891298,1.0,0.945
1,0.8661353575932789,0.8054279919498014,0.8054279919498014,0.7432590876673879,0.7655720305983025,0.7689660938824512,1.0,1.0
1,0.7311545723371484,0.4302047521117806,0.6747407241011154,0.6808358489765517,0.7122211238372756,0.6893764987596646,1.0,0.96
1,0.7999771677911544,0.5394699317099821,0.7435060216754645,0.7503969859398204,0.7874845103744902,0.7855008209577368,1.0,0.95
1,0.9907119972447068,0.9887677839378205,0.9887677839378205,0.9889680313565561,0.9910330936822456,0.9911244727768542,1.0,0.9
1,0.8952942461254136,0.469299251862789,0.8628928292966644,0.78255380962354,0.8384500322347717,0.8325998708841218,1.0,1.0
1,0.9270082286267437,0.47744557764668627,0.8244057035165708,0.7910754730190647,0.8713928266906917,0.8358531977173417,1.0,1.0
1,0.8570914137188484,0.4979712644898384,0.856333673905125,0.8114058677593718,0.8433792322722999,0.8446452332461744,1.0,0.87
1,0.8471146630214672,0.44082848959620596,0.5069265214692548,0.6881046268379446,0.7774919436517774,0.7613976922298592,0.0,0.735
1,0.9999094268608324,0.4302047521117806,0.9996335178162177,0.9998540893649378,0.9998926079013963,0.9998839870789972,1.0,0.85
1,0.999594669866618,0.9998830081109995,0.9998830081109995,0.9978711562594688,0.9979616717340903,0.9981312465561754,1.0,1.0
1,0.9094900026101884,0.8726910081629511,0.8726910081629511,0.8542979074778958,0.8732462142875953,0.8821216480249852,1.0,0.9
1,0.9984835574986581,0.9979856308656435,0.9958162900548323,0.9946460250714143,0.9978639846856403,0.9973003314361913,1.0,0.92
1,0.999068169521708,0.5234529704971637,0.9991253794843895,0.997281227428278,0.9982655173507584,0.9978841822435209,1.0,1.0
1,0.9357502983269389,0.5430944057564255,0.8846281990116713,0.7878340360534513,0.8599737366132962,0.8259517885471682,1.0,0.96
1,0.999594669866618,0.9998830081109995,0.9998830081109995,0.9978711562594688,0.9979616717340903,0.9981312465561754,1.0,1.0
1,0.999998195298234,0.4302047521117806,0.9999992346806637,0.9999707428315855,0.9999955751675571,0.9999925245150709,1.0,0.96
1,0.9995955065806421,0.4529060201934872,0.9817431460001634,0.9982049006333467,0.9994088242095077,0.9992343768455497,1.0,0.89
1,0.8986385485560148,0.5157864212164855,0.6910159406843408,0.8090343025233335,0.8440792457665905,0.8422738500115218,1.0,1.0
1,0.9999757253300364,0.8044120212482994,0.9993004158965142,0.9996450107430309,0.9999488816054549,0.9998765066561525,1.0,1.0
1,0.6309381973321205,0.44082848959620596,0.6881080183236292,0.5387736788048654,0.5759995219167042,0.563619300548804,1.0,0.98
1,0.9986192703754476,0.8950580442773161,0.8950580442773161,0.9851397819519243,0.9933702810671762,0.9934030757291407,1.0,0.99
1,0.5288016196591933,0.5152440510130337,0.5747945940520798,0.49111244358300743,0.5321830108169391,0.5212840143325826,1.0,0.87
1,0.4736302299913679,0.5246818008784715,0.506997131267229,0.46034956093942614,0.4769118879064912,0.47271999034344636,1.0,0.91
1,0.9861728971660322,0.9936783160306059,0.9783015146319903,0.9798954118871538,0.9828790675648974,0.9832828776018127,1.0,1.0
1,0.9717701608031315,0.44098049379661064,0.9698295837684598,0.9555827754603857,0.9582807026235254,0.9567211202100372,1.0,0.87
1,0.999999999740353,0.9999999999993037,0.9999999999993037,0.9999999610771277,0.9999999969270057,0.9999999968759541,1.0,0.97
1,0.999897226251444,0.5463566468801789,0.9987131138690116,0.9988329209227035,0.999787030233395,0.9995099341274276,1.0,1.0
1,0.9921405078784865,0.7978272316230415,0.7978272316230415,0.9389146428441337,0.9631509800119369,0.9622260692396191,1.0,0.99
1,0.979120745943443,0.4302047521117806,0.9538344217447374,0.9538709213769777,0.9715203364480058,0.9639590774293028,1.0,0.93
1,0.30569519196404327,0.4791728717944303,0.3143520717410738,0.2979875037368814,0.31195318403261585,0.304990432313258,0.0,0.335
1,0.999255040422187,0.9999314716452008,0.9999711708761464,0.9981669359760633,0.9988894055640937,0.9989582410344876,1.0,0.98
1,0.9380317506202577,0.4823704220715926,0.9079533839936711,0.9168109509670191,0.9350674485787235,0.9289539490512548,1.0,1.0
1,0.9908971878377612,0.9403153091404683,0.9403153091404683,0.9836669500419908,0.9890221962958629,0.9895685279255836,0.8,0.97
1,0.9903292434194297,0.688058220961029,0.9824069187458389,0.9790860358254536,0.9887669662105725,0.98718299905527,1.0,0.96
1,0.4140671426857753,0.25251998586266594,0.24566787827260544,0.6220477379701607,0.6276981919154838,0.6342355404285894,1.0,0.99
1,0.9987030354037928,0.47522103667631627,0.9999467703029913,0.9951212216251214,0.9970685636834505,0.9964978603609719,0.875,0.98
1,0.9889258351900154,0.47423354321083094,0.999206281807759,0.9954073178545475,0.9912041448384469,0.992020231818108,0.6,0.725
1,0.16170038785415647,0.28820944893669576,0.28820944893669576,0.6953000778165858,0.6818900358907838,0.7020050893539539,1.0,0.96
1,0.9981071780291308,0.9973291265014196,0.9973291265014196,0.9958269166984847,0.9976669734596332,0.9978208403484531,1.0,1.0
1,0.9346227789957892,0.4722591684633257,0.9278963414931541,0.9087098592477119,0.9239147981375262,0.9209088171523421,1.0,1.0
1,0.9992065962973229,0.9866326936795031,0.9969401137556504,0.9982511161442935,0.9992121958206203,0.9990663759104013,1.0,1.0
1,0.6194528284412082,0.6825047947360987,0.6825047947360987,0.4774086649317049,0.5458550992378837,0.5334294531558526,0.0,0.6166666666666667
1,0.6309655374260406,0.44082848959620596,0.6881080183236292,0.538820497312501,0.5760408201370645,0.563655789137686,1.0,0.98
1,0.21687398296209778,0.2928121172920032,0.2928121172920032,0.21597201963268625,0.2359144717877734,0.22927127929721602,0.0,0.24
1,0.9211918802409436,0.8920120990641044,0.8920120990641044,0.8410345515658347,0.8719215313546449,0.8677935072315882,1.0,1.0
1,0.43792877071702346,0.5171109012328127,0.5171109012328127,0.4517553452670392,0.4814661163601693,0.47277822668239755,1.0,0.87
1,0.5988212083238483,0.47423354321083094,0.39868326816663274,0.536243501621809,0.5572528481518685,0.5570167722990859,1.0,1.0
1,0.9973795109984175,0.4565005290394984,0.9986422487707041,0.9917283645126234,0.9959403431710482,0.9959737919720326,0.6666666666666666,0.96
1,0.9862777088716244,0.9940572200732934,0.9786234210686633,0.9800479948526553,0.9830253312240045,0.9834395972148192,1.0,1.0
1,0.8968645580079904,0.6423382362841799,0.8746152215647733,0.8113063689747906,0.8682751062688902,0.8514023134202582,1.0,0.95
1,0.2568082688204052,0.2928121172920032,0.2928121172920032,0.3119543340892744,0.2835788887036092,0.28884923754615344,0.42857142857142855,0.46
1,0.9659377768500331,0.9346900107128888,0.9346900107128888,0.9373111882112717,0.9474095772644907,0.9495400845966662,1.0,0.96
1,0.818225806384067,0.6412028389767598,0.7520008440114612,0.7887890495319297,0.8177004309049053,0.8059626728757018,1.0,1.0
1,0.4886578758758648,0.29862070187115924,0.38470205694123616,0.6940203655763756,0.73195937277263,0.7231036749582777,1.0,0.92
1,0.4598232288356859,0.29862070187115924,0.3750997215898294,0.6823206516733256,0.7165881837016558,0.7096430340746946,1.0,0.94
1,0.9339017065179925,0.4722591684633257,0.9269013451736899,0.9077468328260405,0.9230727128535147,0.9200342959140145,1.0,1.0
1,0.3547675602387446,0.42520591018595005,0.42520591018595005,0.2410982938541806,0.28106475593864605,0.2643837303853639,1.0,0.84
1,0.8788430486532436,0.630543397284915,0.8223035295888155,0.7693344219521966,0.814318719584449,0.7906548397730813,1.0,1.0
1,0.18412375754378907,0.44082848959620596,0.24868273970202978,0.17749936830229246,0.18846356873516568,0.1848884896945618,0.0,0.0
1,0.3063214220540576,0.4302047521117806,0.5562065975759282,0.21652052219142343,0.2727815101961149,0.24948953602448062,1.0,0.92
1,0.18412375754378907,0.44082848959620596,0.24868273970202978,0.17749936830229246,0.18846356873516568,0.1848884896945618,0.0,0.0
1,0.9997998675252648,0.32483197822972304,0.9777399898146362,0.9971619700789938,0.9991089396598728,0.9988645579193356,1.0,0.91
1,0.9997711302358369,0.9983029967651201,0.9994879690736945,0.9998171936443543,0.9997426531510688,0.9997852756303777,1.0,0.86
1,0.9125243915121227,0.4302047521117806,0.8653417878936878,0.8304703705297531,0.8997619507001844,0.883854084694936,1.0,0.91
1,0.9990338721083246,0.1422217539394477,0.9486060354246105,0.9967719705210775,0.9984383219033516,0.9984934297070526,1.0,0.88
1,0.359208419156277,0.424699733433035,0.424699733433035,0.3549301367940636,0.2693195565887844,0.2790331771815152,1.0,0.76
1,0.9522923383850106,0.40452218595398154,0.40452218595398154,0.9337242008331298,0.9494196515819878,0.9495986965554356,1.0,1.0
1,0.832252754493732,0.4302047521117806,0.6562586620575593,0.7532897401172078,0.8186918669759501,0.8096311889685573,1.0,1.0
1,0.6987263453067467,0.9505228260231471,0.9505228260231471,0.7398640819298257,0.7489884160615948,0.7511116326884174,1.0,0.63
1,0.9527372884038422,0.793244669627927,0.778564327709831,0.8910704286322338,0.9298575826647673,0.9166261711009709,1.0,0.95
1,0.9763651295891114,0.9268985109411816,0.951776140757294,0.9439544032970427,0.9692262261480635,0.9627957840516334,1.0,0.98
1,0.9971930801859282,0.9819393739159807,0.9968516607987121,0.9939635892727129,0.9967853855570437,0.996850112104278,1.0,0.99
1,0.7151166877884721,0.7028243503360699,0.7028243503360699,0.6624842056834145,0.7072539760619022,0.7049731720970879,1.0,0.99
1,0.832252754493732,0.4302047521117806,0.6562586620575593,0.7532897401172078,0.8186918669759501,0.8096311889685573,1.0,1.0
1,0.584777856510594,0.44082848959620596,0.6898418432243824,0.6046904101331827,0.5859093317859543,0.5837797372692219,1.0,0.59
1,0.9401779539158162,0.4823704220715926,0.896498077173844,0.9142275239290465,0.9364983953850033,0.9293899402346745,1.0,1.0
1,0.9489844780694127,0.40270269084782423,0.40270269084782423,0.9301648394006449,0.9464736929705718,0.9466862535248561,1.0,1.0
1,0.880856694533515,0.7269701547704203,0.7269701547704203,0.711495415546077,0.8242910500387765,0.8105639284058668,1.0,1.0
1,0.9983454786847271,0.9856547086150563,0.9964331903374594,0.9966609552697637,0.9983770046164774,0.9981057273148635,1.0,1.0
1,0.9978218698622444,0.9830758600630911,0.9984118911975196,0.9957093743765514,0.9976713338457862,0.9977424964586864,1.0,0.99
1,0.9999988871965686,0.31331432759194827,0.8801391420784702,0.999969000082693,0.9999461003150074,0.9999687140160931,1.0,0.72
1,0.783759747319012,0.4302047521117806,0.8493299649442284,0.7722833008811839,0.7827472751451798,0.7810825181079784,1.0,0.99
1,0.7284286820112374,0.44314724539686173,0.7592609509148907,0.5816363422201688,0.6565177739415491,0.6245500277418685,1.0,0.53
1,0.9971930801859282,0.9819393739159807,0.9968516607987121,0.9939635892727129,0.9967853855570437,0.996850112104278,1.0,0.99
1,0.7151166877884721,0.7028243503360699,0.7028243503360699,0.6624842056834145,0.7072539760619022,0.7049731720970879,1.0,0.99
1,0.9763651295891114,0.9268985109411816,0.951776140757294,0.9439544032970427,0.9692262261480635,0.9627957840516334,1.0,0.98
1,0.0030584634760756364,0.002065562566376543,0.0012217697200166094,0.012922120048735893,0.004190145930045749,0.005465678750895312,0.0,0.0
1,0.880856694533515,0.7269701547704203,0.7269701547704203,0.711495415546077,0.8242910500387765,0.8105639284058668,1.0,1.0
1,0.9597127823715027,0.9069052604339038,0.9069052604339038,0.9252925695459232,0.9464403869846636,0.9441773900989024,1.0,1.0
1,0.9862652315919777,0.9940572200732934,0.9786234210686633,0.9800373599628692,0.9830173414337549,0.9834307744588968,1.0,1.0
1,0.9522923383850106,0.40452218595398154,0.40452218595398154,0.9337242008331298,0.9494196515819878,0.9495986965554356,1.0,1.0
1,0.9578555689001325,0.990423097935262,0.990423097935262,0.9367696027674066,0.9403484439164738,0.9448598762286178,1.0,0.93
1,0.9997859781042576,0.44082848959620596,0.9999393203447572,0.9985077719486766,0.9997504585077664,0.999730904291977,0.6666666666666666,0.84
1,0.9997759347220703,0.9999978967403832,0.9999978967403832,0.9963725686713276,0.9998063220763285,0.9997230509205677,1.0,0.78
1,0.9995965400086817,0.42206535495813235,0.985270364890454,0.9632175660243053,0.9924815834245115,0.9838454277377259,1.0,0.98
1,0.959452003087837,0.4302047521117806,0.9857629390428244,0.9635831910327501,0.9717389874177387,0.9670145730113865,0.3333333333333333,0.72
1,0.5044255380921899,0.5900460603656096,0.5900460603656096,0.5851998419809535,0.5781979831552336,0.5744106309906551,1.0,0.75
1,0.7705259962979245,0.5108398554284175,0.6239304585387204,0.6764904667539997,0.7316498621392248,0.7241158127696214,1.0,0.99
1,0.9341845872233472,0.4722591684633257,0.9273053870773139,0.9081289421012776,0.9234105707248228,0.9203872197977563,1.0,1.0
1,0.9320659072902305,0.2928121172920032,0.2928121172920032,0.9315122863877424,0.9274057080052754,0.9269314559169765,0.0,0.01
1,0.7705259962979245,0.5108398554284175,0.6239304585387204,0.6764904667539997,0.7316498621392248,0.7241158127696214,1.0,0.99
1,0.8864978781022113,0.9530891844414526,0.9530891844414526,0.8634712534105603,0.8662260007075584,0.8727081731958408,1.0,0.89
1,0.9625287476403483,0.8732961743031079,0.8732961743031079,0.8959282669001851,0.9413687731753578,0.9397151463868507,1.0,0.77
1,0.9486775888430065,0.9055337799313906,0.9055337799313906,0.9098752605366481,0.934159035919752,0.9308339821537616,1.0,1.0
1,0.4373661047244941,0.6457295206790433,0.3826348922451217,0.4603954186478207,0.455554154071046,0.45402106630016403,1.0,0.86
1,0.9840292350231458,0.4315097841110147,0.4035385912454849,0.9402424420264335,0.9786485551161298,0.9751996385700437,0.8333333333333334,0.79
1,0.4990512066414512,0.4081690142028988,0.4081690142028988,0.4876175114964592,0.46707438579015637,0.46776320754654077,1.0,0.81
1,1.0,0.4684658916623666,0.4684658916623666,0.9986727176605268,0.9997137406465443,0.9974401378029879,1.0,0.9543333333333334
1,0.6867338501605735,0.5610269538315585,0.652371575923522,0.6224085368937915,0.6605624925930391,0.6603551125123691,1.0,0.8
1,0.9958954666528965,0.44082848959620596,0.9970979095484102,0.9932483613657149,0.9950643361994187,0.9948939233814708,1.0,0.93
1,0.27190484383307023,0.2928121172920032,0.2928121172920032,0.23807522080254828,0.2602917633748294,0.248050936202027,1.0,0.4
1,0.9997868559855678,0.9485341988620308,0.9987307660123248,0.9987461763236205,0.9995411232257098,0.9993572876543824,1.0,0.99
1,0.9033829888252874,0.5098502564211692,0.8503696761204753,0.8620351943545279,0.8921192620189703,0.8909814442183266,1.0,0.97
1,0.9178012443817533,0.9340946999842041,0.9340946999842041,0.7923785350319282,0.9212698457643873,0.9093204447167499,1.0,0.59
1,0.818225806384067,0.6412028389767598,0.7520008440114612,0.7887890495319297,0.8177004309049053,0.8059626728757018,1.0,1.0
1,0.9967612601247289,0.983233740564063,0.983233740564063,0.9913818513758224,0.9951623485848159,0.9952892509226238,0.875,1.0
1,0.9306828552893052,0.9537016663448341,0.9661511183807592,0.8979258774158696,0.9060864681583214,0.9024717352951913,0.0,0.42
1,0.9999881227073263,0.995271008546707,0.9916991289546365,0.9998292472617529,0.9999748542114371,0.9999656302632941,1.0,1.0
1,0.45378139197314377,0.49022905591391264,0.49022905591391264,0.423700216619907,0.46414889023639405,0.45571547518923106,1.0,0.91
1,0.9961219345939545,0.4545361564055386,0.9969257754461918,0.9907850322596878,0.9944637825949231,0.9946422536748977,0.6666666666666666,0.93
1,0.9869511678618873,0.9835843241568399,0.9835843241568399,0.9781197116075382,0.9835712760544466,0.9844604828228327,1.0,0.94
1,0.9870901464350034,0.9835843241568399,0.9835843241568399,0.9782333604685493,0.9836777196527485,0.9845590163379621,1.0,0.94
1,0.9946263750587239,0.9749697125187821,0.9749697125187821,0.9788389436709672,0.9885403800409555,0.9879391244188928,1.0,1.0
1,0.978671884893823,0.5982843416228104,0.8071105969318808,0.9392669925768048,0.964374956694511,0.9627577973976882,1.0,0.98
1,0.9999996902739605,0.998539421098192,0.998539421098192,0.9999450375181599,0.9999429187613186,0.9999715371108554,1.0,0.92
1,0.8696732740614106,0.4880732847663769,0.7126871480340152,0.8421102455701951,0.8567708464405149,0.8545164555185857,1.0,0.85
1,0.18126964641497925,0.2928121172920032,0.2928121172920032,0.1700543741267505,0.18513755195537915,0.1773937618782855,0.0,0.15
1,0.9998770701906547,0.999984359585785,0.9997537309712851,0.999646727320519,0.9997075877355108,0.9997325554659404,1.0,0.97
1,0.970537001103142,0.8106393792383673,0.8106393792383673,0.9488313272540522,0.9610433281992153,0.9621857768923581,0.6,0.88
1,0.9946861631611631,0.9749697125187821,0.9749697125187821,0.9789282627149023,0.9886065499455313,0.9880053893758429,1.0,1.0
1,0.6644000742304587,0.4302047521117806,0.1533907702764531,0.532215391205187,0.6393747766141048,0.6038404157130187,1.0,0.96
1,0.8966083366598526,0.48401284570777237,0.9646919583602455,0.8831952760247029,0.9026404715484002,0.9059145867944833,1.0,0.89
1,0.9817324853624915,0.5398284640204558,0.9954007152396309,0.9744976158300276,0.9789035141353758,0.9766392064295863,1.0,0.98
1,0.9998252557867009,0.9785367093207121,0.9785367093207121,0.9988037951059427,0.9990018444135067,0.9993529109364955,1.0,0.99
1,0.5163927668894824,0.4302047521117806,0.41299191924016726,0.45260347554167374,0.49032526243826974,0.47215904819225724,0.8,0.9
1,0.8918976972035141,0.9456141811671074,0.9456141811671074,0.9250871444535995,0.9158913655501134,0.9214025203780062,1.0,0.73
1,0.9714451905030823,0.9921799143196084,0.9921799143196084,0.9719795401994832,0.9795655311642363,0.9806359395862198,1.0,1.0
1,0.4072957192871687,0.5201706740112744,0.48680103256812507,0.4187250454102029,0.4280860703138835,0.4275281968636099,1.0,0.79
1,0.9022921156383216,0.37262428340635806,0.37262428340635806,0.8781597100248064,0.8933651643878444,0.8963937324911098,0.2857142857142857,0.54
1,0.7800307903373498,0.4302047521117806,0.8383801379531759,0.6528979537762387,0.7173082553323502,0.6775790544482434,1.0,0.97
1,0.9786575607754292,0.5982843416228104,0.8071105969318808,0.9392819325456925,0.9643803779887914,0.9627606440033049,1.0,0.98
1,0.9940045109953398,0.9729949119878202,0.9729949119878202,0.9858989157770792,0.9932746365383451,0.9927302480954366,1.0,0.97
1,0.8640190124068423,0.43504799571327013,0.9744663681681742,0.7664139709516867,0.7973920435047349,0.7879778247715579,1.0,0.44
1,0.9900802001692716,0.44082848959620596,0.962092628760436,0.975700223044848,0.9763323640438468,0.9779101989229488,1.0,0.91
1,0.5638182186832044,0.5136011373141145,0.661922226890826,0.5426038507203479,0.561019081441073,0.5536768413203877,1.0,0.85
1,0.9999998606575179,0.9994474349578134,0.9994474349578134,0.9999719975007512,0.9999730787708031,0.9999871947961413,1.0,1.0
1,0.929202462281068,0.5479862935808658,0.8961014684902718,0.7635651278214229,0.8426544941936404,0.8052589533886705,1.0,0.91
1,0.9837984220848423,0.9425596691244135,0.9326207288230604,0.957504943067479,0.9764372004415823,0.971307946100961,1.0,1.0
1,0.9073714652835905,0.47744557764668627,0.7466933034474226,0.7549146213017257,0.8427870384817465,0.8020337259838,1.0,0.99
1,0.999653112016219,0.6655883587040898,0.9988951908190238,0.99832410171178,0.9981913981180234,0.9986013239538517,1.0,0.98
1,0.993271024681207,0.9966983851208521,0.9966983851208521,0.9887491509349875,0.9930409340940789,0.9934003924809001,1.0,0.99
1,0.9961308689524199,0.5068810271658156,0.9981910249444081,0.9918357098883064,0.9922853772151498,0.9918471260897501,0.6,0.53
1,0.9960766383360649,0.599444644838523,0.599444644838523,0.9796787210745702,0.9866733511220845,0.9878140068835953,1.0,0.98
1,0.9993207863626706,0.6884768472612547,0.8689096341348445,0.9933927405857699,0.9986676216487718,0.9970443701658875,1.0,0.95
1,0.9999997659262181,0.957255048475895,0.957255048475895,0.9998285281291394,0.9998905072673806,0.9999299380027669,1.0,1.0
1,0.9999999749268453,0.4302047521117806,0.9997317565180809,0.9999950597589348,0.9999998855508603,0.9999993990802748,1.0,0.98
1,0.878273127313527,0.5058911658499691,0.857069684291745,0.7931737721006876,0.8616979757871833,0.8558030839280515,1.0,0.99
1,0.9843371178030124,0.8725336565418979,0.8725336565418979,0.9585768380654434,0.9684209917446398,0.9692480574259124,1.0,0.99
1,0.9689871887435892,0.5835186430156872,0.9767323441244886,0.9692758773716788,0.9763094080871754,0.9743783556281457,0.625,0.72
1,0.9999712899166034,0.9982142989690814,0.9997992261928331,0.999880471822693,0.9999431410293285,0.9999463043588455,1.0,1.0
1,0.878273127313527,0.5058911658499691,0.857069684291745,0.7931737721006876,0.8616979757871833,0.8558030839280515,1.0,0.99
1,0.9357805183905588,0.6780919517929443,0.9936653690178345,0.9377648802972028,0.9478937391236826,0.9511384531209072,0.8,0.89
1,0.999458123541477,0.6104123800161058,0.9999331778636452,0.9991336297626546,0.9995482812404325,0.9995750479105829,1.0,0.92
1,0.9912827782214058,0.8470768016317646,0.998191523827,0.9892473055271682,0.9917749425158198,0.992230718385657,1.0,0.96
1,0.8890012001209563,0.5787156676154347,0.837723876382245,0.8570336280973343,0.8862454166639938,0.8821881680561001,1.0,0.97
1,0.9982574919162353,0.99598757494274,0.99598757494274,0.9965152688751162,0.9974122802566342,0.9977717452755844,1.0,1.0
1,0.46547704203243423,0.6606273981013493,0.5134942176943343,0.43579372174183495,0.48309361234970893,0.4949981225283221,0.0,0.28
1,0.9982574919162353,0.99598757494274,0.99598757494274,0.9965152688751162,0.9974122802566342,0.9977717452755844,1.0,1.0
1,0.7156233641565356,0.5108398554284175,0.41978344171739657,0.6544860202416004,0.6678733181380454,0.6673907929068199,1.0,1.0
1,0.6741415168117243,0.44082848959620596,0.6348650487920328,0.6491710120316933,0.6482466825557532,0.6432755882731626,0.0,0.04
1,0.9971116972590364,0.983233740564063,0.983233740564063,0.9920294870932501,0.9955775311593452,0.9956974426996551,0.875,0.99
1,0.5094585771493052,0.3660561138196674,0.3660561138196674,0.43407926017045234,0.42988776432309345,0.43226528732824726,1.0,0.79
1,0.6517390391134394,0.5223884476778038,0.5223884476778038,0.5733779294858012,0.6068135483797176,0.6030581077108769,1.0,0.7
1,0.6167664697580348,0.44082848959620596,0.41006278886224684,0.5961110022839412,0.5952755317704838,0.5898181141301234,0.0,0.39
1,0.9586253866702994,0.44082848959620596,0.7628274399559567,0.953171523448203,0.9502239057301931,0.9503786356572075,1.0,0.89
1,0.9249259536006946,0.9983683207506271,0.9948559740518268,0.9192809123590854,0.9251911980830494,0.9294745554250622,1.0,0.98
1,0.9171470293904108,0.6277409075679925,0.4477653678336156,0.9290744041626278,0.9215871868379264,0.9246676048473288,0.0,0.47
1,0.9999996169921487,0.999784477197154,0.9975473848971372,0.9999904975948316,0.9999994781738023,0.9999992426404547,1.0,0.98
1,0.9999994498710032,0.2928121172920032,0.2928121172920032,0.9998910702729726,0.9999857516635066,0.999983982110466,0.3333333333333333,0.77
1,0.3596513031564718,0.4811497983122109,0.38392373536690644,0.3366469098720699,0.3584238311862659,0.3568787397651901,1.0,0.46
1,0.5645719640004285,0.5019313363144677,0.41888694834227447,0.5208040747805336,0.5315513108078211,0.5307580395951478,1.0,0.99
1,0.9988920734309348,0.4302047521117806,0.7989400459895889,0.9985677073162108,0.9983777667692317,0.9985387816346613,1.0,0.98
1,0.8826613543308118,0.5068810271658156,0.8619098891184752,0.7992560512591022,0.8664114238067849,0.8607749341427354,1.0,1.0
1,0.7953106494310628,0.4692477094427679,0.451540141400356,0.6314182754466273,0.7202312938247795,0.6843235026245655,1.0,0.81
1,0.7953106494310628,0.4692477094427679,0.451540141400356,0.6314182754466273,0.7202312938247795,0.6843235026245655,1.0,0.81
1,0.8730821657651863,0.48072837927476214,0.966674074415511,0.6538212191433361,0.8180560050839104,0.765592254883989,1.0,0.9
1,0.734925742114115,0.5136011373141145,0.5481334923873493,0.7019791494252964,0.7446455328584651,0.7302972690409115,1.0,0.94
1,0.9992325063186015,0.9998646648753242,0.9985984780047675,0.9982468515696996,0.998413978019973,0.9985282578404694,1.0,0.93
1,0.9953666404497389,0.4302047521117806,0.9988170377788279,0.9876339767625597,0.995715387170598,0.9960958070615383,0.2857142857142857,0.4
1,0.8835234482724407,0.5755053290614975,0.8351981128865474,0.8511614994313776,0.8808661103028691,0.8767878949384581,1.0,0.99
1,0.8748048384292667,0.9020321351672097,0.9556334926655334,0.8511595892863226,0.8775685671172082,0.8802841693580479,1.0,0.79
1,0.9195135941911659,0.8001624021727637,0.8001624021727637,0.7491283887260977,0.8814576929540473,0.8685570442435686,1.0,0.76
1,0.661295566669557,0.44082848959620596,0.8249533951721446,0.6554546813368711,0.6378179070216753,0.6373728025828023,1.0,0.96
1,0.9974150358985807,0.8070862226345616,0.8070862226345616,0.9844710895039336,0.9899707180480449,0.9920415600486208,1.0,0.93
1,0.9976125023549666,0.44082848959620596,0.6274904771395134,0.9946774063244918,0.9950642743473965,0.9963604781491703,1.0,1.0
1,0.8586895506163988,0.44082848959620596,0.9027407304434156,0.8407531231288303,0.8389626239559228,0.8497947648075019,0.8333333333333334,0.85
1,0.8599370634088789,0.2928121172920032,0.2928121172920032,0.5303004756939008,0.5049998397213367,0.5175126464767066,1.0,0.87
1,0.4429756242111568,0.632074275920351,0.51112942514261,0.43502520735896366,0.494974905169742,0.4895861828240912,0.0,0.39
1,0.9471866731792467,0.9952885601081275,0.9952885601081275,0.9247454811937204,0.9438971431177238,0.947367914871158,1.0,0.92
1,0.3570314915922248,0.4302047521117806,0.5974158354983,0.3517453209494635,0.370905412531024,0.3592509425095903,0.0,0.48
1,0.9999999973949003,0.8694392139836793,0.9999999989776474,0.9999999919387202,0.999999997103874,0.9999999974978104,1.0,0.93
1,0.13256669541011806,0.2982653270504962,0.045317794406461796,0.17914987093830614,0.12437558251034288,0.12397689206150987,0.2,0.37
1,0.9394631428994445,0.4762087239600868,0.8968754871769545,0.8637741959600723,0.8914807941489223,0.8896329761391636,1.0,0.99
1,0.27381726912781507,0.4302047521117806,0.3258731839152205,0.2728178250909212,0.28138014554763247,0.274277261360396,0.0,0.08
1,0.7518382494332373,0.4302047521117806,0.8320009141381479,0.766884092352203,0.786877048929678,0.7720975105947272,0.4,0.52
1,0.9864876620597826,0.4302047521117806,0.994538017782624,0.9884346452354107,0.9910403044462619,0.9893552220225804,0.4,0.91
1,0.39190760729642093,0.4302047521117806,0.46836590378563214,0.3940016592737241,0.4096836755002427,0.3977057605515141,0.0,0.35
1,0.9062153117617039,0.5039113124163279,0.9521093638993638,0.7465516958663633,0.8907668664279815,0.8809373075321221,1.0,0.87
1,0.4458069346367147,0.6713659618475022,0.6713659618475022,0.4691003778610933,0.44477843664548494,0.4475527691891641,0.6,0.57
1,0.9672918656452113,0.4823704220715926,0.9579502034324211,0.9525461904360703,0.964556288336005,0.9607616156609691,1.0,0.99
1,0.9770315375476721,0.9988206661353649,0.9488805121530318,0.9684502306019114,0.9782765422289301,0.9771307162735002,1.0,1.0
1,0.4766265101645308,0.44082848959620596,0.24868273970202978,0.5332570750768514,0.4826774269494725,0.4911518003714575,0.6666666666666666,0.86
1,0.960928544767328,0.9984665528409417,0.9951359210396297,0.9366415611169877,0.9509021117848426,0.9516549694012701,1.0,1.0
1,0.10224830932090609,0.036505472720627534,0.024220997431585053,0.17835507746043414,0.10883955664799067,0.12587401801992917,0.0,0.0
1,0.09702226973323833,0.14972416735443272,0.1277978009959258,0.18376751033353908,0.1216741065704938,0.14028327505190832,0.4,0.22
1,0.9958656061580484,0.4811497983122109,0.9998972848416782,0.982560236980344,0.9897904814796923,0.987635588029901,1.0,0.97
1,0.33565415515431823,0.2928121172920032,0.2928121172920032,0.43757837971959035,0.39526338809683165,0.4020973783474311,0.2,0.82
1,0.8514929468067883,0.9843614099248376,0.9843614099248376,0.8201371273365319,0.846706138504717,0.8542250450362343,1.0,0.96
1,0.9999918168811726,0.9014321942141273,0.9014321942141273,0.9964060742301479,0.9996896525626483,0.9996682811590892,1.0,0.93
1,0.9999999737776955,0.9100407170658626,0.9908058660413271,0.9999160520489151,0.9999989794330943,0.9999922127094603,1.0,1.0
1,0.9999972127823881,0.4302047521117806,0.9999992925335479,0.9999583557050227,0.9999910006794805,0.999979599269556,0.8,0.77
1,0.9999960728560917,0.9656372165275374,0.9656372165275374,0.9994488511339759,0.9996992661078726,0.9997561309789875,1.0,1.0
1,0.99986044331287,0.49058564014164885,0.9996734670091367,0.9993023082854867,0.9996911751314086,0.9995230919048667,1.0,0.91
1,0.9999998606575179,0.9994474349578134,0.9994474349578134,0.9999719975007512,0.9999730787708031,0.9999871947961413,1.0,1.0
1,0.9941183275949316,0.9999868868775674,0.9982994184282348,0.9926957970833198,0.9922859724540315,0.9930995831561726,0.0,0.5
1,0.9999589419058765,0.9999999542194119,0.9999999542194119,0.9999037952048473,0.9999429142885846,0.9999514527142278,1.0,0.95
1,0.9999949763172432,0.9620408182567065,0.9996902832161334,0.999753446361773,0.9999667873459105,0.9999327965729726,1.0,0.99
1,0.9999999827249696,0.9157329435165439,0.9915080705477002,0.999935972234618,0.999999304952916,0.9999944224824004,1.0,1.0
1,0.9967630335842544,0.4302047521117806,0.7324964308036997,0.9909653971764468,0.9939886490092246,0.9926884723771987,1.0,1.0
1,0.984424294963409,0.6850355599175415,0.9448369479328165,0.9645222926728114,0.9783963344872785,0.9737781647590302,1.0,1.0
1,0.8769894009566824,0.4302047521117806,0.1779369453625469,0.7952394784767612,0.8749784454568974,0.8587391675661722,1.0,1.0
1,0.26149755494450205,0.2928121172920032,0.2928121172920032,0.2651317440653919,0.2696394047387407,0.26799527894206393,0.0,0.18
1,0.9970353623543692,0.998251168628991,0.998251168628991,0.9837042507667645,0.9953598548207917,0.9945225810486343,1.0,0.74
1,0.9915006522102993,0.9497203938238882,0.9699008613983776,0.9835065275075151,0.9867942588331808,0.9875596776832732,1.0,1.0
1,0.9999997826801458,0.9617999013951674,0.999114234135167,0.9998798498208363,0.9999912371835701,0.9999738097829486,1.0,1.0
1,0.21584345096390112,0.2928121172920032,0.2928121172920032,0.20211372906030134,0.21477597906340998,0.21074086467286982,0.0,0.07
1,0.9633652936574527,0.9962564032635557,0.9962564032635557,0.9440020774851167,0.9578516813061101,0.9609698361701947,1.0,1.0
1,0.9999995548043036,0.9999999166664114,0.9999999166664114,0.9999985784117343,0.9999993319831008,0.999999647895044,1.0,0.99
1,0.999988001510437,0.995271008546707,0.9916991289546365,0.9998266867692878,0.9999745366802606,0.9999652019706141,1.0,1.0
1,0.6791672488454299,0.461066404160862,0.7304949908551674,0.4774315291216535,0.5845410673237074,0.5487358967289147,0.6,0.74
1,0.9947095147935907,0.9984596161116005,0.9984596161116005,0.9927787835812185,0.9942887792159294,0.9949348823144468,1.0,0.99
1,0.9480810595251894,0.863685618093206,0.863685618093206,0.828498474459078,0.890365616816778,0.8936268166227206,0.6,0.89
1,0.99614197903148,0.9656528661752316,0.9940912606418496,0.9866739901776478,0.9926563253654028,0.990914481462094,1.0,0.98
1,0.9846553356856277,0.6213038061700877,0.9832239555202941,0.9609295626371616,0.9807089496883513,0.9804317711299994,1.0,0.98
1,0.9994772441610998,0.9999949569054095,0.9999949569054095,0.9993587118167336,0.9994938659416404,0.999590704600371,1.0,0.85
1,0.999348054235096,0.947232064231512,0.9953300631391623,0.9973408935119448,0.9987641793219657,0.9984313332723674,1.0,1.0
1,0.8800958266207575,0.5317348442794597,0.5317348442794597,0.8395797708720449,0.8452658940465047,0.8493247046521605,0.4,0.7366666666666667
1,0.9999303273518495,0.9994894105158855,0.9994894105158855,0.9998020124566507,0.9998643055360721,0.9999173373845948,1.0,1.0
1,0.9999976112883423,0.975740376261912,0.9474546350822265,0.9999231087212985,0.9999951491477733,0.9999928994258687,1.0,0.98
1,0.9999999952134548,0.9887500848862135,0.9938132070407251,0.9999997833992588,0.9999999841780971,0.9999999675803074,1.0,0.98
1,0.3635281099214012,0.44082848959620596,0.30861218013638425,0.35074450670781493,0.3650356553217705,0.3614663285211096,0.0,0.46
1,0.972161539258346,0.6158443762700061,0.9020606884930624,0.9156873617788486,0.9491969416719238,0.9451236456612261,1.0,0.97
1,0.7751447237116634,0.2928121172920032,0.2928121172920032,0.5651554586799313,0.6532435229333178,0.6431170175729319,1.0,1.0
1,0.9948568206822012,0.999939484103649,0.999939484103649,0.9857853319295905,0.9928951385676613,0.9929796198831048,1.0,0.92
1,0.3941979723019822,0.2928121172920032,0.2928121172920032,0.35699253087646576,0.3834619213303755,0.3778001780081948,0.0,0.42
1,0.8668483179956801,0.8525049115193042,0.8525049115193042,0.7571876356236089,0.7743835303265605,0.7699548851413917,1.0,1.0
1,0.8696102031128764,0.4302047521117806,0.6966935161588919,0.831973763839841,0.8608919804878852,0.8455382067291828,1.0,0.99
1,0.99999999960685,0.9753344075108313,0.9999999999992151,0.9999999993891175,0.9999999997433513,0.9999999997867965,1.0,0.98
1,0.9999966213627057,0.99924250288097,0.99924250288097,0.9995789578807723,0.9999127518104509,0.999916991218108,1.0,0.99
1,0.8715575726449325,0.8916740968553268,0.7990038819501466,0.7945888311948174,0.8314860181743897,0.8271493166669612,1.0,0.99
1,0.9993433960204311,0.9998362640096017,0.9989047827034376,0.998283853117454,0.9987006594243446,0.9987517602112893,1.0,0.98
1,0.9012152121424776,0.47744557764668627,0.7563506559849602,0.7415187037647193,0.832204453458557,0.7894264586070228,1.0,0.99
1,0.506152159961293,0.44082848959620596,0.343933485047703,0.4224173848412303,0.44791904560214213,0.44494693914583544,1.0,0.91
1,0.8361520328975092,0.7264606139983594,0.7264606139983594,0.7125210163692238,0.7268583090836344,0.7320990190259704,1.0,0.99
1,0.9989856305294219,0.8997010030055672,0.9926607275946728,0.9964374316459963,0.9979946042485978,0.9979936939869409,1.0,1.0
1,0.9983694085130819,0.9784800228365353,0.9545799715346243,0.9951942421290142,0.9976046770847949,0.9969015488811787,1.0,0.96
1,0.9999237550664145,0.9999989962589614,0.9999989962589614,0.999851104119468,0.9999229111387478,0.9999425538663775,1.0,0.98
1,0.9999877877765944,0.999999995804485,0.9999048577418477,0.9999735279833676,0.9999897838759402,0.9999888920613526,1.0,0.96
1,0.9309532326490839,0.9770673570346989,0.7766012707996872,0.8917429402000208,0.9241993414564665,0.914843148591941,1.0,0.71
1,0.9757884652334459,0.7198679337078561,0.9813305842221941,0.9751076126170864,0.9742766999981859,0.9750302728404336,1.0,0.82
1,0.7745365254319387,0.2928121172920032,0.2928121172920032,0.5686105240096971,0.6572619877235608,0.647178377038949,1.0,0.95
1,0.8305166045887306,0.4302047521117806,0.14497891247957279,0.7322065635107963,0.8262597188739859,0.8069350860933784,1.0,1.0
1,0.882286492268779,0.9924556398167278,0.9402068597718021,0.8466036175840376,0.8742203439189857,0.8683924110277482,1.0,0.97
1,0.9675873386501798,0.4302047521117806,0.9939968914493433,0.9603772775414404,0.9684859540164278,0.9650095479061161,1.0,0.98
1,0.9882273304784394,0.44082848959620596,0.9984584385532163,0.9771398712054924,0.9876702827621001,0.987739583367558,1.0,0.59
1,0.9942275162588474,0.46831308243663233,0.9549501692453616,0.9654238822785185,0.9926293079160943,0.9911375643959872,1.0,0.98
1,0.9957895994334287,0.9377899797722614,0.9377899797722614,0.9781817099630103,0.9914227824767686,0.9915333811149448,1.0,0.8
1,0.863511700735097,0.6778131497776051,0.6512483479067552,0.8304184091822499,0.8529287154456388,0.8499553234964135,1.0,0.85
1,0.8301522702810208,0.4302047521117806,0.8731827073930607,0.788094289134182,0.8198668593939545,0.8021294935588222,1.0,0.55
1,0.9852707348386184,0.6493042446335372,0.6493042446335372,0.9597263462421188,0.973423625086154,0.966403476150671,0.0,0.6825
1,0.976200271050686,0.44082848959620596,0.24868273970202978,0.9946791598623335,0.9868450379324839,0.9892167685744021,0.42857142857142855,0.27
1,0.39741000111810076,0.4302047521117806,0.38332985162499944,0.35609271506786144,0.3781972342512988,0.3630701359666293,0.3333333333333333,0.88
1,0.31715824382175845,0.4302047521117806,0.4803917698049586,0.39099783284653195,0.33384658144560164,0.34865992398667345,0.2,0.51
1,0.9498798204743026,0.9783583555591586,0.9783583555591586,0.9435774583431574,0.9356537638207477,0.9368364518458085,0.5,0.87
1,0.8949968771192697,0.4302047521117806,0.9532051594875665,0.8617194874779291,0.8878244462625967,0.8778910150197498,1.0,0.69
1,0.44161096405109684,0.480161257396529,0.6130001304827304,0.4402518226188419,0.4469214190501928,0.44408891561051106,1.0,0.57
1,0.9999577786165231,0.8054447520463632,0.9982248870554206,0.9993840932855002,0.9998991567188942,0.9997676052271035,1.0,1.0
1,0.9843885756362744,0.6175061371141313,0.9953320962983786,0.989044753115349,0.9850248245563479,0.9858429484129531,0.6,0.71
1,0.7668164383664262,0.44082848959620596,0.295887156965731,0.8337371498749029,0.6974695062636911,0.7134127520329445,0.0,0.49
1,0.9999998785618983,0.9550396233271309,0.9550396233271309,0.9998694090015615,0.9999147251662995,0.9999472109600236,1.0,1.0
1,0.9973350328361735,0.9668608942576825,0.9668608942576825,0.9929970021489862,0.9942513159139885,0.994311255042689,1.0,0.99
1,0.713868167609851,0.473246251247357,0.6488903556862445,0.6713156263478958,0.6989503034771011,0.6918617850415666,1.0,0.96
1,0.9999999096967825,0.9865654444855202,0.9865654444855202,0.9985293539651358,0.999978208866723,0.9999734739408246,1.0,0.97
1,0.9989786185915869,0.6600923956856495,0.9928598529024009,0.99244351604433,0.9973677775735703,0.9962016366559309,1.0,0.93
1,0.770170822668929,0.5577413841140999,0.6917217092122894,0.7339388869965726,0.7695193944296208,0.7659618314016502,1.0,0.95
1,0.9638788853282598,0.5103144634962817,0.8860969509687725,0.8692897276426633,0.9260998404447568,0.9057895962452257,0.6,0.93
1,0.9784226924615075,0.9799612134803721,0.9799612134803721,0.9761361472370661,0.9791484593782,0.9813466520742827,0.7142857142857143,0.99
1,0.9690787959256607,0.4722591684633257,0.9823666097752536,0.9551611492945691,0.9628436959386677,0.9612293958754258,1.0,1.0
1,0.9936966108799877,0.4302047521117806,0.9980390632320689,0.9885887977196045,0.9935970873838907,0.9931772976819151,1.0,0.93
1,0.9961051667024986,0.5019313363144677,0.9990418058979798,0.9896014347016137,0.995262011267866,0.9951435489034212,1.0,0.92
1,0.9961037666310724,0.5019313363144677,0.9990418058979798,0.9895958750141933,0.9952599382510412,0.9951414627873096,1.0,0.92
1,0.03290864581460164,0.2928121172920032,0.2928121172920032,0.049563454017921456,0.04997020852245613,0.045604663714018744,0.0,0.19
1,0.9660298286946937,0.4302047521117806,0.9938113819615522,0.9606218400109783,0.9672435406877262,0.9663106802988937,1.0,0.93
1,0.8023603712300476,0.5384859253816532,0.4519232793160833,0.6220432333439867,0.7630888409843767,0.745510093112768,1.0,0.54
1,0.9999290535459284,0.9833509067062698,0.9993492815963158,0.9994275087479622,0.9998108529469374,0.9997256210033685,1.0,1.0
1,0.9999956319213116,0.4302047521117806,0.37708581946166064,0.9985017193589506,0.9999786393493119,0.9998174543657803,1.0,0.8
1,0.639328116231798,0.8606444064380538,0.8606444064380538,0.5864290816589918,0.5780352465581352,0.5762599745561294,1.0,1.0
1,0.9921743273432776,0.2928121172920032,0.2928121172920032,0.9433666592849597,0.9636536475266528,0.9623816387083798,1.0,0.94
1,0.9630657844138901,0.5528689268299459,0.9582761289021715,0.9214683250322108,0.9497916312008494,0.9411905496306356,1.0,0.99
1,0.7957132778892113,0.44082848959620596,0.8361700334930017,0.7047167995881818,0.7947521126999466,0.7904780454568923,1.0,0.88
1,0.9982244543424643,0.4989612779917642,0.997481399434545,0.992525972027932,0.9964686152352483,0.9961461991146163,1.0,1.0
1,0.9989874056884677,0.9961957605248781,0.9961957605248781,0.9924704928797191,0.9965193840037668,0.9961872685469502,1.0,1.0
1,0.9989644167062472,0.9961957605248781,0.9961957605248781,0.9923446461242249,0.996454781422544,0.9961156746837513,1.0,1.0
1,0.9778629157109795,0.44082848959620596,0.9975627523502234,0.9750079271744216,0.9782410057642846,0.9793136543367732,1.0,0.93
1,0.6677474007590636,0.4302047521117806,0.13093848269148664,0.5152401502609567,0.6298315419927725,0.591784273267228,1.0,0.94
1,0.9986312799720404,0.9635659669298702,0.9635659669298702,0.9901257119801765,0.990450865629323,0.9918352322328114,1.0,1.0
1,0.9999998080023276,0.9429506121180873,0.6620685527453118,0.999727693313051,0.99999387863669,0.9999918926649363,0.8333333333333334,0.73
1,0.869140247981774,0.903562243937247,0.8857163701753074,0.7872476774409024,0.8290982229128916,0.8087841893201285,1.0,1.0
1,0.9960128363281074,0.6507070956442216,0.9771826494975477,0.9893739434374819,0.9942049214257092,0.9935411924815851,1.0,1.0
1,0.9989874056884677,0.9961957605248781,0.9961957605248781,0.9924704928797191,0.9965193840037668,0.9961872685469502,1.0,1.0
1,0.9991318598495165,0.44082848959620596,0.2513489557243427,0.9707846690695551,0.9964695221992902,0.9954714773853152,1.0,0.64
1,0.9281615487704586,0.4762087239600868,0.9187731482825205,0.7819984326070021,0.8973781385424552,0.8861428079187728,1.0,0.64
1,0.9652218725577268,0.5070268977037355,0.9449066515021949,0.9349856114118853,0.9567218257371716,0.9486463791137045,1.0,0.98
1,0.10848979932631675,0.4302047521117806,0.17541580972267756,0.12957209929851315,0.12354959877844313,0.12736683798731338,0.0,0.41
1,0.4814322154013363,0.2928121172920032,0.2928121172920032,0.4375740310696441,0.4421594151008984,0.4424696014600572,0.6,0.89
1,0.9442685937534987,0.4302047521117806,0.9897179885482567,0.9377887258384705,0.9519412505800577,0.9556559233864791,1.0,0.93
1,0.9967464418355058,0.7071326013828252,0.9906495355474266,0.9898321450983932,0.9929979116936039,0.9915033013657931,1.0,0.97
1,0.971518599809513,0.5267065520321351,0.5267065520321351,0.9168137814620544,0.9458187762667288,0.9409211428277542,1.0,0.84
1,0.8404651940423583,0.9748413169643111,0.8743982538977725,0.794758306262029,0.8377791509580527,0.8275894197818271,1.0,0.97
1,0.8084131915438153,0.44082848959620596,0.9694440442951437,0.6562160499923031,0.744580625206569,0.7285679142610129,0.8333333333333334,0.77
1,0.9999961979883205,0.9999650794225298,0.9999650794225298,0.9999634275058504,0.9999784999638853,0.9999842259414581,1.0,0.98
1,0.852690161911513,0.8958729086529601,0.8958729086529601,0.6825151007473323,0.7188992871074725,0.7043627985417213,0.8,0.73
1,0.9878653728122821,0.4302047521117806,0.9860383425148019,0.9831160007789276,0.9878133653136955,0.9873156094191328,1.0,0.93
1,0.6658485260435265,0.44082848959620596,0.24868273970202978,0.6367915516865511,0.6254289529832189,0.6181302695897783,0.6666666666666666,0.76
1,0.9407894215394039,0.9322728048470881,0.9322728048470881,0.958560769405653,0.9605503173318668,0.9619206432978461,1.0,1.0
1,0.9999527269726292,0.9987985890727562,0.9995109407739501,0.999758132092778,0.999888690084466,0.9998938067441538,1.0,1.0
1,0.9969547622965369,0.9991760700816751,0.9992543455625095,0.996522564750599,0.9969065786856046,0.9971923917276946,1.0,0.94
1,0.7735575175617314,0.5250933771479371,0.7306930157045844,0.7182171635971821,0.7370670054330111,0.7185454175988443,0.0,0.52
1,0.9939392703737402,0.6608586253788475,0.6608586253788475,0.9835886307509996,0.9841663402470672,0.9847211680943428,1.0,0.95
1,0.9991009961086692,0.991079958833727,0.991079958833727,0.9949084625364,0.9977125211441933,0.9978206698429903,1.0,1.0
1,0.9903610446330168,0.9838415420955778,0.9837274579290555,0.9756235606836857,0.9863603774253504,0.986414533614154,1.0,1.0
1,0.9288945955137919,0.8408737756776546,0.8408737756776546,0.8008166027229473,0.8203386975043087,0.830525126603924,0.4,0.55
1,0.9834979207850854,0.9967747608426849,0.9970654445666814,0.9812175681516132,0.9846768010221509,0.9851649498356145,0.8,0.95
1,0.6545251273262348,0.8596482670175156,0.8596482670175156,0.5626368767504557,0.7152396487198411,0.681160543603969,0.3333333333333333,0.74
1,0.8707197760357339,0.903562243937247,0.8859133036541085,0.7889322307856547,0.8309361722325906,0.8105851828705629,1.0,1.0
1,0.9995364361234487,0.938047532968641,0.9987201730114372,0.9916257342585596,0.9965818763544663,0.9940576818834385,1.0,0.99
1,0.9998346100038857,0.9999995450838886,0.9998471026610061,0.9997569514920555,0.9998634020201178,0.9998524001247159,1.0,0.99
1,0.9999995028160437,0.9990066109181971,0.9990066109181971,0.9999248174494866,0.9999155137080777,0.9999559725106724,1.0,1.0
1,0.9995364361234487,0.938047532968641,0.9987201730114372,0.9916257342585596,0.9965818763544663,0.9940576818834385,1.0,0.99
1,0.9999315851585162,0.9329218980747817,0.9329218980747817,0.9978791165249596,0.999055317233902,0.9991386130100676,1.0,1.0
1,0.8094538793100187,0.9486877789603898,0.850599522433402,0.8150644181232536,0.8114002742013091,0.8159532747980567,1.0,0.89
1,0.9166032537871532,0.5398284640204558,0.7674482540224652,0.8015202080955739,0.8762450622492692,0.8534440981372559,1.0,1.0
1,0.5619405197622318,0.4302047521117806,0.32822576084643124,0.48029063462039184,0.5128092714942593,0.4850435438538679,0.5,0.79
1,0.7981964992022998,0.44082848959620596,0.5270210151199634,0.7401431999436604,0.7579071168391525,0.7490915345179795,1.0,0.96
1,0.9819343503506803,0.9999988693580921,0.9977790802770927,0.9801423803710905,0.9829883226736575,0.9851569627867889,0.0,0.44
1,0.9988442136472796,0.9998088594305004,0.973088281998584,0.9976309792987561,0.9984269854856767,0.998213987193618,0.4444444444444444,0.71
1,0.8363623715443859,0.4870838729588494,0.8759435190932379,0.7846838861237677,0.833826592249053,0.8296338959279543,1.0,0.94
1,0.4354575621420163,0.44082848959620596,0.29775903793863073,0.3954879172092313,0.4082564578017813,0.40577994935770023,0.6,0.87
1,0.9985957398395751,0.621269748987373,0.9905439492221156,0.9946077514082042,0.99755268781813,0.9963718157047509,1.0,1.0
1,0.7737613760107857,0.44082848959620596,0.645213339300559,0.767438404466529,0.7567518307041403,0.7547674223627993,0.0,0.49
1,0.8652489256248926,0.8515532981271099,0.8515532981271099,0.8279522801941382,0.8614154524585005,0.8600766254828087,1.0,0.88
1,0.9916503911942113,0.997846121400056,0.997846121400056,0.9828910705872544,0.9859936555368077,0.9866570031945405,1.0,0.81
1,0.2746934864645651,0.4302047521117806,0.2294285632998053,0.19754327112256861,0.22809142711628397,0.21180891235515206,0.0,0.3
1,0.9999984712321596,0.9999644458415479,0.9988078799089403,0.9999844273066084,0.9999978110849176,0.9999959060809279,1.0,0.99
1,0.9943248631294246,0.9944392381624488,0.9944392381624488,0.9811938965388542,0.9906461884955146,0.9905320959580751,1.0,0.97
1,0.9995826432037433,0.5463566468801789,0.9968618932087993,0.998129344046162,0.9992833035307646,0.998914074362893,1.0,1.0
1,0.3366005659760186,0.2928121172920032,0.2928121172920032,0.380932052745744,0.376468057849494,0.3778761907679891,0.0,0.06
1,0.9999695322671387,0.9321633901750558,0.9321633901750558,0.9985533025596076,0.9993027717155368,0.9994001499202239,1.0,1.0
1,0.29668709160851076,0.4302047521117806,0.25239611740729045,0.28857306922270154,0.28702459121697343,0.2825462566727431,0.6,0.77
1,0.9732327518891212,0.561792829736224,0.561792829736224,0.8661271642864682,0.8825736467237445,0.8929915376425644,1.0,0.99
1,0.7677836884421402,0.5349232184194106,0.7988214316597712,0.7004412929422904,0.7321610777521572,0.7164254717249803,1.0,1.0
1,0.9966219246805128,0.8624942741521138,0.9987572239359449,0.9922203242237962,0.9933186360060573,0.9927293803948894,1.0,0.96
1,0.8017948396425238,0.6381709575605011,0.7018934615362844,0.6480742844499696,0.7011548736832314,0.6729815410946889,1.0,0.99
1,0.9984748057316636,0.7406044000504415,0.9999052021944491,0.9924565899330017,0.9963858247741478,0.9957027360007009,1.0,0.99
1,0.9997161121279817,0.9989891455327462,0.9989891455327462,0.9988967250684142,0.99906265451434,0.9990881634191775,1.0,0.97
1,0.9997722439154401,0.999998976675281,0.9999701398782935,0.9996559269088842,0.9997419586597835,0.9997685312058289,1.0,1.0
1,0.848852086051216,0.5370623061728504,0.5370623061728504,0.7777905825778383,0.8278779001279016,0.8217953965353338,1.0,0.95
1,0.9999999844031124,0.4302047521117806,0.9999999866746332,0.999999736018504,0.9999999573126952,0.9999999069063092,1.0,0.97
1,0.8234313761060142,0.1321501343190024,0.7733657789231689,0.8018666804380734,0.7952385462390803,0.7993173838101117,0.42857142857142855,0.545
1,0.9088517761156838,0.5286306171932857,0.9914245626960405,0.9308912384164653,0.9175187694412343,0.9230407322979486,0.6,0.81
1,0.9999825263274601,0.9999996948904277,0.9999996948904277,0.999988144214971,0.9999919277094885,0.9999930717269728,0.42857142857142855,0.72
1,0.9999999665374575,0.9999994201494433,0.9999994201494433,0.9999857211369484,0.9999849998752552,0.9999862868959606,1.0,0.94
1,0.9996614567264147,0.44082848959620596,0.999884300008,0.9914361374641051,0.9992313397531386,0.9991387004033812,1.0,0.94
1,0.9382719045736245,0.5152440510130337,0.9148410709135772,0.7905176540720911,0.8603012741328195,0.8263431589631913,1.0,0.9
1,0.9999734706998352,0.44082848959620596,0.999985945296575,0.9998809584000513,0.9999530952884501,0.9999529871069263,1.0,0.95
1,0.9151199356768566,0.44082848959620596,0.9743986681541085,0.8507308649856328,0.8847699243188899,0.881770852333525,1.0,0.72
1,0.9307375235479785,0.9354022273531286,0.9471165393067661,0.9225536079262577,0.9307484896261796,0.9312827002504225,1.0,0.9633333333333334
1,0.7874391726293188,0.5898978798970984,0.6719968919638092,0.6219831750142129,0.6793908299712577,0.6493949568408458,0.0,0.98
1,0.7976837733167756,0.4302047521117806,0.7704772848322932,0.7359486470159623,0.7755423700588367,0.7518273182877637,1.0,0.93
1,0.9991047719816533,0.9975533655189667,0.9975533655189667,0.9934717583504695,0.9974357401929661,0.9975468904610307,1.0,0.99
1,0.9999619572162988,0.5835186430156872,0.9191716458327728,0.9998361732661007,0.9999573368194719,0.9999432775734414,1.0,0.91
1,0.9997359915869056,0.9983538833363196,0.9983538833363196,0.9990527203042396,0.9993054434667152,0.9994025936796448,1.0,0.96
1,0.9940399622091561,0.5381941918512957,0.9396196938771311,0.9800859699434258,0.9921158285142434,0.9879162384269563,1.0,0.94
1,0.941276408147119,0.5528689268299459,0.8767805023815392,0.7888065249439411,0.8677002048943443,0.8320759597747045,1.0,0.92
1,0.6034744307802183,0.5651305126569768,0.5651305126569768,0.6224163846202895,0.6461857758080424,0.6300447761941481,1.0,0.6725
1,0.9698882106484196,0.44082848959620596,0.965164979267519,0.9586436230464239,0.9669692149093962,0.9671232730277367,1.0,0.99
1,0.1794947063353515,0.4302047521117806,0.20257499436054272,0.1870553911138984,0.18509914178724632,0.18366953531425095,0.2,0.3
1,0.9468629764531521,0.536581958444569,0.536581958444569,0.8005450367209617,0.8232472164639186,0.8317252697208564,1.0,0.99
1,0.9999969164764047,0.9991990649746085,0.9999567120818975,0.9999598243066711,0.9999902858269767,0.9999848718924529,1.0,0.99
1,0.9775610553488594,0.47522103667631627,0.9327324594233759,0.9652443796857452,0.9715914865675543,0.9711062408390869,1.0,1.0
1,0.9999494438606227,0.9998017889042389,0.9995483521904087,0.9997839355970429,0.9999260052657798,0.9998854043413298,1.0,0.98
1,0.4089046069554407,0.5812402216172983,0.5812402216172983,0.3931637814659262,0.4295363920877368,0.41564493970180677,0.4,0.39
1,0.707522344640222,0.5443851987758502,0.45871494910096594,0.63859342214452,0.6754606823737436,0.6715581402043254,1.0,0.99
1,0.9372128601019918,0.4979589651376605,0.4979589651376605,0.8640055228914231,0.8858359327362102,0.8849853035502981,1.0,0.99
1,0.9993994964060485,0.6689642844699971,0.6689642844699971,0.9925620989241885,0.9960376534108641,0.9967988990613322,1.0,0.87
1,0.9999861431823504,0.999999987047538,0.999999987047538,0.9998684398378073,0.9999786269895393,0.9999797747894752,1.0,0.88
1,0.9988168330280732,0.5234529704971637,0.59997604594657,0.9937907991398233,0.9980304434491041,0.99725784430328,1.0,0.97
1,0.9973545421889314,0.42854227669570527,0.8548594429472091,0.9934669016168427,0.9838488406423233,0.9895388227493305,0.8333333333333334,0.99
1,0.9708072446003645,0.4302047521117806,0.9871101995381912,0.9539723490113184,0.9687826568008822,0.9653827969200057,1.0,0.99
1,0.8486060781908948,0.44082848959620596,0.24868273970202978,0.8249322689708609,0.8238318236642341,0.8235438071450429,0.5714285714285714,0.64
1,0.9981154051954901,0.46831308243663233,0.25654348957420425,0.9801961787944147,0.9776791372699755,0.9829800587172604,0.75,0.86
1,0.8648822165146016,0.9098646236537407,0.9815996479101021,0.90597434570447,0.9028925575321584,0.9013880765057969,1.0,0.96
1,0.8521624886405451,0.9148365404614757,0.8551774755639864,0.8061143268709982,0.8347527137164348,0.8350386241941669,1.0,0.79
1,0.9952270766464634,0.5098502564211692,0.9978652285063712,0.9916092075199912,0.9929677596959189,0.9923705776477125,1.0,1.0
1,0.9983145425201754,0.4758048894463533,0.9999971950267366,0.9950494989812448,0.9957785777848114,0.9953994165466187,0.6666666666666666,0.91
1,0.9998714662695263,0.9223151597210429,0.9223151597210429,0.9962202912859877,0.9986302025525996,0.9985962893512922,1.0,1.0
1,0.40199808579136154,0.2928121172920032,0.2928121172920032,0.3339097332071912,0.4064456572098292,0.39702694082313367,0.0,0.16
1,0.3825315124500619,0.23429522702256333,0.19814678134615776,0.6314969502725075,0.6330030672553145,0.6406097558664606,1.0,0.9
1,0.9993090952473812,0.6292036318748275,0.6292036318748275,0.5640492971742507,0.4562675852202527,0.3865772098478703,1.0,0.91
1,0.9990746562410511,0.8860295920019114,0.8860295920019114,0.9934737818688631,0.9958978884080018,0.9965384573336072,1.0,0.9766666666666666
1,0.9905651539616409,0.9721080104327691,0.9721080104327691,0.9726587064816752,0.9814721545290489,0.9821925083075328,1.0,1.0
1,0.9999791035439972,0.9321633901750558,0.9321633901750558,0.9987924073120386,0.9994170713880305,0.9995063072348698,1.0,1.0
1,0.994209883747632,0.8445431958796318,0.9664279830492871,0.9845020876375138,0.991270491966594,0.9905627021768918,1.0,1.0
1,0.9953624237474984,0.6550563503807478,0.9999310222916553,0.9925534280725465,0.992158423828152,0.9921105296202978,1.0,0.74
1,0.9792087562817747,0.8500180122543126,0.9916064811747696,0.9698142680464679,0.9718207682524246,0.9692419015111821,0.8,0.93
1,0.8126725211004318,0.4708860982039015,0.9332808571836513,0.8100601664600204,0.823682723294426,0.8303367263782614,1.0,0.6
1,0.6795102065307632,0.4302047521117806,0.7058289949399681,0.5351854779374972,0.6483646846238111,0.6450910601338101,0.2,0.66
1,0.9999861431823504,0.999999987047538,0.999999987047538,0.9998684398378073,0.9999786269895393,0.9999797747894752,1.0,0.88
1,0.9961390291598824,0.9950876943138263,0.9996242647220216,0.9954188479976861,0.9967644884447985,0.996239715217113,1.0,0.96
1,0.7509909496421657,0.4302047521117806,0.5867418587073734,0.663264871133961,0.7276927443043416,0.7048022346529103,1.0,0.77
1,0.9999763344659557,0.9800340583107027,0.9941644862787848,0.9997445443785763,0.9999578767519655,0.9999433467387809,1.0,1.0
1,0.9998873673004282,0.9972602983243515,0.9972602983243515,0.997524474741969,0.9984765102675038,0.9986919077269223,1.0,0.97
1,0.999999505230161,0.9987914556582048,0.9987914556582048,0.9999600386120397,0.9999594940640819,0.9999767972253307,1.0,0.99
1,0.9999998907784392,0.9864100558699985,0.9998210891612586,0.9998445807947872,0.9999876716602251,0.9999564647096966,1.0,1.0
1,0.9986463454685832,0.9156019146832123,0.9156019146832123,0.9878900766136102,0.9928848161402835,0.9934320932384164,1.0,1.0
1,0.9937939202184027,0.9593318646198299,0.9593318646198299,0.973722995896527,0.9797238044611114,0.9778073283823236,1.0,1.0
1,0.9979144114690931,0.44082848959620596,0.24868273970202978,0.9952104257793706,0.9923945410640058,0.9957904068233272,0.8333333333333334,0.44
1,0.6992035872348519,0.5108398554284175,0.6621097218232919,0.6146660219457657,0.6625475470435058,0.6478114233474084,0.0,0.62
1,0.9998192226941335,0.5852427360321345,0.9998598710661188,0.9995804027746061,0.9997673198477819,0.9997634394843414,0.875,0.95
1,0.9953725718444834,0.5098502564211692,0.9979866814643022,0.9917109824424886,0.9931734885640309,0.99256598832245,1.0,1.0
1,0.9997526895091766,0.44082848959620596,0.9999968987540234,0.9996064708288326,0.9996824602981105,0.9997243702729449,1.0,0.65
1,0.9999996801213187,0.9999999990573873,0.9999989369102307,0.999989013299211,0.9999980620563591,0.99999783520996,1.0,0.94
1,0.8464007281499106,0.5070268977037355,0.7679442140616538,0.7318135366269808,0.7929845468235224,0.7678728357232771,1.0,0.96
1,0.9759728467798284,0.44082848959620596,0.9913739308516628,0.9774198963884954,0.9766261102699085,0.9769949778408413,1.0,0.905
1,0.9965412191835544,0.9512011680914764,0.9512011680914764,0.9901329824750988,0.9919858693766439,0.9925100302175791,1.0,0.98
1,0.9993984711279859,0.9676118954735515,0.9676118954735515,0.9935296893918832,0.996365829940724,0.9965736608954396,1.0,1.0
1,0.9999824203282126,0.5070268977037355,0.9800327655113128,0.995717606487937,0.9990965793078865,0.9980693127941529,0.8,0.9
1,0.978091564101882,0.8500180122543126,0.9153879076381782,0.9437026803259178,0.9644231344132415,0.9573857004108702,1.0,0.98
1,0.9906539734413186,0.9949887403918461,0.9949887403918461,0.9846474660050689,0.9869979820915097,0.9877705243945234,1.0,0.97
1,0.999959970534514,0.9958912824438096,0.9958912824438096,0.9995675732754921,0.9997622359347637,0.9997951838486071,1.0,0.99
1,0.9985737869571768,0.4302047521117806,0.994152548845003,0.9960536313109293,0.9981254083214149,0.9976342792098514,1.0,0.98
1,0.9908979277595613,0.44082848959620596,0.9979828792859083,0.9916453210859899,0.9913782319486747,0.9920174362979443,0.6,0.94
1,0.9980839609458717,0.9902373256663877,0.9902373256663877,0.9887631124823691,0.9951679644288168,0.9950253196326337,1.0,1.0
1,0.7607536067017838,0.4302047521117806,0.8438067172719044,0.7505402208279031,0.762334838248442,0.7589553764724191,1.0,1.0
1,0.9999999999996809,0.8028724674798962,0.8028724674798962,0.9969985564959317,0.9966342702551665,0.9954129746399805,1.0,0.98
1,0.9999999999996756,0.796951580303521,0.796951580303521,0.9969128945204236,0.9965664283406728,0.9953117709363278,1.0,0.97
1,0.9904252039479995,0.7993250673645703,0.7993250673645703,0.9855375398657018,0.9851453425154546,0.9893431970708333,1.0,0.96
1,0.999999519687077,0.9990066109181971,0.9990066109181971,0.9999267585203363,0.9999178920994662,0.9999572282712905,1.0,1.0
1,0.9999998667000096,0.9984247648622355,0.999931411542539,0.999942049898519,0.9999943216473336,0.999984612544823,1.0,1.0
1,0.9999998704402261,0.9984247648622355,0.999931411542539,0.9999427839960001,0.9999944419134988,0.9999848695412408,1.0,1.0
1,0.8367761922250383,0.8552133327049257,0.8552133327049257,0.7696118038702108,0.7824870257375743,0.7690116700449819,0.7142857142857143,0.77
1,0.9999365368240622,0.999513299345453,0.999513299345453,0.99943864031157,0.9997676560142486,0.9997940039503278,1.0,0.92
1,0.8226589694853849,0.44082848959620596,0.8168665626671949,0.7874164389390085,0.8084202690425838,0.8049245208080171,1.0,0.97
1,0.14951517399882336,0.4302047521117806,0.21142821952197147,0.146746926407951,0.15248484104648705,0.14930817613346195,0.2,0.22
1,0.9938885711503093,0.9995306155785116,0.9995306155785116,0.9879771125107112,0.9914351040919743,0.9918983530718636,1.0,0.97
1,0.5999107617741679,0.4692477094427679,0.5715329180859887,0.5006556935793567,0.5307157289718851,0.5059874314272468,0.0,0.57
1,0.9961407360646435,0.9904593313295968,0.9746882928324634,0.985539893029426,0.992800210512157,0.990558303564168,1.0,0.99
1,0.998159415136322,0.8818675116607211,0.9583214446133385,0.9923813035379253,0.9967655478299489,0.9958267503048407,1.0,0.96
1,0.9981398500757974,0.8995550090755081,0.9886098022686122,0.9940163527935189,0.9957447181637387,0.9956439832933313,1.0,1.0
1,0.9999833840792163,0.9960259456872402,0.9960259456872402,0.9998456572055496,0.9999182819707138,0.9999476702566041,1.0,0.99
1,0.9514070957560061,0.9198156265366215,0.8795882865683096,0.8803207973221164,0.9169980342248261,0.9001950534665778,1.0,0.95
1,0.9708217656137168,0.9866357825829379,0.9866357825829379,0.9495770716811596,0.9724806334649025,0.9704779092416923,1.0,0.82
1,0.5762462967904463,0.4659729548120181,0.5533395547483388,0.4769188983205902,0.5075934350546705,0.4832799672312155,0.0,0.6
1,0.9459573233729003,0.9999968215376788,0.9972615673006388,0.9718635452494461,0.9590303012728302,0.967348574065333,0.5,0.71
1,0.48239885042171576,0.31476451213742707,0.5859726978322806,0.41877279701565456,0.4274574487621021,0.4146916506382178,0.42857142857142855,0.39583333333333337
1,0.9410266807830537,0.8921590123119316,0.8921590123119316,0.8678513312646229,0.9271075528075664,0.9175686871212307,1.0,0.87
1,0.5456650411025473,0.8262278818170236,0.8262278818170236,0.4536725906814177,0.5911909342666882,0.551266759584704,1.0,0.89
1,0.5998681790493283,0.15983758350314742,0.6772655353081033,0.7261036300998359,0.6454368195755846,0.6900020717298645,0.0,0.59
1,0.9971175498300339,0.44082848959620596,0.5812344905786261,0.993051607225503,0.9939230574853245,0.995451499667283,1.0,0.78
1,0.6010933987430879,0.865443489796199,0.865443489796199,0.5579391524900555,0.5925328920997358,0.5883700522576037,1.0,0.75
1,0.9998675079228599,0.989420791666015,0.989420791666015,0.9966966993186008,0.9992666704809667,0.9992006313204314,1.0,0.99
1,0.9999999404532971,0.9823430991447822,0.9999152129485849,0.9999036746862988,0.9999925997177552,0.9999735340446608,1.0,1.0
1,0.16495229323411284,0.2928121172920032,0.2928121172920032,0.1685686061760813,0.18562341494951826,0.1765831748754449,0.2,0.22
1,0.5457154921250167,0.8262278818170236,0.8262278818170236,0.453741089632877,0.5912437650699621,0.5513239711877271,1.0,0.89
1,0.8135640305761379,0.49104204999498535,0.8250282639297801,0.7833640306571157,0.8037020603927576,0.801001848541907,1.0,0.8
1,0.9999856920936865,0.5256693137531253,0.9802915954135926,0.9996352231549536,0.9999689644033751,0.9999652635169622,1.0,0.98
1,0.9999993789176773,0.9999999999987674,0.9999999999987674,0.9999997439892416,0.9999997888569456,0.9999998374240231,0.6,0.74
1,0.9954506415928228,0.9911937176106941,0.9981751253548109,0.9944920150023054,0.9940205605342156,0.9943610889834567,1.0,1.0
1,0.9998071957563499,0.4823704220715926,0.9466792790398445,0.9945025759088932,0.9993338656104557,0.9982096715797473,1.0,1.0
1,0.8755479035005531,0.5068810271658156,0.867957361581276,0.7760736272934594,0.8236657505472778,0.8101200240444496,1.0,0.97
1,0.8625778596751249,0.5058911658499691,0.8610937952820383,0.7617420946945387,0.8066591227903128,0.7927796568023406,1.0,0.93
1,0.9358631723419943,0.5430944057564255,0.7684603257651286,0.8114955229451724,0.8898775152800926,0.8516313768684713,1.0,1.0
1,0.9999989013511685,0.9999644458415479,0.9988284132932546,0.999988092357757,0.9999984126460711,0.9999969900359478,1.0,0.99
1,0.9970215938203084,0.6672658635771125,0.8949171674937294,0.9583349744935973,0.9849344421234058,0.9758525162747114,1.0,1.0
1,0.6543419959546602,0.5218120576938248,0.4265651523274348,0.5539585230936621,0.6096748396717933,0.577741027268422,0.0,0.6
1,0.9169227279680774,0.5398284640204558,0.7120012908231297,0.7849325180867878,0.8702834123462466,0.8297257225827889,1.0,1.0
1,0.8222739184724834,0.8901771254755434,0.8901771254755434,0.7838273675605884,0.8066546156644913,0.8044466017105221,1.0,0.95
1,0.8242213299501715,0.44082848959620596,0.4217124763965652,0.6480025223587933,0.6960887874433168,0.699520861467259,1.0,0.69
1,0.9997518951475471,0.44082848959620596,0.9625904958336732,0.9981892197793267,0.9988576869162424,0.9988311092021066,1.0,0.94
1,0.8124218534918248,0.44082848959620596,0.4237777723861519,0.641374689021482,0.6852446326601723,0.6887576836754415,1.0,0.69
1,0.9936996676273857,0.7301542682020096,0.9861598001835884,0.9806876017478857,0.9890839968706499,0.9859104292645945,1.0,0.99
1,0.7828236064984844,0.5070268977037355,0.8118147117918008,0.7706340657361725,0.7959066668104204,0.7987118686656849,1.0,0.95
1,0.9874865214953984,0.5725711398434741,0.5725711398434741,0.9466650257696526,0.9734724045117419,0.9681806460778769,1.0,0.76
1,0.9979169534628314,0.821021994950443,0.821021994950443,0.8897169555919404,0.9778875661365322,0.976439221362837,0.6,0.74
1,0.9897023385325723,0.991054595513327,0.9730787753625423,0.980807136603943,0.98877857256901,0.9864644132619549,1.0,1.0
1,0.9999987408021973,0.4302047521117806,0.6741100837860419,0.9720724966351263,0.9907537897706172,0.9834382430251497,1.0,0.81
1,0.9168848648986504,0.5020944982305122,0.9270797457382137,0.9015449799822697,0.9141225630932679,0.9058699183164313,1.0,0.95
1,0.9014803724520458,0.8648837804071403,0.8648837804071403,0.8250183590307739,0.850401807151698,0.8504008704155928,1.0,0.99
1,0.02678400552680155,0.44082848959620596,0.030625750269463518,0.033819922653189956,0.03155100799203792,0.029167427569694385,0.0,0.3175
1,0.8719844617431304,0.8525049115193042,0.8525049115193042,0.7644930245035484,0.7812431179686588,0.7771021099415009,1.0,1.0
1,0.999999990109646,0.9999999279864372,0.9999747339590831,0.9999999393537323,0.9999999912418726,0.9999999889654644,1.0,0.94
1,0.979777970110164,0.8159137202197824,0.8159137202197824,0.9408526795494743,0.96122406841692,0.9583522545672765,0.6,0.7133333333333333
1,0.8758418762479601,0.9979315922584995,0.9979315922584995,0.9262290844372959,0.9358563790162816,0.9350613310985038,0.6,0.82
1,0.9999998037457244,0.9802028018814531,0.999711146589022,0.9997637157766998,0.9999788811691105,0.9999288649693375,1.0,0.98
1,0.9993677386564104,0.4302047521117806,0.9775832740392187,0.9898107121499989,0.9982535206745247,0.9960856631405541,1.0,0.89
1,0.9835272711097555,0.9735479174835096,0.9735479174835096,0.9708008618127546,0.977779334635696,0.9789554576697191,1.0,0.94
1,0.1508931659172347,0.4302047521117806,0.08659423018154914,0.1352878257976812,0.13987551927608055,0.1396133716738489,0.6,0.44
1,0.8776662181650391,0.8088177266992364,0.8088177266992364,0.7836244904714551,0.8083838338252387,0.8119305686739318,1.0,1.0
1,0.8405893021768627,0.9524352571686369,0.9524352571686369,0.7822193384065177,0.8227499796695155,0.8249250502925811,1.0,0.96
1,0.9502162748634835,0.8333973727888243,0.8333973727888243,0.9122231956847531,0.9318454824537798,0.9268273909934256,1.0,0.89
1,9.971568501247412e-11,0.34282908604355605,0.34282908604355605,0.5600645326697636,0.6381066651047624,0.6327946010411627,1.0,0.7683333333333333
1,0.7785794303649909,0.9655868078883246,0.867891492565156,0.7434947197589774,0.7702001634053047,0.773234359867274,1.0,0.99
1,0.8800383088524003,0.8088177266992364,0.8088177266992364,0.7859448778389957,0.8104825983870831,0.8141121855469825,1.0,1.0
1,0.8700252179220508,0.8916740968553268,0.7941598150842055,0.7910434641966964,0.8285096360454235,0.8243109078476553,1.0,1.0
1,0.9643065129336136,0.44082848959620596,0.9970748619224628,0.9358812072918858,0.9653683790121237,0.9641397935574695,1.0,0.93
1,0.9952560352067399,0.9845722906199517,0.9935749947776786,0.9913728998161123,0.9948965154601148,0.9940218386624209,1.0,1.0
1,0.9983067269989939,0.4989612779917642,0.9976130201321934,0.992879073707562,0.996639491594433,0.9963339225294779,1.0,1.0
1,0.9999999827981979,0.44082848959620596,0.617729646951385,0.9240373091278772,0.9130856191166494,0.9478999429504805,1.0,0.8
1,1.0,0.9709531342698643,0.9709531342698643,0.9989171642446106,0.9994408483752381,0.9998343646336646,1.0,1.0
1,0.7678831608307458,0.3646779282050977,0.695623452242666,0.6937991956651225,0.7156205376461773,0.704240091324156,0.0,0.37833333333333335
1,0.8370095989265944,0.4302047521117806,0.7280215756165894,0.806689744828968,0.8300898782147255,0.8193836251944503,0.8,0.82
1,0.8713230256947787,0.903562243937247,0.8862433099481283,0.7896898806047542,0.8316234291646988,0.8112692036624659,1.0,1.0
1,0.9989372712305158,0.9944395161391183,0.9991110150126308,0.9972740601762615,0.9986697433511323,0.9986975693621098,1.0,0.99
1,0.9164974276252417,0.5512424677293893,0.9019944245650576,0.8952246428739798,0.9154333855590777,0.912752713190194,1.0,0.92
1,0.9147957823210326,0.9860797838703679,0.9729758524293733,0.9324456123992306,0.925085229394008,0.9295415191162781,0.875,0.98
1,0.9998757458214848,0.4708860982039015,0.9928322093287234,0.9916489918283382,0.9984155786518681,0.9969210358686702,1.0,0.97
1,0.9555261882752472,0.5642205866908642,0.9098540966981711,0.8732510752028626,0.920072969985523,0.8970780295708424,1.0,0.98
1,0.9999883036768228,0.995271008546707,0.9918936909843348,0.9998310270935303,0.9999751786751486,0.9999660921816182,1.0,1.0
1,1.0913682951245858e-11,5.780611826074355e-08,5.780611826074355e-08,0.30239576921334094,0.06352065499007757,0.15818034946372794,1.0,0.58
1,0.9991310477585365,0.4758048894463533,0.9666855281394132,0.9607642667304952,0.9915924234338747,0.9846331194995359,1.0,0.96
1,0.8451512136821339,0.44082848959620596,0.24868273970202978,0.5105670523041544,0.4884385934494969,0.5081342096284411,0.8888888888888888,0.76
1,0.9999808154052777,0.42854227669570527,0.8548763036700081,0.9977134934675005,0.999085305769143,0.9985783837780324,0.8333333333333334,0.99
1,0.7092633610889431,0.44082848959620596,0.9463458123082057,0.6810416833834051,0.7144986110641315,0.7118369921706386,1.0,0.95
1,0.9999957130862116,0.954140627152956,0.9866330474006829,0.9999492127310774,0.9999909220077527,0.9999857478189755,1.0,0.97
1,0.9999858417632346,0.5883058149439597,0.9803011118896746,0.9977028116610024,0.999662857825836,0.9991971867792421,1.0,1.0
1,1.0,0.3669362386301732,0.927474443472547,0.9999993106664722,0.9999999887535472,0.9999999991833746,1.0,1.0
1,0.8709940692508459,0.8916740968553268,0.7982792857339346,0.7928924480921233,0.8302635764172536,0.8259300098191946,1.0,0.98
1,0.9999998656374639,0.9994474349578134,0.9994474349578134,0.9999726281863082,0.9999737707010347,0.9999875241825262,1.0,1.0
1,0.9829050341354065,0.44082848959620596,0.38908516211854793,0.757815004770995,0.7581148368687677,0.7834681357223433,0.75,0.67
1,0.5002953016652568,0.8077109695793315,0.8077109695793315,0.5065827681740223,0.46197508997796805,0.46824473223340407,1.0,0.97
1,0.8915194211678941,0.9901755414623882,0.9245720597970338,0.843976408176128,0.8458558053622371,0.8601321072175684,1.0,0.86
1,0.9999999987672972,0.9407860204712125,0.9407860204712125,0.9999986437958993,0.9999997569498484,0.9999998095173016,1.0,1.0
1,0.9532757044926333,0.5250933771479371,0.9557556131335903,0.8800768625593277,0.9203470875888646,0.899051426655424,1.0,0.97
1,0.999874407350337,0.48401284570777237,0.9658403109117603,0.9956027781905163,0.9995454577835016,0.9986978471351974,1.0,1.0
1,0.9999902628243273,0.5345469760988423,0.8950495264098581,0.9977354493001396,0.9996736760037958,0.9996861026008566,1.0,1.0
1,0.9999823430551019,0.5819193648718826,0.9773469062444563,0.9972306984028243,0.9995850854090742,0.9990201089537851,1.0,1.0
1,0.8722827420512598,0.8916740968553268,0.7999622921490379,0.7955925121507038,0.8324421386672062,0.8280804712088466,1.0,0.99
1,0.942684479057425,0.9956572802913772,0.9956572802913772,0.87800197195236,0.947608094867473,0.9418812646333301,1.0,0.96
1,0.9980754195633156,0.9232227360605993,0.9232227360605993,0.8687535713854405,0.9239666600672062,0.9300054767651316,1.0,0.95
1,0.9576802296148558,0.5138081117236054,0.9947996722004485,0.9034417916932105,0.9566436472605493,0.9537944188001444,1.0,0.92
1,0.9999849076668302,0.9999946903503596,0.9999933920888392,0.9999191167270637,0.9999642496227263,0.9999527015993231,1.0,0.99
1,0.9999999999999265,0.9899605697737226,0.9963817857614518,0.9999999996623972,0.9999999999997728,0.999999999999674,1.0,0.91
1,0.7077399144743408,0.7494387435168608,0.7494387435168608,0.44453995877134833,0.6382202180535997,0.6113535907500509,1.0,0.89
1,0.9998743370127452,0.912290997495283,0.9987732784871504,0.999099952304525,0.999702346820019,0.9995685209518649,1.0,1.0
1,0.9580954582546238,0.5216639961186738,0.5216639961186738,0.9115730035654758,0.9377965063443484,0.9359688824166262,1.0,0.99
1,0.99999451186013,0.9948542574674631,0.9948542574674631,0.9999339819604297,0.9999079314161817,0.9999243734524053,1.0,0.87
1,0.8730283517816132,0.8845942343480592,0.7977703040116534,0.7919281597695459,0.8234477080258681,0.821284061397815,0.75,0.9
1,0.9999472831024494,0.9999697644167217,0.9998948211620903,0.9995024955268726,0.9998317942072877,0.9997389677585534,1.0,1.0
1,0.9999432463289368,0.9999675201846411,0.9998861842205242,0.9994699201452848,0.9998195986459293,0.9997207284421495,1.0,1.0
1,0.9993361684372947,0.9999235815477253,0.9995292533365019,0.9982822206547789,0.9986643625050078,0.9987086023134347,1.0,0.97
1,0.9999263345494391,0.9576629871072766,0.9962442385104285,0.9988612965643211,0.9997842087418329,0.9997644845633216,1.0,0.96
1,0.9919247672154327,0.5502720429151979,0.9994560833936991,0.9841230437882268,0.9921515599795947,0.9919821430303297,1.0,0.89
1,0.9979793289075491,0.720014408830582,0.9982467259124248,0.9951051268916463,0.9959410028536066,0.9956375458876715,1.0,0.99
1,0.9057641246220552,0.9817321181136754,0.9817321181136754,0.8981293924137647,0.9226499756356497,0.9210452646936648,1.0,0.91
1,0.9988754507631427,0.9150207752715946,0.9150207752715946,0.995103504582311,0.9958575136481652,0.9960800797668937,1.0,0.98
1,0.9692872057999193,0.4823704220715926,0.9579502034324211,0.9548958602021993,0.9666746281720008,0.9630156657814822,1.0,0.99
1,0.9992438161697855,0.982427628925724,0.982427628925724,0.9754767214805996,0.9942099370804336,0.9939105888824161,1.0,0.84
1,0.9999913242406638,0.907994852807895,0.9999993791534674,0.999802235946087,0.9999718810610331,0.9999575293713181,1.0,1.0
1,0.8543828591851281,0.4302047521117806,0.9770655559579153,0.7342575567429137,0.7672038528221662,0.7514115243200786,0.625,0.6
1,0.9507252887553738,0.998803863647171,0.9967288537615155,0.9458803393428485,0.9504375250559861,0.9536214022699167,1.0,1.0
1,0.9985652127421087,0.994706018265639,0.994706018265639,0.9970904013102474,0.9971717554226927,0.9973733095217645,1.0,0.96
1,0.9997556567228396,0.9999999491038379,0.9999999491038379,0.9998623989159985,0.9998821963091363,0.9998989639480472,1.0,0.64
1,0.9997259313646752,0.9989998811076733,0.9989998811076733,0.9983550097746658,0.9986579691831933,0.9989784057909918,1.0,1.0
1,0.17797449429037743,0.2928121172920032,0.2928121172920032,0.21630878853914745,0.21387442525276826,0.20663812750918203,0.7777777777777778,0.59
1,0.9999999987154216,0.683577348533243,0.683577348533243,0.9999727720616925,0.9999840700536657,0.9999877460708765,1.0,0.93
1,0.9999999976273779,0.6841031833946649,0.6841031833946649,0.9999564478351962,0.9999745399823778,0.9999802057289983,1.0,0.93
1,0.9999999295461351,0.9999457528540091,0.9999457528540091,0.999986403194675,0.9999854689119165,0.9999929511705395,1.0,0.98
1,0.10103303742919593,0.4302047521117806,0.21368180394582015,0.16099499345415724,0.1233498866298032,0.1305222522539753,1.0,0.66
1,0.8131015570253204,0.2928121172920032,0.2928121172920032,0.611809667981429,0.6969664366736014,0.6883134853155678,1.0,0.98
1,0.9985414387968583,0.47127230252963587,0.9998497542380148,0.9928825856215395,0.9967619547523702,0.9961294585836886,1.0,0.96
1,0.8267345535689302,0.8893692418265213,0.8893692418265213,0.610655428994655,0.8161554973188428,0.7895473553457517,1.0,0.81
1,0.8725707774634561,0.4302047521117806,0.6761531832198958,0.6886162038015663,0.8529408900541374,0.8136750412675822,0.8571428571428571,0.78
1,0.9852857425516505,0.6197550727966934,0.9830708149895256,0.9617661512807766,0.981270127429054,0.9808908541382475,1.0,0.98
1,0.5030087897428538,0.44082848959620596,0.6930915718710047,0.3326027325548451,0.4784553276614706,0.4652650047903737,0.0,0.22
1,0.9999999746523704,0.9100407170658626,0.9908872657694063,0.9999184847188431,0.9999990135425573,0.9999924643469164,1.0,1.0
1,0.8328471862807961,0.9886196533323487,0.9182041524390614,0.7949302479967875,0.8225687664875944,0.8261117899831967,1.0,0.93
1,0.747270571429785,0.9034618983645026,0.7927713773382665,0.677293954642278,0.7127178054425563,0.7131941214927954,0.5714285714285714,0.72
1,0.9997367437572141,0.944455792017069,0.944455792017069,0.9975776799578181,0.9985674556329913,0.9988259208202996,1.0,0.97
1,0.9994697341728752,0.9182452287918575,0.9182452287918575,0.9985651498947152,0.9989274237788323,0.9989960191386401,1.0,0.86
1,0.9994072423091744,0.4302047521117806,0.9776280179627328,0.9898169831684652,0.9982307117398089,0.9960454208959437,1.0,0.91
1,0.9986951991057189,0.9871836111569333,0.9871836111569333,0.981709971968795,0.996666832258134,0.9961941994655654,1.0,0.981
1,0.9937551879601135,0.6104123800161058,0.9893052041522932,0.9790434094234496,0.9911574745422779,0.9903824141580194,1.0,1.0
1,0.4775009433276474,0.2928121172920032,0.2928121172920032,0.5639560105496544,0.5027961975569722,0.5151572800272153,1.0,0.93
1,0.5959203740701954,0.8888076182155462,0.747685487288701,0.5470465942319676,0.5798250384575042,0.5788188854331275,1.0,0.59
1,0.9961482906392785,0.9904593313295968,0.9750506183331409,0.9856014054424301,0.9928208818503833,0.9905932791445985,1.0,0.99
1,0.28265476730519196,0.5827099087688125,0.5827099087688125,0.5545519993618574,0.3433916219938027,0.3583994132432659,0.0,0.57
1,0.9994949154380003,0.9488229035716043,0.9488229035716043,0.9961194127374727,0.9976916085434215,0.9975750200085369,1.0,0.98
1,0.998620291350752,0.8015010283285214,0.9987727037833405,0.9961497789245556,0.9973914857636423,0.9971732174938598,1.0,0.98
1,0.829119296929068,0.5234529704971637,0.757193803423624,0.7159597398835879,0.781413848632816,0.7566025286146915,1.0,0.99
1,0.3879173639111706,0.48411627575310867,0.5418147983756421,0.35679944191386376,0.40107843727377746,0.3755204818937693,1.0,0.64
1,0.71468803845525,0.44082848959620596,0.24868273970202978,0.8459461852893935,0.7546197419158568,0.7703248322218756,0.2,0.93
1,0.23857417942247638,0.2928121172920032,0.2928121172920032,0.2688145550382463,0.2713021508634676,0.2699634441001482,0.0,0.34
1,0.9219085403183076,0.44082848959620596,0.9862035727510967,0.8476705570147889,0.9241676755123639,0.9188343758591092,0.0,0.54
1,0.999992077239308,0.600907246019381,0.600907246019381,0.9924979601487277,0.9934572591785136,0.9945980296764211,1.0,1.0
1,0.999990586582652,0.6076183983985192,0.6076183983985192,0.9888187778924737,0.9900087371662771,0.9915002286954644,1.0,1.0
1,0.9999092624379016,0.577111312431438,0.9821324615805446,0.9997279213561374,0.9998920754423279,0.9998563728572873,0.6,0.92
1,0.9564712200353436,0.5642205866908642,0.9117175889554271,0.8751691077708666,0.9214288461702592,0.898665402721538,1.0,0.98
1,0.8601856208251162,0.6366508637799995,0.8137150936164054,0.8345076926274401,0.8600574518648119,0.8490746373286223,1.0,0.99
1,0.9989237471590553,0.5375016190674636,0.9930556770794745,0.9701508175019433,0.9944793825992607,0.9940197479114573,1.0,0.88
1,0.9999905829826599,0.5345469760988423,0.8957357966237156,0.9977768655417604,0.9996813470772168,0.9996935014270929,1.0,1.0
1,0.9999905768014009,0.6076183983985192,0.6076183983985192,0.9888010677303772,0.989996439621178,0.9914893680361685,1.0,1.0
1,0.9483205021886021,0.8921590123119316,0.8921590123119316,0.884703789980717,0.9348632305639072,0.9288893398867362,1.0,0.98
1,0.881523773231487,0.5755053290614975,0.8330073938069945,0.8488872279200629,0.878820668513911,0.8746720707673771,1.0,0.99
1,1.0,0.3669362386301732,0.927474443472547,0.999999975918484,0.9999999997570519,0.9999999999966431,1.0,1.0
1,0.9665391529022541,0.9988206661353649,0.9368843874271771,0.9574038541934392,0.9694178149658002,0.9685906830141294,1.0,0.93
1,0.4258375702496278,0.6637485445823009,0.6637485445823009,0.42736570288355435,0.40560381427767384,0.4075960186657656,1.0,0.99
1,0.8393837781402305,0.44082848959620596,0.8607266262650168,0.7443191693250228,0.8182857646356544,0.8126102576588836,1.0,0.97
1,0.6196389248052144,0.44082848959620596,0.4849663245453172,0.5473573291536699,0.5977839190372505,0.5906322316515974,1.0,0.94
1,0.016313779731341047,0.44082848959620596,0.24868273970202978,0.027822394052222175,0.030959587291325894,0.023229700928313272,0.0,0.22
1,0.9998482774759613,0.9002026402287252,0.9976134449864972,0.9989077848070708,0.9996446829306936,0.9994836980450273,1.0,1.0
1,0.3450164127773519,0.44082848959620596,0.7099974404146442,0.4282797507230598,0.40432000491431985,0.38806207685859967,1.0,0.75
1,0.9999529943274423,0.9837546498216051,0.9994748066898486,0.9989833508676782,0.9997881678560052,0.9997063137692417,0.8,0.98
1,0.27014226794825635,0.6729166490749912,0.27537044029605323,0.22661117981841747,0.2594424280939841,0.2491378853427807,0.8571428571428571,0.36
1,0.9971232285156465,0.8856356601964744,0.8856356601964744,0.9665491049293243,0.988591444395475,0.9878195941732792,1.0,0.9
1,0.8562762989452659,0.5697844503155725,0.8489767317881327,0.8387465412088425,0.8373109242610738,0.8411636929914885,1.0,1.0
1,0.9544539858599317,0.40452218595398154,0.40452218595398154,0.935804003395003,0.9512546591401736,0.9514488787499009,1.0,1.0
1,0.9989565552570977,0.9997114973665424,0.9997114973665424,0.9988689456900011,0.9990529610327626,0.9991660851018519,1.0,0.82
1,0.9819506458277736,0.9847558022644163,0.9847558022644163,0.9558338210506669,0.9520463366183312,0.956187346624528,1.0,0.97
1,0.9631005833686666,0.44082848959620596,0.908265555236751,0.970382286393671,0.955352116537819,0.9585574236304648,0.6,0.68
1,0.9999999999979443,0.967241216588687,0.967241216588687,0.9999999022820891,0.9999999364986061,0.9999999737985019,0.6,0.95
1,0.9984483755165151,0.99598757494274,0.99598757494274,0.9967953058614433,0.9976442960739152,0.997973964782648,1.0,0.99
1,0.7210333147270859,0.7830676633925552,0.7830676633925552,0.6670367147581672,0.6687111847475252,0.6681065881376652,1.0,0.93
1,0.9985701173468918,0.7001000167333534,0.7001000167333534,0.8093459322924805,0.8673341389872121,0.8835520205422062,1.0,1.0
1,0.9978418790405011,0.47719659737235964,0.9894328861058352,0.9843098799272892,0.996803323807266,0.9962972597277004,1.0,0.96
1,0.9801648163884885,0.5375016190674636,0.9993350601971156,0.97379689797575,0.9804594995326894,0.9806708170166003,1.0,0.88
1,0.9999997834840237,0.957255048475895,0.957255048475895,0.9998371069572312,0.9998969463840014,0.9999340933318741,1.0,1.0
1,0.9995050824442354,0.4955174973727988,0.9590670613276701,0.9739352126015126,0.9943873820133508,0.9879350264581603,1.0,0.94
1,0.8500153623295607,0.44082848959620596,0.7176868534559001,0.6167441642146889,0.751907880026204,0.7346775005622047,1.0,0.98
1,0.8299365881324768,0.6412028389767598,0.7522881473644081,0.799040862742482,0.8288416809089122,0.8171139358964096,1.0,1.0
1,0.9990839365832145,0.44082848959620596,0.9988116907083356,0.9986771998921444,0.9990223576211098,0.9990450140004894,1.0,0.93
1,0.9999197314525471,0.9662312463136572,0.9662312463136572,0.9989509415876713,0.9994152058654782,0.999404582044281,1.0,0.99
1,0.999971999512151,0.9999999999918474,0.9999999999918474,0.9999748781158453,0.9999880695953068,0.9999900541026653,1.0,0.97
1,0.9371708961199635,0.4722591684633257,0.9316158259197249,0.9121475223982369,0.9269901476733123,0.9241102669568984,1.0,1.0
1,0.9966359287322546,0.8791278256918568,0.8791278256918568,0.9863068313138897,0.9895834412551754,0.9920638810453809,1.0,0.93
1,0.7449435570216745,0.46437095567756637,0.6511501643801001,0.6298379698716429,0.7219357461119547,0.7143606360596735,1.0,0.98
1,0.927403093940233,0.4722591684633257,0.9425816469655103,0.9035511728699152,0.9164451016402893,0.913005926295142,1.0,1.0
1,0.9420892654874164,0.4823704220715926,0.9079533839936711,0.9212193825460118,0.9392335563438611,0.9333292724109892,1.0,1.0
1,0.9984690915989961,0.9950524757931413,0.9924925094036401,0.9967907084183258,0.9985091524725583,0.99823960035724,1.0,1.0
1,0.9996421101761296,0.9927605244644825,0.972173421457818,0.9984092587379109,0.9992360719821283,0.9989776934893747,1.0,0.96
1,0.9968616992226401,0.9960222751825831,0.9960222751825831,0.9909178924922556,0.9963154499494791,0.9963191331262554,1.0,0.99
1,0.9263575551070445,0.47719659737235964,0.8556365646870757,0.9093840492797768,0.9088745014311563,0.9071384306872139,0.0,0.855
1,0.9741411101669167,0.4302047521117806,0.9707931419035697,0.9536036259439691,0.9701634760858739,0.9689110937352589,1.0,0.99
1,0.9985770198653802,0.865146057427511,0.865146057427511,0.9898612967641497,0.993747057057301,0.9951208350779943,1.0,0.91
1,0.9991348256595785,0.9950524757931413,0.9959561845284395,0.997941849793011,0.9991538097465671,0.9990229655151814,1.0,1.0
1,0.9310922085225486,0.6897779281950293,0.6897779281950293,0.8727852815955185,0.8947926485400265,0.8916754121620462,1.0,0.87
1,0.9998270086423534,0.9485341988620308,0.9983788548102285,0.9988603216348713,0.9996122129846745,0.999444882349988,1.0,1.0
1,0.9943570868805571,0.9999050505200756,0.9999050505200756,0.9959812163466367,0.9960582185385529,0.9965249730311431,1.0,0.93
1,0.8412482114521789,0.7123052016836712,0.7123052016836712,0.7240070625691556,0.8110344595897694,0.8003162614379612,0.3333333333333333,0.84
1,0.9940781878834121,0.6809565557785509,0.997532340002878,0.9918908589764603,0.9944471540288243,0.9944536438164822,1.0,0.94
1,0.6815472788450131,0.44082848959620596,0.734731097777475,0.5928508778007372,0.6263114399169218,0.6141705388235356,1.0,0.99
1,1.0,0.44082848959620596,0.3428346637497042,0.9999960012051258,0.9999989753400925,0.9999999518712891,0.8333333333333334,0.84
1,0.9165390471656801,0.4302047521117806,0.9272449666410331,0.8574582298429446,0.8930906678133622,0.8772502312636473,1.0,0.8
1,0.7080747182065047,0.4302047521117806,0.8064096476958779,0.6004789423671326,0.6574709906115093,0.6208933062521169,1.0,0.99
1,0.8881545268222966,0.6196647777190194,0.6196647777190194,0.6956858552349067,0.7381152535481469,0.7373691472607742,1.0,1.0
1,0.74550648572315,0.480161257396529,0.6094623069115952,0.6783053920428112,0.7193015529011997,0.7178925686704926,1.0,0.97
1,0.8952508941427147,0.9762657283968836,0.9762657283968836,0.8897250706426084,0.9137089227326043,0.9125981018066239,1.0,0.96
1,0.9423205186256378,0.44082848959620596,0.9736044209754304,0.9288113718409319,0.9364887051519926,0.9385798534637895,1.0,0.97
1,0.9999999999909872,0.4059135937478713,0.4059135937478713,0.9903547245860908,0.986940371316786,0.9845686931032729,1.0,0.88
1,0.9999813911111224,0.42834679659509506,0.7208069634810284,0.994879860781791,0.9987354071935431,0.9975181530180695,0.75,0.96
1,1.0,0.4059135937478713,0.4059135937478713,0.9614262336360159,0.9708915328822457,0.9172088599953196,1.0,0.88
1,0.22214303144058256,0.4302047521117806,0.3069723519944592,0.2092435009322144,0.2178622447030142,0.21312577950265008,0.3333333333333333,0.75
1,0.26875680210641784,0.44082848959620596,0.24868273970202978,0.2340867482419383,0.24892439822846152,0.2469400978274548,0.8333333333333334,0.86
1,0.9632135266825279,0.4302047521117806,0.9898534427215466,0.9454595334748729,0.9542327237351075,0.9493845990477288,1.0,0.93
1,0.22214303144058256,0.4302047521117806,0.3069723519944592,0.2092435009322144,0.2178622447030142,0.21312577950265008,0.3333333333333333,0.75
1,0.286560019553117,0.2928121172920032,0.2928121172920032,0.25408108979242283,0.2754782635251821,0.2701512225772748,0.5555555555555556,0.9
1,0.9999061572707798,0.47908675268814743,0.9729441769680456,0.9962189527352614,0.9996436230816417,0.9989289268996832,1.0,1.0
1,0.9250494055562754,0.4823704220715926,0.8763081373085344,0.8981898007195893,0.9217058324408297,0.9140525357232613,1.0,1.0
1,0.9999884013237865,0.995271008546707,0.9918936909843348,0.9998333960243747,0.9999754705273414,0.9999664810857312,1.0,1.0
1,0.9999257003102427,0.6193750747822336,0.9937653076047703,0.9948265633192577,0.9991205879172657,0.9990795884347002,1.0,0.91
1,0.9928342797367468,0.4302047521117806,0.9895947283883799,0.9878854751634845,0.9913512421092282,0.991511532126304,1.0,0.95
1,0.9932368275563412,0.4302047521117806,0.9901508761975065,0.988550800449131,0.9918419192110932,0.9920007808400103,1.0,0.94
1,0.9980917956708574,0.9991030024868838,0.9991030024868838,0.9899731302430906,0.9958240932157725,0.9953703799797629,1.0,0.98
1,0.9004268946245219,0.7799985511495432,0.7799985511495432,0.8020871034773897,0.878872361801727,0.8690061703985891,0.75,0.8
1,0.946350207109229,0.44082848959620596,0.9910037423468312,0.9159739123357553,0.948771522211909,0.9474825529619204,1.0,0.65
1,0.9589007588124286,0.6412028389767598,0.9177991455749995,0.9505697628914067,0.9617740637859046,0.9629543814305145,1.0,0.92
1,0.9956868688735143,0.4302047521117806,0.5563482657247153,0.9873140208732398,0.9934895831027934,0.9911327630955846,0.0,0.66
1,0.999280390306187,0.9987781785174138,0.9987781785174138,0.9982447292626656,0.9990726800307559,0.9991785038690477,0.8,1.0
1,0.8551725864726942,0.5678419108037036,0.8446806566159937,0.8341215676554826,0.8330776781910937,0.8372536753791081,1.0,1.0
1,0.9841510516222984,0.4315097841110147,0.40497841211408553,0.9406734034803219,0.978815320667918,0.9753944240316946,0.8333333333333334,0.78
1,0.45529643519928037,0.6442234784831548,0.3879905761984299,0.47542599352669096,0.47353657704517593,0.47122037330719674,1.0,0.87
1,0.4166753934636186,0.5736630338118486,0.5094841298869529,0.4361968610823975,0.4106736678381707,0.4141408121498754,0.8,0.98
1,0.8243393461912418,0.963875331941338,0.963875331941338,0.8519556815533739,0.8471702597685895,0.8507444330743642,0.6,0.91
1,0.9893340192734906,0.4302047521117806,0.33904607085844524,0.9762558444636116,0.9874929633056995,0.9834850777850387,1.0,0.69
1,0.8511784344669402,0.44082848959620596,0.9297595737352532,0.855178898780346,0.8460909930168522,0.8510282129496628,0.8,0.93
1,0.9921626752812349,0.990630138052383,0.974973651934827,0.9815495260132407,0.9893723167721221,0.9874160767943746,1.0,0.98
1,0.9157464494184014,0.5463566468801789,0.7890218259059885,0.792831189333056,0.8662038639518531,0.8352965585748423,1.0,1.0
1,0.8076600032764008,0.4633860998369344,0.559602634517401,0.7803744539263875,0.7936929930896017,0.7939249296980804,1.0,0.93
1,0.8309089648255965,0.5289001340800515,0.5289001340800515,0.6576589362352167,0.6791707582495191,0.6842049820186649,1.0,1.0
1,0.9999997768181857,0.5234529704971637,0.9891686670485356,0.9997359143529313,0.9999932760423461,0.9999635330090773,1.0,0.99
1,0.9996720336741556,0.995317759376802,0.998991467117045,0.9995530800406096,0.9997172259473673,0.9997394509740413,1.0,0.99
1,0.9999402103570842,0.9893426819491221,0.9999674779339734,0.999671918149564,0.9999195678715832,0.999873336713136,1.0,0.98
1,0.9956976652709819,0.6807535760627267,0.9987503583905722,0.98429869996059,0.9920306052869281,0.991659607507972,1.0,0.9
1,0.9957707917787476,0.9273544747055513,0.9273544747055513,0.9750100699276993,0.9898012015908646,0.9896402350066523,1.0,0.91
1,0.999997300281528,0.9989694973833809,0.9989694973833809,0.9999643966557118,0.9999840696618336,0.9999904237822659,1.0,0.99
1,0.9989804892057029,0.9866326936795031,0.9974168876645846,0.9978798745853544,0.9989938423939312,0.9988151273736713,1.0,1.0
1,0.9994419858742049,0.9991925205392006,0.9991925205392006,0.9987834439542329,0.9991305042614365,0.9992109898053717,1.0,0.93
1,0.7487029473727369,0.44082848959620596,0.74179922483314,0.6787827866093372,0.7133263310162732,0.7032091646201513,1.0,0.82
1,0.15563279882806308,0.2556567540747276,0.2556567540747276,0.6830437539154801,0.6714460938677882,0.6916002206614985,1.0,0.97
1,0.9977924916006595,0.38287470107537813,0.38287470107537813,0.981392925222211,0.9885840917577751,0.9908463674693834,1.0,0.95
1,0.8611407873949907,0.5697844503155725,0.8512619692690923,0.8411590665433684,0.8399178338526431,0.8440430850486178,1.0,1.0
1,0.9982820384692437,0.44082848959620596,0.24868273970202978,0.9966994829471524,0.996450825970799,0.9975841685144669,1.0,0.94
1,0.9990106117939257,0.9998777787415969,0.9997338038540459,0.9986203388163826,0.9992287467254019,0.9992349240812268,1.0,0.93
1,0.999433978218542,0.49222943636730593,0.9945754253647876,0.9855450174307442,0.9963923116826755,0.9943034149737596,1.0,0.88
1,0.9971479162268354,0.4673271604743457,0.9996842923760315,0.9890925811591277,0.9942944509761397,0.9932830690147912,1.0,0.96
1,0.9994428542991437,0.9984212369702707,0.9955266549801424,0.9976383923387562,0.9992112672506334,0.9989895500775989,1.0,0.96
1,0.7842238521044086,0.4302047521117806,0.8777285084603125,0.6717925029122042,0.760810848782376,0.7361335579678567,0.8,0.72
1,0.9999995195994241,0.9990066109181971,0.9990066109181971,0.9999267543009621,0.999917886426289,0.9999572240032205,1.0,1.0
1,0.9678134657375015,0.5626027518328536,0.7076601866869022,0.8792715520449319,0.9368760471859662,0.9113860652561149,1.0,0.94
1,0.921170980429438,0.4302047521117806,0.6450696533006642,0.7870578792193583,0.8658707352917797,0.841627762587761,1.0,0.95
1,0.7697380055398573,0.4302047521117806,0.8372598234545467,0.7576589920474698,0.7688333569253035,0.7668387512724409,1.0,0.97
1,0.9999464059803551,0.4811497983122109,0.999871904268763,0.9994121310818769,0.9998533419412621,0.999851359708172,1.0,0.99
1,0.9998871241017877,0.497161691067357,0.9997296679951426,0.9991659198801389,0.9996750661772054,0.9996023843938833,1.0,0.99
1,0.9999414485617802,0.9999519542019566,0.9999519542019566,0.9989516465324231,0.9996016788396026,0.9995971372305689,1.0,1.0
1,0.5162560857648621,0.4302047521117806,0.6645441335280052,0.4679618052403239,0.5032645353795577,0.5025806730880492,0.6,0.93
1,0.9999972019000501,0.5941579760916416,0.5941579760916416,0.9911497465538855,0.9918892630585558,0.9931359591628964,1.0,1.0
1,0.999997606012504,0.5941579760916416,0.5941579760916416,0.9931546524220216,0.9939412160772367,0.994978578751249,1.0,1.0
1,0.9999973673497871,0.5306037134690689,0.9252661370518276,0.998858077941571,0.9998672629130708,0.999874946181912,1.0,1.0
1,0.9999686791576818,0.5642205866908642,0.999727850735445,0.9996301860724568,0.9999379997042407,0.9998871926818066,1.0,0.96
1,0.9997965108903699,0.4344522857521304,0.4344522857521304,0.9975102345643747,0.9985057145341896,0.9985819222850782,0.6,1.0
1,0.8605908085945223,0.5697844503155725,0.8505034113355942,0.8405473239489809,0.8392757719022244,0.8434093068915489,1.0,1.0
1,0.9554511151089177,0.40452218595398154,0.40452218595398154,0.9361199327698662,0.9515691707767086,0.9517209728523923,1.0,1.0
1,0.8275279949376714,0.5283725311196137,0.6640932149601902,0.7187626343286245,0.7847523471694582,0.7612431180339108,1.0,0.98
1,0.9975478560685083,0.9999568908986476,0.9999568908986476,0.9975841427090575,0.9976833185063765,0.9979914092672034,1.0,0.96
1,0.9994623582624613,0.6175061371141313,0.9837651687491376,0.9952476471006612,0.9985027449782857,0.9983740255088803,1.0,0.98
1,0.9999252782813411,0.4302047521117806,0.9999655377578349,0.9997775895432919,0.9999340898233935,0.9999443632970079,1.0,0.96
1,0.9999257801083145,0.4302047521117806,0.9999656438126406,0.9997781577289367,0.9999343853847896,0.9999445612116779,1.0,0.97
1,0.8924959467079048,0.49104204999498535,0.7383044523949003,0.8797350281145965,0.8794300691048585,0.8801349079796587,1.0,0.84
1,0.8861279738941367,0.4900523810324679,0.7301164807447813,0.8726162188220459,0.8725108989206731,0.8732025329834073,1.0,0.84
1,0.9995249853042538,0.6212404817479198,0.9851285920339807,0.9957656474357294,0.9986672592354294,0.9985527770671958,1.0,0.96
1,0.9999989391578307,0.5267332424164364,0.9989305915827904,0.9999937052439044,0.9999989735432775,0.9999981923231688,1.0,1.0
1,0.9999704015981302,0.7128866386709941,0.9841485742101064,0.9978882299012086,0.9996884497542251,0.9993164631828463,0.8,1.0
1,0.663583077472921,0.8452295010200979,0.8452295010200979,0.6623199472126519,0.6542967090172559,0.6401060566969256,0.6,0.9
1,0.3810730771399407,0.47028566111041636,0.2772824541580483,0.383377692104309,0.37670646499653593,0.3745393494582467,0.8,0.435
1,0.9375792522738948,0.544726006141514,0.9086478945006802,0.8454018801700153,0.8922988346362289,0.8663146835663214,1.0,0.96
1,0.2232228736146312,0.44082848959620596,0.24868273970202978,0.21084380377674686,0.22051002575117662,0.2162498323473457,1.0,0.54
1,0.8645984835627224,0.4955174973727988,0.8488381375727991,0.7211696858848488,0.7878226475825892,0.7584060150963153,1.0,1.0
1,0.015933076169846752,0.014512035213981105,0.027537099630099288,0.07113840300466802,0.024261012132934506,0.03851017742943437,0.4,0.47
1,0.9994250116866922,0.9354022273531286,0.9997488045427894,0.9989215099776866,0.9993004838696168,0.9993401303120102,1.0,0.96
1,0.9452964502344987,0.5591675832530111,0.5591675832530111,0.8498444854594072,0.910595811115001,0.9059849913037786,1.0,0.95
1,0.9999981180346005,0.9894381585410741,0.9894381585410741,0.9999378607521127,0.9999768137612188,0.9999825523959628,1.0,0.8833333333333333
1,0.9999998907784392,0.9864100558699985,0.9998210891612586,0.9998445807947872,0.9999876716602251,0.9999564647096966,1.0,1.0
1,0.8323764014277819,0.4302047521117806,0.8512516204186774,0.7476273652577675,0.8155343512689702,0.7944074432581749,1.0,0.89
1,0.8768448752686135,0.9926214124779705,0.9926214124779705,0.8173637829225182,0.8818114654722328,0.8722925191727421,0.75,0.91
1,0.9168300804340593,0.44082848959620596,0.8301564879242687,0.8674310544381016,0.8893191834483297,0.8906770226134504,1.0,0.98
1,0.9998556117065881,0.9999512045096702,0.9994450893297894,0.9994529532747592,0.9998307149380903,0.9997651025587815,1.0,0.99
1,0.9254620741464759,0.4823704220715926,0.8759911558818757,0.8987965276430384,0.9221102454396661,0.9144919761064249,1.0,1.0
1,0.9254620741464759,0.4823704220715926,0.8759911558818757,0.8987965276430384,0.9221102454396661,0.9144919761064249,1.0,1.0
1,0.9999885598154543,0.995271008546707,0.9918936909843348,0.9998359625672546,0.9999757463982266,0.9999669062411646,1.0,1.0
1,0.9855834492847811,0.9836119955618765,0.9836119955618765,0.9757836670860046,0.9817152522968771,0.9826664412939078,1.0,1.0
1,0.7295117478825394,0.824660520677918,0.5406485035415853,0.6673576195806288,0.6940410386547973,0.6992347778953969,1.0,0.86
1,0.9919573767271636,0.9279547110642836,0.9279547110642836,0.9547912744530617,0.9697006632543154,0.9691151509439696,0.875,0.94
1,0.9976469000239497,0.44082848959620596,0.9970264902309153,0.9750661632829655,0.9950043657627285,0.9944773024838078,1.0,0.87
1,0.9999723815470625,0.9999999403956612,0.9999999403956612,0.9999621288716085,0.9999819851894813,0.9999873257716466,1.0,0.85
1,0.8621227131728415,0.4302047521117806,0.7439654540846254,0.780447704216399,0.836077478410661,0.8117523632836108,1.0,0.51
1,0.4257775317479967,0.6637485445823009,0.6637485445823009,0.42719101031668294,0.4054790322331524,0.4074766772065293,1.0,0.99
1,0.9753976916091754,0.9921799143196084,0.9921799143196084,0.9737574366641436,0.981423894105275,0.9823830646007405,1.0,1.0
1,0.9988075907665804,0.5078708345367419,0.9998620538777189,0.9990087644909128,0.9988626396829479,0.9989938738200663,0.6,0.83
1,0.9999999999999862,0.4302047521117806,0.9934106743983399,0.999511778812178,0.9999930600105241,0.9999289627075331,1.0,0.94
1,0.7725157005398923,0.5898628627596799,0.8251133389638897,0.6950173655028858,0.7478134065972044,0.7235731089040085,1.0,0.84
1,0.9605804269665925,0.598633491507134,0.9991770632778781,0.9405098394790038,0.9633132309170271,0.9629166683284026,0.8888888888888888,0.92
1,0.9443638061648015,0.045827479997838594,0.9084710048548558,0.9025343187553794,0.9433484277197723,0.9423482232903503,0.42857142857142855,0.3816666666666667
1,0.9995190613344238,0.49599129297015043,0.9990334770014957,0.9980426343784027,0.9987097606594597,0.9988038973467992,1.0,1.0
1,0.9970214043233845,0.9834332965340276,0.9834332965340276,0.9867362782009123,0.9898625951251491,0.9889497470625336,1.0,1.0
1,0.9994602750759553,0.9957097524368448,0.9972724454935585,0.9988551875101794,0.9995010645766658,0.9993951245236915,1.0,1.0
1,0.8307007984342575,0.6412028389767598,0.7520008440114612,0.8004412004682426,0.8299979350467112,0.8184547513292848,1.0,1.0
1,0.9995700379387722,0.44082848959620596,0.9993702094685707,0.997665974745899,0.9992210468815771,0.9992262989786517,1.0,0.96
1,0.8645731838174557,0.4955174973727988,0.849430419673397,0.7209327521153753,0.7877388516752514,0.7582788210431255,1.0,1.0
1,0.9122603380324721,0.4302047521117806,0.8610934096260471,0.8688334552803963,0.9024519804308527,0.8914577088872165,1.0,0.81
1,0.9611351236990212,0.8201508066045997,0.8201508066045997,0.9375490919656915,0.9473942747742204,0.9491350274391914,1.0,0.91
1,0.9880841248647035,0.9863125252218421,0.9863125252218421,0.9802281997228479,0.9850944133750972,0.9859254779881762,1.0,1.0
1,0.02862114736330841,0.03356480798230345,0.02401259095434042,0.052031858456104564,0.02311393957255525,0.025412885826239708,0.0,0.03
1,0.8955951254561267,0.5318992268482102,0.5318992268482102,0.8227890511541829,0.869157161488843,0.8648221735518126,1.0,0.96
1,0.9999999895583885,0.685581525247786,0.685581525247786,0.9909456556846641,0.9951482264947574,0.9969953905726329,1.0,0.9
1,0.9963061295286078,0.5108398554284175,0.9984836654128328,0.9929895934748252,0.9943200445636217,0.9937608375828588,1.0,1.0
1,0.9999943140121709,0.9962084638122508,0.9973859890332539,0.9999642630093979,0.9999845258626561,0.9999792036057819,1.0,0.92
1,0.8307007984342575,0.6412028389767598,0.7520008440114612,0.8004412004682426,0.8299979350467112,0.8184547513292848,1.0,1.0
1,0.6337189625587814,0.909542665560786,0.909542665560786,0.4215046226756236,0.5566943914909793,0.49851973793472093,1.0,0.95
1,0.8771477997106976,0.8901771254755434,0.8901771254755434,0.8509241987711382,0.8745204783408083,0.8728967478909306,1.0,0.98
1,0.9578036541229856,0.9976434001617112,0.9976434001617112,0.9626017142018737,0.9653624473040385,0.967351689526415,1.0,0.64
1,0.8819458017441815,0.7265420206398553,0.7265420206398553,0.7368505667239122,0.7476897940999953,0.7543598740785505,0.6,0.87
1,0.9996449289169395,0.4302047521117806,0.9990768798013735,0.9968726484718138,0.9991973873428209,0.9987867470905186,1.0,0.99
1,0.9976358795087092,0.44082848959620596,0.988213534847359,0.9948691724376942,0.9962965820273002,0.9960507937306955,0.8,0.95
1,0.878000571326515,0.44082848959620596,0.6321822554922086,0.7957243533930519,0.8523659345594531,0.8499547197391761,0.6,0.83
1,0.9961937918057295,0.5068810271658156,0.9982124876041293,0.991994252466064,0.9924208339326365,0.9919925923252157,1.0,0.6
1,0.9986618154143665,0.4344522857521304,0.4344522857521304,0.990412482732178,0.9934160627200339,0.9935985632724559,0.6,1.0
1,0.9793939283484192,0.9928543276668224,0.9928543276668224,0.8666824990208375,0.9745028593690915,0.9677443100519924,1.0,0.93
1,0.9894979496242108,0.991054595513327,0.9725374268381631,0.9804467936946716,0.9885501280759399,0.986195472809841,1.0,1.0
1,0.8526097492647737,0.47416472334113285,0.8588151697029833,0.8407662163749549,0.8487149851520013,0.8414680451041505,1.0,0.68
1,0.7087931149727629,0.5698902134114079,0.5698902134114079,0.6507785674959625,0.7174750335710877,0.702422164541369,0.75,0.88
1,0.9994649006685837,0.4950013504758755,0.9988459157897864,0.9977401836894764,0.9985190046331922,0.9986268585844738,1.0,1.0
1,0.999505975759513,0.9998342212272056,0.9998342212272056,0.9972887635288736,0.9974295253276483,0.9976253420999786,1.0,1.0
1,0.9438759222675865,0.48072837927476214,0.888589546196604,0.9147835574286153,0.9388012158257513,0.9308109562009982,1.0,1.0
1,0.9732068192014149,0.9913103032346156,0.9913103032346156,0.9712947945768781,0.9795873340987115,0.9805970911006948,1.0,0.99
1,0.9998750749400889,0.9992900917274431,0.9992900917274431,0.9974859158066389,0.999211161201023,0.9992189875343988,1.0,0.9
1,0.9993962209139213,0.9998026612420104,0.9998026612420104,0.9969542627412227,0.9971014328670568,0.9973329585093973,1.0,1.0
1,0.9140843981962541,0.5234529704971637,0.9634736938417882,0.8640546805441799,0.9054265051917094,0.9037323820046411,1.0,1.0
1,0.9531834919300295,0.7866115293264347,0.8949030694276437,0.8832171524678575,0.9212458582855196,0.9214111918080601,1.0,0.985
1,0.6574375404493894,0.8390323021216538,0.8390323021216538,0.6569651763668027,0.6471713935512963,0.6336678777722392,0.6,0.87
1,0.8921283830461525,0.5626027518328536,0.7986503389252281,0.8222930189389103,0.8628547730919686,0.8468461011875082,1.0,0.99
1,0.9639743967139075,0.8982775734967056,0.8982775734967056,0.9257442761965471,0.9486963926121821,0.9465806399980312,1.0,1.0
1,0.9639743967139075,0.8982775734967056,0.8982775734967056,0.9257442761965471,0.9486963926121821,0.9465806399980312,1.0,1.0
1,0.9858871293468412,0.9828019868689498,0.9828019868689498,0.9760011360580307,0.9819161620360237,0.982864197127882,1.0,1.0
1,0.9971396061953969,0.9999688336595242,0.9999688336595242,0.9975641042389946,0.9977914484121264,0.9980642576759541,1.0,0.96
1,0.8955760954388062,0.5318992268482102,0.5318992268482102,0.8227487515638845,0.8691322997840498,0.8647951334614136,1.0,0.96
1,0.9892364890335177,0.9075317228749045,0.9075317228749045,0.9552521690012485,0.9701115153555059,0.9709864371121262,1.0,1.0
1,0.9219015373873602,0.44082848959620596,0.2839196926641939,0.8982616627773352,0.8677072402910212,0.8977318142976511,1.0,0.69
1,0.941441609633161,0.4302047521117806,0.9898014041261006,0.9406083788159834,0.9473849576963023,0.945447946396395,1.0,0.7
1,0.9120164425088485,0.8708319735924083,0.8237662857734379,0.8568908690853438,0.8702891245305581,0.8720930539162645,1.0,0.99
1,0.9438908439992096,0.8540963804247323,0.8540963804247323,0.8715355070537235,0.8984179160985323,0.8989977199573059,1.0,1.0
1,0.9564508642137155,0.5430944057564255,0.9202096132267603,0.9516594039791834,0.9592588639010425,0.9586651436131488,1.0,0.96
1,0.9987758227947713,0.9122169388693466,0.9122169388693466,0.9904473332630603,0.9947072465340598,0.9947255815307903,1.0,1.0
1,0.9960713713421517,0.44082848959620596,0.5973696623683401,0.991697249073171,0.9921622071847194,0.9941663910966757,1.0,0.78
1,0.9977331162511885,0.480161257396529,0.9999523132430906,0.9848876769475476,0.9926682520952116,0.9907003230427867,1.0,0.96
1,0.9999993697453251,0.9865631263134049,0.9865631263134049,0.9999264392235284,0.9999665647811358,0.9999718489204097,1.0,0.95
1,0.999999999940824,0.9918149425172089,0.9918149425172089,0.9999937443600447,0.9999947352006993,0.9999969210771422,1.0,0.98
1,0.35704445630262527,0.26834746138646287,0.26834746138646287,0.37158976293051244,0.3348677051216621,0.3369481482537501,1.0,0.62
1,0.8381239252457828,0.9633592139399655,0.9633592139399655,0.8189356373717338,0.835539388405235,0.8297054409163935,1.0,0.7859999999999999
1,1.0,0.4302047521117806,0.7455821302379109,0.999996478005708,0.9999999982742487,0.9999997204426754,1.0,0.95
1,0.9680967788085109,0.9011214010654599,0.9670317146706127,0.9531498236567113,0.9639266280184199,0.9640283313737744,1.0,0.99
1,0.999959240999584,0.4302047521117806,0.9998615605621683,0.9998775292782546,0.9999532639301417,0.9999318796569489,1.0,0.94
1,0.9929864548485017,0.26923041491382527,0.381333357864374,0.9613325976202527,0.9884930484635047,0.9794392031247775,0.8333333333333334,0.71
1,0.9999370760472133,0.9999826738538475,0.9999637433938338,0.9998659629473503,0.9999368599657619,0.9999281222542724,1.0,1.0
1,0.9999999993593687,0.9999999999995772,0.9999999999995772,0.9999999957194452,0.9999999994397781,0.9999999997232638,1.0,0.73
1,0.9999004434859748,0.9855366028292498,0.9855366028292498,0.999124831241977,0.9996020534030873,0.9996335848438979,0.5,0.98
1,0.02319661075917421,0.044582475175515744,0.01609075964983927,0.06515276945682523,0.028994638081601,0.030804687417869042,0.5,0.434
1,0.3341879714417903,0.4302047521117806,0.3956975142532777,0.3464543212945108,0.35342852459982793,0.3455533130889499,0.0,0.12
1,1.0,0.4302047521117806,0.9519192453375781,0.9999668822351606,0.9999991410806247,0.9999924136996978,0.375,0.86
1,0.8840576042644592,0.855602581081557,0.855602581081557,0.7719949148247731,0.8303450906839304,0.8198247878464534,1.0,0.97
1,0.7616467717653567,0.7411592180016912,0.7411592180016912,0.6479427672198071,0.7710986255689929,0.7555327060984403,1.0,0.92
1,0.9947545212241315,0.8263717355404727,0.9575059482732422,0.9839830873777275,0.9906448368551138,0.9900732626017099,1.0,1.0
1,0.8275814970676127,0.5283725311196137,0.6640078563780163,0.7185924330156297,0.784902495212284,0.7613084770957589,1.0,0.99
1,1.0,0.4302047521117806,0.9876937224848757,0.9999993647751585,0.9999999993802551,0.9999999497061954,1.0,0.98
1,0.8994733771142889,0.6547043672503358,0.961991609621664,0.8768221708068406,0.8824591110716367,0.8760607870775303,1.0,0.97
1,0.9032388565272662,0.47028566111041636,0.8395282597584857,0.8573264395962121,0.8823968834406939,0.8764470882323913,1.0,0.95
1,0.9017377629460179,0.47028566111041636,0.8383392312960558,0.8556534009715585,0.880847108688016,0.8748741992648846,1.0,0.95
1,0.7827560877016472,0.44082848959620596,0.7369502284895615,0.8002329459533044,0.7758918705876833,0.7737160733130238,0.6666666666666666,0.5875
1,0.9999999013004619,0.996626367941928,0.996626367941928,0.9999529089609626,0.9999843579931004,0.9999880785374582,1.0,1.0
1,1.0,0.9383109640763174,0.9383109640763174,0.9999972782883927,0.9999989043113392,0.9999999591019205,1.0,0.99
1,0.9032396575153366,0.47028566111041636,0.8395282597584857,0.8572798810471594,0.8823664825521773,0.8764174139525458,1.0,0.95
1,0.9517757126129462,0.8015827260469852,0.8015827260469852,0.8769325338883629,0.9164176857585525,0.9110226252984961,1.0,1.0
1,0.999459302939546,0.9940500186998839,0.996765333147161,0.997891075688103,0.9992940854120128,0.9990392081869381,1.0,1.0
1,0.5666154130437309,0.991274432938224,0.852316204824076,0.5817867322962712,0.5780924712412975,0.5810957600577764,0.0,0.46
1,0.5191578669112594,0.2928121172920032,0.2928121172920032,0.6093948320780549,0.543593463592249,0.5573402608916066,1.0,0.56
1,0.9027003241753581,0.9591390214152852,0.7833363243889244,0.8586941068489051,0.890814121498032,0.8862380768808088,0.8,1.0
1,0.7847084167305943,0.9496644166600182,0.9466605391880407,0.7752310625988775,0.8162091436616251,0.7976151935376106,1.0,0.96
1,0.9208199911059897,0.8782173838930295,0.9079827747552998,0.8969685895701082,0.9148461397533926,0.9133316072233202,1.0,0.99
1,0.9873377766027055,0.4302047521117806,0.9308782858361963,0.936414487467335,0.9731430808435066,0.9598930714543578,1.0,1.0
1,0.9437541128102253,0.44082848959620596,0.2482557938971257,0.8786571999565151,0.9178446175964277,0.9139625324923136,1.0,0.96
1,0.998149269285956,0.469299251862789,0.999821965790021,0.9913269614776968,0.9960903529852322,0.9952868185423734,1.0,0.97
1,0.4124312455881083,0.4302047521117806,0.48591857650612585,0.4518061509404913,0.42299027823036267,0.4259522893257015,0.3333333333333333,0.61
1,0.8625730027597429,0.44082848959620596,0.7960583288852697,0.8556619310839425,0.8527254410726407,0.8479274281360804,1.0,0.87
1,0.9866646199947973,0.9928604922719427,0.9675032815799133,0.9622155680104659,0.9807628510511304,0.9799026567694804,1.0,0.9
1,0.8842267246093314,0.8530136953307317,0.8530136953307317,0.8133254238014413,0.8371963590763989,0.8387761562646159,1.0,1.0
1,0.8724825645667366,0.6692293684233793,0.9049947812757074,0.7861927865402673,0.8502959227190773,0.8455570564581565,1.0,0.92
1,0.9999988586073969,0.9967840527577275,0.9967840527577275,0.9998910947424747,0.999964537650031,0.9999702327088748,1.0,1.0
1,0.9867605751408958,0.49401144717282425,0.9807447768007871,0.9817511307679742,0.9847852862893268,0.9850672093261236,1.0,0.81
1,0.8912202008842317,0.8789402580107708,0.9450818293290535,0.8408491418720961,0.8698164096134677,0.8567603114841661,1.0,1.0
1,0.9897183170982035,0.5649242033559669,0.9541669374643916,0.9953657216186165,0.9907444855703329,0.9919512096545746,0.8333333333333334,0.93
1,0.904315105715867,0.44082848959620596,0.7271056540545558,0.6657116963264803,0.7647815128282565,0.7735873367889254,1.0,0.59
1,0.9999994582605524,0.9462470494111963,0.9931836178248188,0.9994286814452675,0.9999550321376708,0.9998586850752664,1.0,0.97
1,0.1900379233781599,0.44082848959620596,0.25577210582533744,0.25539317555522656,0.208144134868223,0.20747550461061298,0.4,0.325
1,0.3639361150678863,0.4302047521117806,0.46988985457722277,0.35152582614223143,0.36706881866138225,0.3543230506160749,0.0,0.58
1,0.9991969799463185,0.4989612779917642,0.9992037873309907,0.9992738157572003,0.9992694469853715,0.999311284744096,1.0,1.0
1,0.7637008032807145,0.4302047521117806,0.8425052452928415,0.7543139921542414,0.7652925526737866,0.7621100953315649,1.0,1.0
1,0.9999426760563765,0.9999999965205064,0.9999987164059925,0.999926325086763,0.9999448420759511,0.9999561819559476,1.0,0.89
1,0.989105123476688,0.6246209112711025,0.6246209112711025,0.9506281853421118,0.9517803478098718,0.954177047100305,1.0,0.85
1,0.8212695925446701,0.44082848959620596,0.8075681184793891,0.7849994520433053,0.8056778698755573,0.8024304819317643,1.0,0.99
1,0.9054812633138632,0.9186539605700652,0.9186539605700652,0.8311899641261387,0.8573356768486248,0.8597398640167293,1.0,0.95
1,0.8308040894325752,0.5512424677293893,0.8246907087296406,0.7915643840381292,0.8045109783007088,0.7988241446878289,1.0,0.92
1,0.9049298587508716,0.44082848959620596,0.9367470661450399,0.9661203899416684,0.9475832783372539,0.9463262224008379,1.0,0.94
1,1.0,0.9490352547593708,0.9950339123515225,0.9999999999999938,1.0,1.0,1.0,1.0
1,0.9923433604168155,0.8451128375831052,0.98952138962139,0.973655757683377,0.9859870646276693,0.9812586312550133,1.0,1.0
1,0.9999999999997038,0.9331871717404463,0.9999999999999998,0.9999999999990945,0.9999999999998512,0.9999999999998819,1.0,1.0
1,0.8041818416845706,0.2928121172920032,0.2928121172920032,0.7363675380602664,0.7834246525129268,0.7829244123362393,0.5,0.4933333333333333
1,0.9999999677326031,0.4302047521117806,0.9999997861416452,0.9999982109516729,0.9999998236698127,0.9999994848591918,1.0,1.0
1,0.8171992367723103,0.9397613611576141,0.93316774152091,0.7577595863352904,0.8262796062996842,0.8245569366658453,1.0,0.65
1,0.9999991140781913,0.996344025848105,0.996344025848105,0.9999094210377367,0.9999712361886817,0.9999759133598322,1.0,1.0
1,0.9977013728964432,0.4302047521117806,0.9945877798845032,0.9938127175892881,0.9963628832342534,0.995343952653532,1.0,0.94
1,0.999957000033372,0.999978663049732,0.9999734219593363,0.9998937211286015,0.9999547022432176,0.999948537346715,1.0,0.99
1,0.8955760954388062,0.5318992268482102,0.5318992268482102,0.8227487515638845,0.8691322997840498,0.8647951334614136,1.0,0.96
1,0.9999883988096907,0.5201706740112744,0.9995353935163901,0.9998350432850801,0.9999696440061018,0.9999430396416009,1.0,1.0
1,0.9994332314681481,0.4950013504758755,0.9837747637886659,0.9987621538696408,0.9993210979300698,0.9993030042717858,1.0,0.99
1,0.9999996802730636,0.9400965639140183,0.9400965639140183,0.9982852226653013,0.9982858949273452,0.9987637829920081,1.0,0.96
1,0.9998422386355225,0.7821469923063659,0.9965775738027517,0.998339627017791,0.9996776583914344,0.99931184641208,1.0,0.99
1,0.9706555905573233,0.6166503090449886,0.9648718371722705,0.8958760696458485,0.924338812663575,0.9027345014923523,1.0,1.0
1,0.9968150328973134,0.5070268977037355,0.9982380744284696,0.9924491725779577,0.9955889775895393,0.9944538224394939,1.0,0.91
1,0.9999983456263499,0.9987212644827104,0.9999351263440438,0.999972932470409,0.9999945523182099,0.9999910607168839,1.0,1.0
1,0.830007358679175,0.4302047521117806,0.7243121437632575,0.7364521955037082,0.7916790339848468,0.7697811313579176,1.0,0.95
1,0.9833753624804923,0.4302047521117806,0.9970862382680507,0.9787887360328344,0.9860850666179756,0.9852965891474622,0.6,0.9
1,0.9625429658611204,0.44082848959620596,0.9928797818561403,0.9485606396994828,0.9649617358022634,0.9652836400713148,1.0,0.98
1,0.9835365004642114,0.4302047521117806,0.9971186507555618,0.9789981940900042,0.9862295134872291,0.9854451712291797,0.6,0.9
1,0.8843775693714456,0.9050756254981995,0.8496506935425198,0.8531702342882703,0.8845958030634407,0.8776825519985865,1.0,0.96
1,0.978569577803696,0.8952888233940154,0.984258808897494,0.970964490775768,0.9775095932564263,0.9780646738975926,1.0,0.98
1,0.6160419438756143,0.4673271604743457,0.4931034932506309,0.4828197665253727,0.5054272979213825,0.5209252505778702,1.0,0.73
1,0.8943487868527622,0.47888554314950493,0.47888554314950493,0.6984307955176238,0.7820300718631981,0.7734163071660801,0.6,0.63
1,0.9702646624290382,0.6150943345605239,0.9642830813620702,0.8950363806911744,0.9236920257208172,0.901991518421779,1.0,1.0
1,0.9999995177491362,0.44082848959620596,0.9998587476458511,0.9999653444499217,0.9999851230245379,0.9999874460084369,1.0,0.98
1,0.9985815065378835,0.9771792660930769,0.9771792660930769,0.9957696784483252,0.9966645670264707,0.9967624723606585,1.0,0.98
1,0.9234340126252375,0.5283725311196137,0.9509489722719033,0.9128451075043491,0.9239451553080245,0.9196803665677654,1.0,0.99
1,0.982296375693811,0.4860945623609781,0.9843299128707252,0.9612269557090114,0.9705346801127143,0.9697517934255334,1.0,0.93
1,4.461359112450254e-14,0.3478411609956711,0.3478411609956711,0.1820252583746953,0.3989033972784,0.06347295975841927,0.8,0.71
1,0.9999998600459983,0.44082848959620596,0.9999919987284881,0.9999555085361517,0.9999812738185155,0.9999867194553965,1.0,0.99
1,0.9627084480268858,0.4890627900398096,0.9605124853437316,0.9263940433756914,0.9393840709889801,0.9381424279920403,1.0,0.92
1,0.7488172988866736,0.44082848959620596,0.7522492771462249,0.7299520501955594,0.7190106016417596,0.7182960483199267,1.0,0.66
1,0.6555218124340775,0.4302047521117806,0.6931564097649109,0.6292543152641435,0.6553513046410908,0.6354597433849375,1.0,0.92
1,0.9996631551254147,0.49599129297015043,0.9850189537655943,0.9992298577936359,0.9995841547411006,0.9995752897831104,1.0,1.0
1,0.9996884514764739,0.4633860998369344,0.9999989883307253,0.9970033695876881,0.9987394963305753,0.9982753151322312,1.0,0.94
1,0.6834525382843893,0.5218120576938248,0.7426927657265815,0.6551799926811955,0.6763873478069661,0.6585092543874006,0.6666666666666666,0.95
1,0.9933071825337649,0.9562387501260187,0.9524774362000279,0.9793759753906174,0.9899391529242487,0.9868183779875983,1.0,0.99
1,0.5276266670940595,0.3384708368164365,0.3384708368164365,0.5557849954593241,0.5534173630669567,0.552285932552873,1.0,0.97
1,0.904150833902116,0.9717868587468764,0.9717868587468764,0.8785294968375192,0.8988214812819133,0.8946615628590135,1.0,0.91
1,0.9999411928466729,0.6777417420113945,0.6777417420113945,0.9801987326485426,0.997354849271388,0.9973310002938984,1.0,0.87
1,0.4187161926235692,0.3478411609956711,0.3478411609956711,0.43613445133033957,0.4015795754911536,0.4059519729755481,0.8,0.73
1,0.7990963014855138,0.44082848959620596,0.4503704004695322,0.6464286560299045,0.7491957020969415,0.7373846126780891,1.0,0.64
1,0.7990963014855138,0.44082848959620596,0.4503704004695322,0.6464286560299045,0.7491957020969415,0.7373846126780891,1.0,0.64
1,0.9999957254347874,0.9960837278260504,0.9960837278260504,0.9997549018026335,0.9999220451885538,0.9999315480472867,1.0,1.0
1,0.9892213591775636,0.9993467515502205,0.9993467515502205,0.910483111583769,0.9892599200343054,0.9851960003059936,1.0,0.88
1,0.999999519687077,0.9990066109181971,0.9990066109181971,0.9999267585203363,0.9999178920994662,0.9999572282712905,1.0,1.0
1,0.9999992103590951,0.9998226935167762,0.9998226935167762,0.999825730007968,0.9998092158976875,0.9998312057043143,1.0,0.97
1,0.999995575798492,0.5218120576938248,0.9998265991850953,0.9999214744660354,0.9999877433655957,0.9999754251070871,1.0,1.0
1,0.5905475100901431,0.2928121172920032,0.2928121172920032,0.5906096209589301,0.5806749438447999,0.5831032087703021,0.0,0.27
1,0.6797328510800414,0.5201706740112744,0.7401932919292058,0.650982487996691,0.6724016203560466,0.654439232382171,0.6666666666666666,0.93
1,0.8796131635386194,0.9747804247446199,0.9747804247446199,0.6176424549991735,0.8803146650372834,0.8523600764495896,0.6,0.62
1,0.999998912160949,0.9984528576920874,0.9984528576920874,0.9999057069720618,0.9999708122471301,0.9999753799158176,1.0,1.0
1,0.7330424027513485,0.44082848959620596,0.5204271253660863,0.528269087186357,0.6356106198668933,0.6351490629761681,1.0,0.86
1,0.9997444069557423,0.6324061278987188,0.6324061278987188,0.9937584094026585,0.9976124237805578,0.9975728608552602,1.0,0.87
1,1.0,0.9995574432581097,0.9991786618149366,0.9999999958663894,0.9999999989587769,0.9999999999644213,1.0,0.88
1,0.5380938240190981,0.49401144717282425,0.31592554187588173,0.5300821589226552,0.5248230896467059,0.5200390693204598,1.0,0.85
1,0.9943332164449706,0.5250933771479371,0.9410049952177927,0.9444537557028524,0.9769976999057481,0.9623159076831954,1.0,0.93
1,0.9855315583876155,0.9496644166600182,0.9308627349127179,0.9724521320243994,0.979237372846622,0.9792837788097357,1.0,1.0
1,0.9934160593656898,0.9591390214152852,0.9510158993513704,0.9794799138565611,0.9900443854719184,0.9869468249209462,1.0,0.99
1,0.9951744236932485,0.9618547452323539,0.964391787492445,0.9849564844502554,0.9928278246553927,0.9905147972140907,1.0,1.0
1,0.9977338675932544,0.44082848959620596,0.9998711396614873,0.9959420057564827,0.9967503303337822,0.9966135981041104,1.0,0.9
1,0.999994665768869,0.9984953203285226,0.9999015433250625,0.9999468587318805,0.9999869827116357,0.999980382462614,1.0,1.0
1,0.11449719943376627,0.2928121172920032,0.2928121172920032,0.16050173077978735,0.15302128618521563,0.14541041395418025,0.0,0.39
1,0.9999875029022328,0.4302047521117806,0.8369094421714428,0.9979153373887933,0.999947569157165,0.9996726310388003,1.0,0.92
1,0.9936658208917043,0.2928121172920032,0.2928121172920032,0.9807240734084242,0.9847615832489205,0.9843954788825742,1.0,0.97
1,0.9999875029022328,0.4302047521117806,0.8369094421714428,0.9979153373887933,0.999947569157165,0.9996726310388003,1.0,0.92
1,0.12102191938573326,0.47908675268814743,0.2951019657043424,0.11101298350666196,0.11977263926395341,0.1178573282126108,0.0,0.37
1,0.9976761664574321,0.9839043766444621,0.9900462813244681,0.9956185867104953,0.9970410108837888,0.9973319864383909,1.0,1.0
1,0.9249824287591522,0.44082848959620596,0.24868273970202978,0.790832317970264,0.8169657171880715,0.8254232181139092,1.0,0.69
1,0.9999756283439475,0.9988754042806464,0.9998330913755316,0.9998819126745343,0.9999490255471121,0.9999510795658899,1.0,1.0
1,0.5298699668061267,0.3376251042912854,0.3376251042912854,0.5567492690708485,0.5545458454704782,0.553535629442015,1.0,0.95
1,0.9997707895557674,0.9243367535200784,0.9243367535200784,0.9985157240533954,0.9991696758391909,0.9992751590149342,1.0,0.87
1,0.9999343160615136,0.9882149088719023,0.9882149088719023,0.9996318971379937,0.9997438307121603,0.99977669908738,1.0,0.99
1,0.5298699668061267,0.3376251042912854,0.3376251042912854,0.5567492690708485,0.5545458454704782,0.553535629442015,1.0,0.95
1,0.5925232630366389,0.2928121172920032,0.2928121172920032,0.5377772464786336,0.5369979838787245,0.5388568759607265,1.0,0.99
1,0.7209045640970746,0.45748322687459914,0.4373284194332786,0.4681310783689427,0.4865457867535585,0.4847892674430374,0.0,0.37
1,0.30482600226173884,0.4302047521117806,0.16837951719236044,0.3143239945687524,0.34340255880725373,0.3473264372462496,1.0,0.63
1,0.9532728728977673,0.4302047521117806,0.9767446810437368,0.8362920043627075,0.9356944244921496,0.9117078487557942,0.0,0.31
1,0.3948138922235648,0.4525731979256557,0.29754973620098085,0.3841352426252893,0.3858211619676188,0.3805540693440123,0.6666666666666666,0.79
1,0.9927175784080964,0.9536254991188071,0.9536254991188071,0.9752568770317307,0.9790219555194618,0.9778747135827952,1.0,1.0
1,0.9884882331219569,0.2928121172920032,0.2928121172920032,0.9510088755476853,0.9488874726505312,0.9483743523636712,1.0,0.92
1,0.9997288643991133,0.9982886442675059,0.9982886442675059,0.9990125575238652,0.9992746151205484,0.9993763369164123,1.0,0.96
1,0.9999996521134973,0.4659729548120181,0.5524336610971584,0.7496505546390994,0.9235026427201999,0.8341846586135069,0.0,0.31
1,0.9381047359281094,0.44082848959620596,0.7551387373264432,0.8511735523103443,0.9027298001805452,0.8934000052342292,1.0,0.73
1,0.973710202369311,0.9942481777094003,0.9826964816434296,0.9667388233013398,0.9718657938231016,0.9733025212039562,1.0,1.0
1,0.9913878990294258,0.9957529650883584,0.9679695102563818,0.9800030826366315,0.9884692981633492,0.9863838445598235,1.0,0.99
1,0.9728040635284814,0.8739097222404583,0.8739097222404583,0.8918588561709397,0.9420681794529312,0.9305651172443327,1.0,0.84
1,0.9903534058567638,0.9300633815738281,0.9300633815738281,0.9659173299380853,0.9786391547222134,0.9789806585698666,1.0,0.775
1,0.9548098581678387,0.9964377829041132,0.9964377829041132,0.9347880743197495,0.955357953383128,0.9521712925115663,1.0,0.89
1,0.3507325190491173,0.5187529386888913,0.5232177988000958,0.36598107533036545,0.3630632254247057,0.35460534553817946,1.0,0.43
1,0.9909339284237214,0.7453582847403627,0.7453582847403627,0.9671721840484796,0.9818478998867384,0.9808598803985143,1.0,0.82
1,0.9999976987183837,0.5201706740112744,0.9999156961158445,0.9999505037925039,0.9999932363007581,0.9999856431653481,1.0,0.99
1,0.9436807512466583,0.5118293694787254,0.9335006923820487,0.9201143273725505,0.9232968924985686,0.9269389724329569,1.0,0.99
1,0.995062198595982,0.5674521248462235,0.9827575253060377,0.9813944066157924,0.9898283028672076,0.9867584313991806,1.0,0.99
1,0.9681393548244416,0.8996622431476216,0.8996622431476216,0.9490100775513065,0.9585889512845521,0.9580165838704804,1.0,1.0
1,0.9999994487392824,0.9999971542884921,0.9999999868935181,0.9999964323297501,0.9999993582293376,0.9999993953183112,0.6666666666666666,0.92
1,0.9999218688247075,0.7695680280615831,0.9642127109191333,0.9971032597300329,0.9997060113449847,0.9991599754433732,1.0,1.0
1,0.9975423361492112,0.44082848959620596,0.9557335942281642,0.9896930818093035,0.9961760914817234,0.9959867758563261,1.0,0.93
1,0.9667163808765175,0.4302047521117806,0.959281860556568,0.9424423901692229,0.9663720991803839,0.9619883985185518,1.0,0.89
1,0.9532093779898947,0.4302047521117806,0.9770666300429377,0.9246421639461513,0.9420765057179824,0.9370163450290219,1.0,0.85
1,0.973789067760854,0.44082848959620596,0.9664966720544443,0.9105947039220827,0.9663563399053118,0.9632503926321921,1.0,0.87
1,0.9753472512651058,0.5039113124163279,0.995643729738536,0.9633164602074714,0.9699385967506811,0.967421350237376,1.0,0.75
1,0.9849967486305262,0.4302047521117806,0.9903612275168859,0.9692680413227576,0.9825494929355785,0.9781082877403791,1.0,0.98
1,0.9995752919032417,0.9999995450838886,0.9994128071142998,0.9993803720257063,0.9996434719091575,0.9996144149535358,1.0,1.0
1,0.9514289396465241,0.5088605802065981,0.935873925701327,0.9247316290041832,0.9279306652079669,0.9316725523098096,1.0,1.0
1,0.9994117449118904,0.999998976675281,0.9998733390258541,0.9991034149435666,0.9993218959252974,0.9993836896970287,1.0,0.98
1,0.9994117449118904,0.999998976675281,0.9998733390258541,0.9991034149435666,0.9993218959252974,0.9993836896970287,1.0,0.98
1,0.9995157296119824,0.9999957814881894,0.9999957814881894,0.9990330688603009,0.9993956405885515,0.9994816689418496,1.0,1.0
1,0.4652551022590885,0.44082848959620596,0.554362527748754,0.3895070510885613,0.4651134356076342,0.45664568399015176,0.16666666666666666,0.74
1,0.9999998907784392,0.9864100558699985,0.9998210891612586,0.9998445807947872,0.9999876716602251,0.9999564647096966,1.0,1.0
1,0.9998173803179442,0.9999841141521133,0.9999841141521133,0.997414366145238,0.9994270479049137,0.9993005183280094,1.0,0.93
1,0.999999519687077,0.9990066109181971,0.9990066109181971,0.9999267585203363,0.9999178920994662,0.9999572282712905,1.0,1.0
1,0.9972120258243734,0.4302047521117806,0.7965550866305966,0.9900071291506521,0.9964876892120872,0.9955434119744566,1.0,0.99
1,0.8739246297023344,0.8827584333194078,0.8827584333194078,0.6641089849550756,0.6990554734604826,0.6730434332565579,1.0,0.87
1,0.9999974841504492,0.9779221432483797,0.9997031092449516,0.9999889549558915,0.9999971408027952,0.9999960444055118,1.0,0.94
1,0.9896885262051188,0.991054595513327,0.9729979128786673,0.9807807976824826,0.98876371260714,0.9864461418868231,1.0,1.0
1,0.994048173995095,0.6922542125181347,0.6922542125181347,0.9626121973748644,0.9836266728156506,0.9830889975666589,1.0,0.99
1,0.40883770493425836,0.44082848959620596,0.3985131464858594,0.3904209201555267,0.3950438883426437,0.3914137569637655,0.4,0.27
1,0.9998842873444995,0.6323941967096545,0.9492835311348685,0.9989316861441323,0.9998108514371921,0.9997319579839007,1.0,1.0
1,0.9760543880257316,0.951065804106232,0.951065804106232,0.9590918794232273,0.9579613183278016,0.9604836948781031,1.0,0.95
1,0.9041832510507818,0.5532102981500039,0.5830799252048449,0.8605920160564979,0.8616656891819893,0.8603248949575546,1.0,0.98
1,0.9622839969108533,0.49149291102731724,0.49149291102731724,0.9306100352751102,0.9228752448865074,0.9381210749727948,1.0,0.99
1,0.9999584660098142,0.9743817126431249,0.9865344400242125,0.9995961830356332,0.99992144590966,0.9999006136412036,1.0,0.99
1,0.9999996257569663,0.993355484044247,0.993355484044247,0.9998961503992091,0.9998948084485216,0.9999395934161102,1.0,1.0
1,0.008042680874091072,0.47028566111041636,0.5367834230580483,0.01493702158780008,0.020888363419544684,0.014021876316103283,1.0,0.56
1,0.9826764774336275,0.9942942285485006,0.9942942285485006,0.9272453759633893,0.9691145575010753,0.966224694510632,0.6,0.75
1,0.9819142897827378,0.9889450365676589,0.9673432431310466,0.9733747166703911,0.9772022330912513,0.9777849720384306,1.0,1.0
1,0.8431809531700049,0.5376956792387173,0.5376956792387173,0.5632256378440488,0.6386514168372628,0.6306519882491677,1.0,0.85
1,0.9999732974030554,0.9802198197698176,0.9894811760869509,0.9996907606665365,0.9999394994675057,0.9999245352352525,1.0,0.99
1,0.9991534820113616,0.8327975251230432,0.9284036110806074,0.9934070583624427,0.9982464153159237,0.9971420045739853,1.0,0.92
1,0.6420687738195632,0.6238932479750725,0.6238932479750725,0.4149859995138373,0.48327198987577286,0.4645495524115931,0.8,0.59
1,0.9997947790106317,0.44325166248162123,0.44325166248162123,0.9975210139276397,0.998511358947969,0.9985897644796626,0.6,1.0
1,0.9920621066740739,0.9992257109017288,0.9958382081772266,0.9875917385585636,0.9910267379231659,0.9915556587550552,1.0,0.97
1,0.735372552283516,0.7568506047331616,0.7568506047331616,0.45954235351454137,0.5235800187500214,0.5049959418286412,1.0,0.68
1,0.9508275102741904,0.4302047521117806,0.9578599974990818,0.8855488340812037,0.9102145870705174,0.8908207065599761,0.3333333333333333,0.79
1,0.5126925978139482,0.4725251145399986,0.6214725844342873,0.43544363004498643,0.4827118829342235,0.47389189972798335,0.8571428571428571,0.65
1,1.0,0.44082848959620596,0.9894885388766055,0.9999999999999771,1.0,1.0,0.6666666666666666,0.89
1,0.7996257392832594,0.28068893420660246,0.28068893420660246,0.5538481480368697,0.6006347971800584,0.5984642501880791,0.6,0.58
1,0.9604370065414546,0.9677184696856674,0.9745109590205325,0.9144249653111711,0.9441339926366568,0.9447981319703481,1.0,0.9
1,0.9645992980047063,0.4302047521117806,0.9749363162558086,0.9505494715646317,0.9641811551950832,0.9644625202783499,1.0,0.96
1,0.9802496327342544,0.44082848959620596,0.9889852169224597,0.9683708502853954,0.9732988272928176,0.9731226476080491,1.0,0.81
1,0.6732090218544275,0.4302047521117806,0.6067049144752124,0.6243584745552504,0.6684005039197147,0.6665515654303326,1.0,0.65
1,0.9993365844224055,0.4302047521117806,0.9958509946258379,0.9990197397915823,0.9992664843250181,0.9992074006364365,1.0,0.7
1,0.9572783161997478,0.964021734117967,0.964021734117967,0.9367378353671044,0.9542903213230511,0.9538506300903293,1.0,0.98
1,0.9707189447471477,0.4302047521117806,0.987068683937244,0.9538333222553581,0.9686878319845141,0.9652802016384632,1.0,0.99
1,0.9512306101395643,0.9439445149694338,0.952831609102778,0.9491477915131301,0.9556136582894833,0.9550303170877787,1.0,0.99
1,0.9999998668007233,0.9987609130841946,0.9999153975374153,0.9999408295325574,0.999994402390834,0.9999846971757498,1.0,1.0
1,0.9961884206611802,0.980185587582456,0.980185587582456,0.9843678272560465,0.9878567014271569,0.9868487200415724,1.0,1.0
1,0.1838201945969774,0.6569321717935768,0.6569321717935768,0.1757475038965589,0.23402937478181884,0.19877303315729217,1.0,0.7
1,0.9998954163224815,0.6323941967096545,0.9489949263238537,0.9990229836739809,0.9998255903701082,0.9997529113334405,1.0,1.0
1,0.9496474322510928,0.5103144634962817,0.8906264953943924,0.9152918721699271,0.9438704178005012,0.9381092815075999,1.0,0.93
1,0.8372358137595111,0.9447770213215231,0.9447770213215231,0.7760088547761984,0.8308328460551706,0.8210198935738864,1.0,0.91
1,0.9924154168004167,0.995725887785234,0.995725887785234,0.9746345030613421,0.9878007906335017,0.9875025236236771,1.0,0.98
1,0.9384362716359674,0.44082848959620596,0.9407152543007611,0.9459258181048318,0.940020662941877,0.9429399542602555,0.8571428571428571,0.99
1,0.9805253900478039,0.44082848959620596,0.948919094947861,0.9692974002317876,0.9768776257835821,0.9764043802665789,1.0,0.72
1,9.974718250429942e-11,0.34282908604355605,0.34282908604355605,0.5602827633866263,0.6382895286301785,0.6329549913509102,1.0,0.7683333333333333
1,0.9999760483418537,0.997567897985793,0.997567897985793,0.9991804596382906,0.9996624151682508,0.9997106584963381,1.0,1.0
1,0.9999774379381954,0.9976825748073654,0.9976825748073654,0.9992080947256925,0.9996753595869191,0.9997213972010977,1.0,1.0
1,0.9898397137306065,0.8010404439813746,0.8010404439813746,0.976388370163228,0.9741836399803128,0.9749760264066875,1.0,0.99
1,0.8617338591473895,0.44082848959620596,0.7331643285436408,0.6240960275767945,0.7646952779477963,0.7472373395872998,1.0,0.95
1,0.8962160539028771,0.5960323506690641,0.9890766874981287,0.8539067281615463,0.87345222369652,0.8678916185065328,1.0,0.94
1,0.962411447321568,0.7084607772800169,0.7493558534651115,0.9229952973537882,0.9604208918680529,0.9555592522517888,1.0,1.0
1,0.9176080031595821,0.4673271604743457,0.8417020263214864,0.8757956955127554,0.8977045686210066,0.8945060842896774,1.0,0.85
1,0.9982987479119086,0.4989612779917642,0.9975987412136419,0.9928453416112016,0.996622917141478,0.9963157787930216,1.0,1.0
1,0.843934399654058,0.5564875655598419,0.5564875655598419,0.8413598011627365,0.8300731995882741,0.8321062006771143,0.2857142857142857,0.71
1,0.9878555252878497,0.8916923298419045,0.9747081554237381,0.9639713605473677,0.9794412797858023,0.9740890875775102,1.0,0.95
1,0.5699711356639354,0.44082848959620596,0.8789008303182294,0.5715144010805001,0.5474804256733995,0.5464220937776415,1.0,0.99
1,0.8823594877456842,0.5177642360722703,0.7776983243468216,0.8084803848786035,0.852103853351788,0.8524080966033213,1.0,0.95
1,0.9999999380672547,0.9865654444855202,0.9865654444855202,0.9986804147861427,0.999982453954161,0.9999785781439833,1.0,0.97
1,0.051167318841451086,0.2928121172920032,0.2928121172920032,0.059286981382334236,0.048522992567572934,0.0447893741134624,0.0,0.25
1,0.9393337170355257,0.4880732847663769,0.6565379394435948,0.8370680107423306,0.9066610721768213,0.9008699923479875,1.0,0.93
1,0.9999131531351011,0.5218120576938248,0.9968383661615665,0.9987805484132475,0.9998047186419011,0.9995117800926735,1.0,1.0
1,0.9386481518419252,0.9695385657182483,0.9695385657182483,0.8656891956239001,0.8825814663926869,0.883146682293397,1.0,0.97
1,0.22964608395173294,0.4302047521117806,0.437833323707681,0.27573066202637353,0.24547456981596055,0.25206340922668863,0.6666666666666666,0.86
1,0.7007849214370799,0.4302047521117806,0.9440327042138823,0.8361490763192825,0.7619270668812173,0.7863258130982278,1.0,0.82
1,0.22964608395173294,0.4302047521117806,0.437833323707681,0.27573066202637353,0.24547456981596055,0.25206340922668863,0.6666666666666666,0.86
1,0.8348139409639477,0.44082848959620596,0.24868273970202978,0.9115569451032968,0.8657885186484275,0.8781388820192498,0.5714285714285714,0.98
1,0.9467454674324124,0.2928121172920032,0.2928121172920032,0.9217863220878542,0.9420247611125718,0.9411786518557541,0.6,0.97
1,0.7007849214370799,0.4302047521117806,0.9440327042138823,0.8361490763192825,0.7619270668812173,0.7863258130982278,1.0,0.82
1,0.8420318937640107,0.9897900765350959,0.923319352468548,0.8135753157162405,0.8340039256526894,0.8390053257493525,1.0,0.92
1,0.9997505699618429,0.9999987204737295,0.9999987204737295,0.9997221589657349,0.9998300783623661,0.9998623072698886,1.0,0.88
1,0.9995341974827207,0.9998777787415969,0.9998322119550778,0.9994291075800491,0.9995243017034469,0.9995208198824614,1.0,0.97
1,0.9741795700193197,0.5136011373141145,0.8820401295312066,0.9429815873144304,0.962832896368741,0.9539870862487245,1.0,0.96
1,0.9975553849831043,0.3605670443225666,0.3605670443225666,0.9766842695142537,0.9818034660932405,0.9852297438958258,0.6,0.73
1,0.9932884779021215,0.9006076466770091,0.9006076466770091,0.7460579221948876,0.8661200184041306,0.8701796700246868,1.0,0.88
1,0.7692161705250511,0.31438020955788293,0.31438020955788293,0.6301959876401749,0.6513187589683836,0.6627451656360045,1.0,0.87
1,0.9244440343055965,0.4302047521117806,0.9299132422656168,0.9153838359563203,0.9325705533659447,0.9216478173959206,1.0,0.84
1,0.8722827420512598,0.8916740968553268,0.7999622921490379,0.7955925121507038,0.8324421386672062,0.8280804712088466,1.0,0.99
1,0.9730132987836185,0.9503610028128071,0.956517571199298,0.9624355347645026,0.9711310265800058,0.971425979278036,1.0,1.0
1,0.984348778787512,0.9585907260774282,0.9473663442946053,0.9745485620427188,0.98180999923815,0.9810088479208725,1.0,1.0
1,0.933133991574595,0.44082848959620596,0.73081861860811,0.7823007328297352,0.87941885907062,0.8713820027080524,1.0,0.97
1,0.8432910284691002,0.4725251145399986,0.9237411617509976,0.7914554035241519,0.8059213392389746,0.7932340393645589,1.0,0.93
1,0.8513272645616747,0.8927418408977591,0.9157924035281257,0.7894821217014606,0.8234908411127793,0.8076472410498339,1.0,0.94
1,0.9696614605372438,0.9172241925841176,0.9172241925841176,0.8942289790102554,0.9465540371409007,0.9417879659851455,1.0,0.95
1,0.2735084345330231,0.4302047521117806,0.2604642780405487,0.08399309299750833,0.18446117753404118,0.147083145755377,1.0,0.54
1,0.9997679475783381,0.9999477944309592,0.9996369345764196,0.9993503382194285,0.9995149266991693,0.9995372113223344,1.0,1.0
1,0.9999952542497645,0.9778089832514052,0.9996936085524317,0.9997677424331589,0.9999700437977267,0.9999405316527757,1.0,0.99
1,0.9976101652707292,0.9998972035233277,0.9975840100262074,0.996300049479762,0.9976534574482482,0.9973916249550011,1.0,0.97
1,0.999814236534882,0.44082848959620596,0.8664395928818335,0.9980775728159482,0.9987962693537665,0.9991514356684261,1.0,0.88
1,0.9999913242406638,0.907994852807895,0.9999993791534674,0.999802235946087,0.9999718810610331,0.9999575293713181,1.0,1.0
1,0.9999337968244358,0.9523229715268475,0.9923124270249339,0.9994359047617651,0.9998955204321354,0.9998703626695274,1.0,1.0
1,0.9977155881707074,0.5039113124163279,0.99978893130825,0.993689858662883,0.9946681021664596,0.9938195183449263,1.0,0.98
1,0.9999913242406638,0.907994852807895,0.9999993791534674,0.999802235946087,0.9999718810610331,0.9999575293713181,1.0,1.0
1,0.9999999257937275,0.9968144037275071,0.9998993805560048,0.9998612426086314,0.9999889935278932,0.999960358661703,1.0,1.0
1,0.9997615635102873,0.4344522857521304,0.4344522857521304,0.9971601768872808,0.9982920107707365,0.9983736381204793,0.6,1.0
1,0.3875069257690424,0.7274639917054566,0.6106893071760143,0.45634664363353156,0.4100607708144431,0.4188445747506533,0.0,0.17
1,0.9999915385411201,0.907994852807895,0.9999993791534674,0.9998050429046904,0.9999722268480409,0.9999581281319444,1.0,1.0
1,0.8417426202995045,0.885094677149585,0.885094677149585,0.7213239560758848,0.8160841203777214,0.8032789359085525,1.0,0.96
1,0.3269328799712843,0.4302047521117806,0.6346792212250161,0.30413840564681016,0.35742415744763895,0.367926585082203,0.8,0.97
1,0.9999863335689099,0.9317851314483143,0.9992921616413961,0.9993815760177565,0.999906291718342,0.9998134101917192,1.0,0.99
1,0.999855229921277,0.9222397793153679,0.9928682104155504,0.998714726018536,0.9996885754891681,0.9996707012736582,1.0,1.0
1,0.9998838474322038,0.9999984451346653,0.9999104489687136,0.9998329729853064,0.9998966469490452,0.999889180207077,1.0,0.92
1,0.9998783522125352,0.4302047521117806,0.9182068217730982,0.9994608471090242,0.9998591255861454,0.9998167810731993,0.6,0.96
1,0.9999999742509202,0.9100407170658626,0.9907237460149666,0.999917165785337,0.9999989968383693,0.9999923402009466,1.0,1.0
1,0.9616133306674148,0.9960348088566597,0.9960348088566597,0.940790927113464,0.9560868358834301,0.9591823130901537,1.0,1.0
1,0.9903064978298239,0.973972037201036,0.9633313187028424,0.9697119643761678,0.9850366854523048,0.9848996611519633,1.0,0.91
1,0.9860709023268437,0.7896134184204807,0.7896134184204807,0.9132875320846743,0.9150341796195313,0.9204276585907896,0.8,0.87
1,0.9999950615094667,0.4823704220715926,0.996224294707119,0.9995797196901262,0.9999713585901518,0.9999027333301953,0.8,0.96
1,0.9997214298933393,0.5039113124163279,0.99831724754134,0.996118903304407,0.9993627214243541,0.9992490267411188,1.0,0.95
1,0.7020246176468965,0.5355321368281465,0.8150054206203762,0.6465481912233312,0.7024417632786742,0.698119003954183,0.4,0.57
1,0.9980165034456524,0.9999953751006063,0.9999953751006063,0.9975660864026553,0.9987828344880637,0.9989023732845336,1.0,0.95
1,0.9554336486355961,0.47818464921753406,0.8624616650769366,0.8956326078094163,0.9200302152820502,0.9183359172641449,0.6,0.94
1,0.9904538174849684,0.48213848682499677,0.9771634815137386,0.9617711132748424,0.97255066069193,0.9734285232802317,0.6,0.99
1,0.8293994617765497,0.970504836035827,0.7829846655494296,0.7407719715967067,0.8061637224790204,0.8008888019989017,0.5555555555555556,0.7
1,0.9613743668425383,0.4584662556793636,0.9594676108070321,0.9426198075508295,0.9597128695577675,0.9582847619337184,1.0,0.94
1,0.2536823114036627,0.2928121172920032,0.2928121172920032,0.28583004078273805,0.28038995174952625,0.27039775967864055,0.4,0.23
1,0.944542332401206,0.987880488522618,0.9776957376390025,0.9599646685352062,0.9524834845824013,0.9561035748506755,0.8,0.86
1,0.44649182600320636,0.6713659618475022,0.6713659618475022,0.47032219279280807,0.44570192276155307,0.4484914174760865,0.6,0.57
1,0.9988168325062249,0.8693061580122694,0.9898604303483597,0.9957073089858987,0.9976096660631064,0.9975884031516776,1.0,0.99
1,0.9652601362874296,0.5726942177442269,0.99369855932505,0.9557644199133185,0.9632936701306035,0.9637125238401714,1.0,0.85
1,0.9999648337618956,0.44082848959620596,0.9998037279333416,0.9998585473303773,0.9999431092745369,0.9999446275168986,0.6,0.74
1,0.890142157977426,0.4302047521117806,0.9409948440479424,0.834584180436757,0.8995652439757468,0.9039076899343971,0.0,0.58
1,0.6887176885068167,0.44082848959620596,0.24868273970202978,0.8210934815925552,0.7281967040712463,0.7437808296520586,0.2,0.93
1,0.6533136429181526,0.469299251862789,0.6003126587663469,0.5591333449044237,0.6209276347209562,0.6109225888529022,1.0,0.675
1,0.9912985075489243,0.9904111752162013,0.979527531026457,0.9854819741732315,0.9900413542552996,0.989561609192698,1.0,1.0
1,0.961110000717381,0.48312731521378854,0.9758299389739769,0.8883132594420933,0.9550073307181628,0.9513986188833128,1.0,0.9
1,0.6635252874829957,0.44082848959620596,0.6777155812451747,0.593868309379566,0.6243952432060058,0.6130143513468433,1.0,0.75
1,0.9691541003178596,0.7662135542537842,0.7662135542537842,0.9339556016569576,0.9506930669626387,0.9507918802889512,1.0,0.93
1,0.831905117343974,0.46437095567756637,0.4042080813903614,0.7095360274145398,0.791296990451234,0.7840016763741307,1.0,0.93
1,0.7654584697130685,0.473246251247357,0.5582654072163002,0.6400709120672553,0.7153659446956527,0.7057797262033003,1.0,0.81
1,0.93629110682675,0.8845638453274665,0.8845638453274665,0.8041266919084809,0.8318695740705924,0.8163045106654887,0.8,0.93
1,0.9989147081538681,0.973744470725774,0.9983168656901686,0.9977334368974204,0.9985211667269458,0.9982885195474743,1.0,1.0
1,0.4958331907281912,0.4302047521117806,0.25808315364281603,0.5205145578439025,0.5058755788964499,0.5052327120887584,0.0,0.42
1,0.9970289092238596,0.688058220961029,0.9991604258400307,0.9945065790836997,0.9976721542159372,0.9977588589285757,0.625,0.86
1,0.9991736183648992,0.44082848959620596,0.5789577122216865,0.998556249066037,0.9977484492816233,0.9987012720250164,1.0,0.95
1,0.9999951152223934,0.44082848959620596,0.9999999896288801,0.9999957076764301,0.9999977966093568,0.9999978785541196,0.0,0.71
1,0.4545066363802649,0.4708860982039015,0.48061714395476646,0.4481128851798125,0.4640782071858374,0.468507918078105,1.0,0.79
1,0.9999356982223907,0.9997187254242226,0.9912369334347647,0.9997751304169445,0.9999288495635562,0.9999102150708371,1.0,0.96
1,0.9949447240187218,0.47522103667631627,0.999887814124798,0.9842944269150206,0.9891716705178711,0.9874639167570696,1.0,0.81
1,0.9071597011944337,0.44082848959620596,0.5451863529015496,0.8499104403207144,0.8710806996204066,0.8678001854062684,1.0,0.92
1,0.9963701735223641,0.9922765790468724,0.998622449681941,0.9956636626473208,0.9951753273768268,0.9954702125428002,1.0,1.0
1,0.961039733452747,0.5512424677293893,0.9719592125793879,0.9449931301935569,0.9524165223489242,0.9446469094252625,0.625,0.77
1,0.6381652552209244,0.44082848959620596,0.8240344676605592,0.6351669870224791,0.6200188676693248,0.618388121641304,1.0,0.92
1,0.9999992973063785,0.9965859799762046,0.9965859799762046,0.9999297182541091,0.9999790160165848,0.9999823395620945,1.0,1.0
1,0.9395942502858731,0.6780919517929443,0.9941344631909661,0.9415112999225138,0.9512365923117477,0.9541875365111517,0.8,0.92
1,0.7541599076506751,0.6547043672503358,0.8829310635668624,0.7398157333421554,0.789047144802802,0.7873551708359035,0.0,0.42
1,0.8506147395293712,0.44082848959620596,0.7188965926973241,0.6178686215685399,0.7528276260369935,0.7356422551682325,1.0,0.98
1,0.49537122020804264,0.4949369731650605,0.4949369731650605,0.5074063762643632,0.5162635909693521,0.5179541176960109,1.0,0.83
1,0.4590700394288752,0.5234529704971637,0.4818085224916722,0.41875662912433576,0.4503401995558418,0.43046782029855735,0.0,0.36
1,0.0003228723056835179,3.279099881872513e-05,0.0011710806658568218,0.022220643072181703,0.0007919977281349874,0.0035023848251908244,0.0,0.29333333333333333
1,0.9999995168878373,0.9990066109181971,0.9990066109181971,0.9999264397930991,0.9999175005572798,0.9999570210054282,1.0,1.0
1,0.36578107224800904,0.5029213358183172,0.9887858306731269,0.8372704658447442,0.7310286360212566,0.711651896809062,1.0,0.79
1,0.9797779989007143,0.4302047521117806,0.7468682014684528,0.7574252411697663,0.8394221990318455,0.8131202228673793,1.0,0.94
1,0.9718500725044154,0.44082848959620596,0.7455821656435214,0.9438115135273353,0.9543377872470509,0.9503126210742731,0.8,0.94
1,0.9999081106672394,0.9942950796660387,0.9998476615500439,0.9997335151140504,0.9998597452207021,0.9998266702045754,1.0,1.0
1,0.6436233534676661,0.9591976359625424,0.9591976359625424,0.5919538323535296,0.557417787909008,0.5587666539708428,1.0,0.66
1,0.9999881351228921,0.995271008546707,0.9918454786853769,0.9998293750783815,0.9999749470151488,0.9999657497117024,1.0,1.0
1,0.7819282016882323,0.4302047521117806,0.8696516284402009,0.6629376042647608,0.7765685608663234,0.7821856319683997,1.0,0.92
1,0.9903061389223818,0.6182038978045731,0.9692794121090543,0.9848975610938693,0.9895889025833002,0.9890571822067046,1.0,1.0
1,0.9999699226582162,0.9666762594034018,0.9997126134887335,0.999868994048549,0.9999374796250254,0.9999391118324839,1.0,1.0
1,0.9944129392233402,0.8595550972375926,0.8595550972375926,0.9838866729455816,0.9840058780048705,0.984257767476305,1.0,0.98
1,0.9990787051525452,0.4989612779917642,0.9992870246715487,0.9991485976091198,0.9991432797781018,0.9991877739955894,1.0,1.0
1,0.5696460067281334,0.39387862856401784,0.39387862856401784,0.5149190958555325,0.5470418172637185,0.5382066236965446,1.0,0.82
1,0.8587670659843482,0.4302047521117806,0.9037359156027273,0.8903786628688187,0.8648129221582638,0.8865203448360371,1.0,0.97
1,0.9963259780152384,0.5819193648718826,0.9716437130112876,0.9824006699343255,0.9948105836719215,0.9908350538051642,1.0,0.75
1,0.8639459833863359,0.5532102981500039,0.9163821577864324,0.8148359331958639,0.8359037733022588,0.8316345665199777,0.5714285714285714,0.8575
1,0.8584224829336943,0.44082848959620596,0.7164739613155076,0.6422728013614296,0.7663531396364079,0.7506270767521815,1.0,0.98
1,0.9990797224432573,0.9996242380207202,0.9996242380207202,0.9981830028539745,0.9989347133973427,0.9990718759136029,0.6,0.935
1,0.9722120821994572,0.8106393792383673,0.8106393792383673,0.9508695412183236,0.9628154797645981,0.9639293054896404,0.6,0.88
1,0.9462358125002013,0.4653560894721701,0.8971469206116771,0.8456859819737861,0.9020430093308582,0.9020293753947276,1.0,0.87
1,0.9911560720250956,0.9339515586634408,0.9951523344054544,0.9788504275774191,0.9855083257316395,0.9848190329947024,1.0,1.0
1,0.999999994872357,0.9999999999999649,0.9999999838086475,0.9999999719724108,0.9999999940438264,0.9999999926147431,0.6,0.88
1,0.6185257580152453,0.4302047521117806,0.5127015056444502,0.5985228720349275,0.6184392957077925,0.6082767891939213,1.0,0.75
1,0.9754029163912966,0.8223037994311082,0.8223037994311082,0.9559546642653753,0.9668883163458646,0.9679086067708145,0.6,0.88
1,0.9999999996002256,0.8501045216804933,0.8501045216804933,0.9975232309202368,0.9980665704690695,0.9979477456333501,1.0,0.99
1,0.8636277855406572,0.4302047521117806,0.9066756774073875,0.8943098414883571,0.8693231861715404,0.8905712654272762,1.0,0.97
1,0.9908959863504693,0.9982728425027506,0.9649547408819978,0.9846412495038339,0.9907235285814358,0.9891787818914084,1.0,0.95
1,0.9901680083462883,0.9904111752162013,0.9795611919781408,0.983924699211959,0.9887629625279482,0.9882649261552315,1.0,1.0
1,0.9915995840510702,0.5098502564211692,0.9376091775937321,0.9754904462508293,0.983253562152608,0.9836215598323372,1.0,0.96
1,0.4673212189306369,0.4302047521117806,0.26181060852681354,0.34768826000161007,0.4257926019604976,0.38836653719337233,1.0,0.47
1,0.9997980666478443,0.9485341988620308,0.9987378567440058,0.9987997684980521,0.9995646169805845,0.9993887132118473,1.0,0.99
1,8.450714810686837e-13,0.9989560500481208,0.9989560500481208,0.9967343410879934,0.997706763869653,0.9981475939332349,1.0,0.97
1,0.7011639177111014,0.39364624412261834,0.39364624412261834,0.6020581826675091,0.6517938373077701,0.6324957394041818,0.2,0.775
1,0.9986737641354306,0.621269748987373,0.9905518000735687,0.9948511559957139,0.997683933505239,0.9965584198091736,1.0,1.0
1,0.8686206428000726,0.44082848959620596,0.7339798350943283,0.727382545606289,0.8410499428555067,0.8378968232684164,1.0,0.89
1,0.9995313948483261,0.9906855634772433,0.9971373301564251,0.9982330073507537,0.9990629283681507,0.9990168778230304,1.0,0.99
1,0.8493276867028976,0.46831308243663233,0.7547917921679507,0.737275713301413,0.7959460991278177,0.7828611980744641,1.0,0.75
1,0.6166758117092809,0.6150943345605239,0.8536903606122983,0.6028339255391822,0.6275158046120682,0.626429344288034,1.0,0.99
1,0.8283304363845864,0.4302047521117806,0.9387139662359054,0.813769487292032,0.8321803086816778,0.8259379369573941,1.0,0.8
1,0.43818140204949063,0.44082848959620596,0.2849021161766194,0.4300644929278261,0.44011417817196896,0.4275627080579812,1.0,0.71
1,0.9994239786074086,0.9999663408355757,0.9999663408355757,0.9756403077214402,0.9992900519575821,0.9988318037095367,1.0,0.93
1,0.8993203214321001,0.44082848959620596,0.8576728837886819,0.7281837920103327,0.8429518924407494,0.8407494066478048,1.0,0.88
1,0.9999762053216652,0.93616195419191,0.9990191132420564,0.9995522263417174,0.9999568702116,0.9998857543877565,1.0,0.8
1,0.9991029341624905,0.9998650496718254,0.9998650496718254,0.9838903359258676,0.9987100428494419,0.9982338524125299,1.0,0.88
1,0.8832251522976223,0.7993047987835041,0.7993047987835041,0.8882171690140552,0.8821033464313396,0.8877820278921795,1.0,0.97
1,0.738655045969079,0.44082848959620596,0.6441972346989691,0.4614496967201574,0.6093409680816971,0.6072601481019975,1.0,0.93
1,0.5610760167687161,0.5394699317099821,0.41170941293810726,0.5052007782358232,0.48844609562938207,0.46822565560263635,0.0,0.39
1,0.9977526939658752,0.9382149587797223,0.9889404646004418,0.9932444761559077,0.9964161695068579,0.9961734524172868,1.0,1.0
1,0.9989541119640122,0.999879158224816,0.999879158224816,0.9796186970148877,0.9984986875243429,0.9979117901172208,1.0,0.87
1,0.9469338689375497,0.46831308243663233,0.8866396921535499,0.9192263833559046,0.9417422339553531,0.9397964383774846,1.0,0.97
1,0.742254264472425,0.5068810271658156,0.5579524451733892,0.5775378514032204,0.6313154150166824,0.6148189377529752,1.0,0.97
1,0.913846146861076,0.7035639185112027,0.7035639185112027,0.8238875427212733,0.868659306178719,0.8683837447430784,0.3333333333333333,0.74
1,0.9998273678455929,0.301018426329539,0.301018426329539,0.9892380101528775,0.9897512933537619,0.9913254628751403,1.0,0.95
1,0.9854099938535473,0.9997468504082742,0.9931417285357552,0.9848118341826456,0.9869102844563159,0.9872160122216046,1.0,0.97
1,0.9869923923208626,0.9920374024018729,0.9920374024018729,0.9737642398792754,0.983632632103166,0.9842257844418169,0.6,0.825
1,0.9225767540341648,0.9673007486258876,0.9673007486258876,0.8678212802159117,0.8740865641614052,0.8729299553543398,0.8,0.9
1,0.8990526822992444,0.5404710429073002,0.5404710429073002,0.669344408703179,0.7131533566948507,0.6926535976305227,1.0,0.96
1,0.9933893784339001,0.5472990928060324,0.5472990928060324,0.9757126299412219,0.9798401079371796,0.9810038456594646,1.0,1.0
1,0.9999998905692264,0.9861531992671553,0.9998252609706831,0.9998439688290258,0.9999874971146794,0.999955874920133,1.0,1.0
1,0.9918092013136851,0.9755286392259398,0.9951294842022597,0.9861046623687463,0.9907852017445028,0.9901988803841899,0.8,0.85
1,0.9680543508667001,0.44082848959620596,0.9891720591542625,0.9022322708319839,0.9607778966194327,0.9572320404845728,1.0,0.79
1,0.03876098638539435,0.10559167916745626,0.06717999874181743,0.0929621520269156,0.05411767756243867,0.06985998176179348,0.4,0.51
1,0.9984688178845917,0.6796570568401399,0.9955613160004386,0.9922426564457741,0.9966394883714378,0.9953367187500253,1.0,1.0
1,0.9984819477581538,0.881277672351111,0.881277672351111,0.9903572736692298,0.993338631194079,0.994655761005702,1.0,0.93
1,0.9588966425032545,0.8016083831134343,0.8016083831134343,0.9149960199051439,0.9298071248513515,0.9318973777951026,1.0,0.98
1,0.9156802343468161,0.5463566468801789,0.7888350105044385,0.7926923379330975,0.8660972516981567,0.8351755709335132,1.0,1.0
1,0.591732988611045,0.4302047521117806,0.8944775113897668,0.6983699432311246,0.6545298916887297,0.6654556619812195,1.0,0.3
1,0.2540926177214172,0.4302047521117806,0.3760912174514036,0.19041387160312714,0.21430853406840614,0.200234447731095,0.3333333333333333,0.42
1,0.9955852935941042,0.9273544747055513,0.9273544747055513,0.9742455807239985,0.989442350970508,0.9892723250181694,1.0,0.91
1,0.9920139476066944,0.9962916980689621,0.9962916980689621,0.9860546996246349,0.9903944785224204,0.9909292708124752,1.0,0.88
1,0.9515381455256414,0.40270269084782423,0.40270269084782423,0.932586900815253,0.9486207563943081,0.9488501617881191,1.0,1.0
1,0.9999397228282315,0.49222943636730593,0.9999999999428246,0.9999508071407658,0.9999280433629384,0.9999416947344583,1.0,0.37
1,0.9886194986682915,0.605675411953812,0.9617894217494151,0.9622346464295225,0.9826404695813773,0.9746247226987516,1.0,0.91
1,0.9993665755821343,0.4302047521117806,0.48096628269612207,0.9972759407523581,0.9992786689060745,0.9989991504265431,1.0,0.66
1,0.6581483478597319,0.44082848959620596,0.6779837410505043,0.6387242124900621,0.6403947170104128,0.6452528696474966,1.0,0.95
1,0.014972222683826098,0.6667835908465289,0.6667835908465289,0.9428289379811192,0.9777461089999921,0.9564743752248813,1.0,0.96
1,0.9170783301419848,0.4302047521117806,0.8671614891123467,0.837432817361821,0.9049176838019944,0.8895219326055417,1.0,0.91
1,0.9999957267976809,0.44082848959620596,0.3874579997620103,0.9909742856308427,0.9989066954997273,0.9991533807056825,1.0,0.77
1,0.9977011843554567,0.9974782905096452,0.9990042134707833,0.9943268903173984,0.9973823969410919,0.9974110205944254,1.0,1.0
1,0.9966291949710875,0.44082848959620596,0.9969716784111485,0.9935406409255091,0.9952510303695076,0.9955120829832717,1.0,0.98
1,0.9137196214995371,0.46634149361061333,0.8066132516680986,0.9162700965405683,0.9095444214403933,0.9076664219534604,1.0,0.815
1,0.9996591586457226,0.9998727673193553,0.9998985612318704,0.9994167147835171,0.9996161025293567,0.9996600370438176,1.0,1.0
1,0.9746828975581044,0.9464066067998238,0.9690474324247427,0.9571750628038282,0.9692546257836474,0.9691550917635674,1.0,0.99
1,0.999536665905088,0.9999878868767584,0.9999878868767584,0.99924895882963,0.9994873654530236,0.9995718579440125,1.0,1.0
1,0.9997690768621622,0.9987552172866383,0.9987552172866383,0.9985143955859226,0.9995062330389797,0.999552307305748,1.0,0.96
1,0.8774710241048498,0.9926214124779705,0.9926214124779705,0.8180111553150052,0.882306411667611,0.8728300905658647,0.75,0.91
1,0.7312633606500965,0.7666931114012919,0.7304449531034356,0.610165570941582,0.6798216597358214,0.6603308516559592,1.0,0.87
1,0.48314670240582297,0.44082848959620596,0.343498952976286,0.4389325691175278,0.47072233144459724,0.4590970397515138,0.0,0.28
1,0.9999977475792358,0.5070268977037355,0.9989410210757736,0.9997915364527099,0.9999828060808817,0.9999422083565865,1.0,0.99
1,0.20555473088690301,0.6259350809714391,0.13960395892976415,0.18958028419974865,0.20724378343065036,0.2019295917166232,1.0,0.71
1,0.911468334814936,0.8726910081629511,0.8726910081629511,0.8557160768651327,0.8751011191428294,0.883795512790375,1.0,0.91
1,0.8788486662562704,0.4302047521117806,0.8865326904673495,0.8355538722389635,0.8464251621639243,0.8369138702334764,0.375,0.83
1,0.9995671723447721,0.9998660516081301,0.9998660516081301,0.9976936380879373,0.9977962804077709,0.9979786428403605,1.0,1.0
1,0.9949321444512659,0.989112632408363,0.989112632408363,0.990265474957165,0.99414936459115,0.9945094040534409,1.0,1.0
1,0.3745654058527763,0.4302047521117806,0.22888409965347353,0.2806867275184003,0.317682488480615,0.29699147636942624,0.3333333333333333,0.56
1,0.9988677546531918,0.4302047521117806,0.47266635544470664,0.9966627902152421,0.9978921287433482,0.9972901421868352,1.0,0.86
1,0.9967067517392226,0.9996757660786236,0.9996757660786236,0.997217284814098,0.9972434379039815,0.997515501072227,1.0,0.81
1,0.9839275392517312,0.4302047521117806,0.8996557548608656,0.9030940138170075,0.9667521151371848,0.9521384709906856,1.0,0.83
1,0.9955642721718274,0.9995880125684651,0.9995880125684651,0.9929736460524997,0.9949306297838737,0.9955447783536211,1.0,0.98
1,0.4591248050076575,0.4302047521117806,0.16493478006605086,0.27177195502338514,0.3162769451869694,0.2908031836987677,0.0,0.73
1,0.4465393124658631,0.4302047521117806,0.16625106339479914,0.36114032875158253,0.4319837316588824,0.4047680305192578,1.0,0.97
1,0.9823035399126684,0.511957929651366,0.7789054490534141,0.8458597243434753,0.9306066715174316,0.896957091489328,1.0,0.97
1,0.6316761958861915,0.9098646236537407,0.6933155620990519,0.4339454840486182,0.5479735486470858,0.5195408736129583,0.8333333333333334,0.9
1,0.7695536347131604,0.5757966008945824,0.5757966008945824,0.6211522220084811,0.6910281763977554,0.6776585939393013,1.0,0.96
1,0.14180631965428242,0.4302047521117806,0.17650432199938437,0.1376220794422269,0.14309729489148743,0.14069044356103974,0.0,0.03
1,0.7230140977915296,0.2928121172920032,0.2928121172920032,0.49584165093541255,0.6254159054198872,0.6131224770760727,1.0,0.98
1,0.9975619798421506,0.6323879397252922,0.9888280659188159,0.9904909381671811,0.9959161542723233,0.9948623878083054,1.0,1.0
1,0.7695536347131604,0.5757966008945824,0.5757966008945824,0.6211522220084811,0.6910281763977554,0.6776585939393013,1.0,0.96
1,0.6446598230916079,0.708831126211789,0.5919971392054121,0.5690265574651199,0.6127269752025696,0.5872009267684448,1.0,0.86
1,0.3605887836878585,0.2928121172920032,0.2928121172920032,0.41174727460818183,0.3822339312482227,0.39483299969024804,1.0,0.89
1,0.999469733437265,0.9976219345920144,0.9976219345920144,0.95954123834625,0.995870579421618,0.9945682686468021,1.0,0.9
1,0.9998878102613261,0.9972602983243515,0.9972602983243515,0.997520484369418,0.998475362854966,0.9986899014560555,1.0,0.97
1,0.998848868464361,0.5201706740112744,0.9989044989081196,0.9966252065666855,0.9978488748187738,0.997372663469253,1.0,1.0
1,0.9539414865918547,0.4302047521117806,0.9423669001661215,0.9094701282157014,0.926440547220563,0.9162106187542862,1.0,0.91
1,0.9254020197566952,0.9944207993426153,0.9944207993426153,0.8925906750692769,0.9282668819239327,0.9304405292309778,1.0,0.9
1,0.9999999999999423,0.998803863647171,1.0,0.9999999999998981,0.999999999999972,0.9999999999999785,1.0,0.75
1,0.27248792137472727,0.4302047521117806,0.16316578279913624,0.2569617309743609,0.28091486006455707,0.273372065139198,1.0,0.96
1,0.9890584204739679,0.8906262854947418,0.8906262854947418,0.9635279071603745,0.97469295650364,0.9755045003238475,1.0,0.98
1,0.9728004077646891,0.44082848959620596,0.9199015781811835,0.9367389572132583,0.9637970892549435,0.9628780163440326,0.42857142857142855,0.47
1,0.9499639349064717,0.4722591684633257,0.5705264594252494,0.9388190674733308,0.9270758655379818,0.9270271838457163,1.0,0.92
1,0.9728004077646891,0.44082848959620596,0.9199015781811835,0.9367389572132583,0.9637970892549435,0.9628780163440326,0.42857142857142855,0.47
1,0.971955052040705,0.9988292703104684,0.9988292703104684,0.9824816494129928,0.9814703855631663,0.9825215031817754,1.0,0.78
1,0.9998703643081434,0.9223151597210429,0.9223151597210429,0.9962017649726829,0.9986216672427444,0.9985874832250555,1.0,1.0
1,0.14855549312911528,0.4302047521117806,0.03068170984533076,0.059093487374562256,0.09749599413451322,0.07827836616069117,0.5,0.26
1,0.9868595217187154,0.9474452643902159,0.9474452643902159,0.9761676997574453,0.9834801928177813,0.9842905004426495,1.0,0.94
1,0.32132179941229655,0.40077606589788145,0.40077606589788145,0.2838727539174487,0.3194320085667313,0.30879240141707853,0.5,0.27
1,0.9999363010205727,0.9999826738538475,0.9999636059115421,0.9998647708124464,0.9999361593308639,0.9999273816923211,1.0,1.0
1,0.9936953006928825,0.44082848959620596,0.9963122104811059,0.9820954744622877,0.9868221394013463,0.9879293593978051,1.0,0.92
1,0.36659926001409854,0.7046238690720819,0.7046238690720819,0.4536022047885913,0.4440825476579633,0.43794999729184536,0.6,0.6366666666666666
1,0.9689703753062179,0.8365689517850157,0.8365689517850157,0.9550776243027347,0.958796410592788,0.9588383082096011,1.0,0.97
1,0.9999995486956043,0.9998862209894358,0.999918186802093,0.9999884203975422,0.9999991622485147,0.99999879181745,1.0,0.92
1,0.8842939726990249,0.8530136953307317,0.8530136953307317,0.8134677545126203,0.8373438003400578,0.8389344037467887,1.0,1.0
1,0.9654116267127063,0.6803052823934803,0.9177445061155468,0.9457835147685624,0.96029160710726,0.959765617803213,1.0,0.99
1,0.7348895501832743,0.5250933771479371,0.3206786472062413,0.38776142133316943,0.4423739957823426,0.4083094325147798,0.3333333333333333,0.73
1,0.9966623500985147,0.6621004222166623,0.958745940584485,0.9619782398190153,0.984148855320707,0.9763808153565089,1.0,0.99
1,0.8746450989365099,0.4302047521117806,0.6799711527957121,0.8348276995901539,0.8704767039853225,0.8595595818072329,1.0,1.0
1,0.944626247201257,0.44082848959620596,0.2482557938971257,0.8811842321716681,0.9192205930087649,0.9154648429309414,1.0,0.96
1,0.9115877345449366,0.44082848959620596,0.7451540191430008,0.9055153824917438,0.9059069685965014,0.9075280590347389,0.0,0.67
1,0.999932631136802,0.9999988292214579,0.9999988292214579,0.9914080165443977,0.9999203789861398,0.9998460867631886,0.2,0.15
1,0.20941526523963036,0.44082848959620596,0.5448109861012171,0.18804204033704403,0.19871286520529427,0.1940793932741629,1.0,0.78
1,0.9966349376014622,0.9988050127843711,0.9988050127843711,0.9899655638640811,0.9911077017025895,0.9916838154423896,1.0,0.93
1,0.8144638256465834,0.7831879545882892,0.9330928161092006,0.6991676001177345,0.7730021649035004,0.7507677498755135,1.0,0.99
1,0.8272018692317371,0.7453653059984224,0.8109198359783982,0.7900972756801126,0.8103243317442463,0.8066807658647827,0.6666666666666666,0.72
1,0.5351588282700653,0.5590754715715377,0.549835696269332,0.47134911641691657,0.47988788145489186,0.47988365124519694,0.0,0.52
1,0.9918753647737365,0.9908811324438929,0.9933940711148679,0.9878670370138626,0.9908093851755528,0.9911043511124658,1.0,0.97
1,0.5501936724959849,0.44082848959620596,0.6422440460547338,0.46598415306374164,0.5295021889030536,0.516617717239902,0.16666666666666666,0.45
1,0.9935796734569662,0.4302047521117806,0.9985348390248129,0.9899687439756947,0.993627793839974,0.9944541692947277,0.2,0.67
1,0.3043283166421702,0.4302047521117806,0.4549969230115041,0.31654461584796134,0.32057214306313925,0.3124164780755402,1.0,0.89
1,0.9903915396531409,0.4302047521117806,0.9984776176670588,0.983747545610274,0.9909831439993404,0.9913331176817303,1.0,0.94
1,0.2556118400073352,0.17900773792622895,0.17900773792622895,0.2132620608155056,0.19095982881066811,0.1848484981340023,0.8333333333333334,0.38
1,0.8485748485419873,0.7577368916796409,0.8420486749079177,0.7847023225322647,0.7724719990922086,0.7835814545145791,1.0,0.81
1,0.9982031289669296,0.8716704623004092,0.9961263544695154,0.9960012784986277,0.9973190613718137,0.9974325651304478,1.0,0.99
1,0.5338836126343168,0.5532102981500039,0.596794969858962,0.4787636664940646,0.5265937813897625,0.518626574385221,1.0,0.98
1,0.9999999953683578,0.9989312993824628,0.9997484546629443,0.9999938796313808,0.999999021017972,0.9999993731381304,0.8,0.96
1,0.38400151488126694,0.4302047521117806,0.3079367776765279,0.32463749419307875,0.32624017789630017,0.3174444842084814,0.6,0.65
1,0.998642544209208,0.4302047521117806,0.9938654999796506,0.9962080278043627,0.9982022868044758,0.9977318472338433,1.0,0.94
1,0.9921067349401543,0.7155714871589306,0.9861449065362716,0.9765945392877907,0.9854363959684784,0.9818663897653049,1.0,0.98
1,0.38400151488126694,0.4302047521117806,0.3079367776765279,0.32463749419307875,0.32624017789630017,0.3174444842084814,0.6,0.65
1,0.9707817706476737,0.44082848959620596,0.9531854716682223,0.8558885532898216,0.9524705106936515,0.9461792693724836,0.8888888888888888,0.96
1,0.9999999514220487,0.9998770641667055,0.9999758446049645,0.999977289708715,0.9999981110256273,0.9999937505834497,1.0,1.0
1,0.8740770193766636,0.3979440257571068,0.3979440257571068,0.7301870314456422,0.7364997763532856,0.7482078477189201,1.0,0.8
1,0.9999989201553564,0.9998057889687791,0.9998057889687791,0.9998697543554999,0.9998935074499111,0.9999327524434288,1.0,1.0
1,0.5940346949505239,0.4725251145399986,0.5496417950966122,0.5038389543729765,0.5460773604112126,0.5277190332815785,1.0,0.79
1,0.8350493385886105,0.6659029550515516,0.6659029550515516,0.7730363850962151,0.8075955793705983,0.8007964200476804,1.0,0.88
1,0.8774423072141402,0.4302047521117806,0.9400857868955369,0.7954495442085833,0.8821044853417627,0.8861789904066119,0.0,0.75
1,0.9999697230526511,0.4302047521117806,0.9609151697704342,0.9985608867163804,0.9999019410115689,0.9996522615545071,1.0,0.99
1,0.993398061940047,0.9927238981968689,0.9925587467727859,0.9909748098230932,0.993615708287089,0.9933867266634179,1.0,0.98
1,0.31632244519362246,0.4302047521117806,0.16661152523821107,0.21370787903982139,0.2798024017517857,0.2512176412550789,1.0,0.475
1,0.5535119506559982,0.44082848959620596,0.7780776480820079,0.3697576910707399,0.5145043088662413,0.5039912643037237,1.0,0.96
1,0.993078130837929,0.9887231170301664,0.9887231170301664,0.9836923147781955,0.9905484328973629,0.9905894388459916,0.4,0.61
1,0.8807521296892125,0.44082848959620596,0.3413214511712302,0.773472816326205,0.8019752049781362,0.8192547080413445,1.0,0.79
1,0.9999737801566976,0.9992811588868477,0.9994634732817386,0.9999278649990778,0.9999771874224909,0.9999714333898604,1.0,0.89
1,0.26179337278994624,0.4722591684633257,0.20987842882409588,0.36785660855712815,0.3102096795699946,0.3148349064923376,0.0,0.64
1,0.9999288288252944,0.4302047521117806,0.9273951028565953,0.9983988202999965,0.9998559906164718,0.9995138302057649,1.0,0.87
1,0.9999980293813586,0.9951631663180167,0.9951631663180167,0.9999870934728513,0.9999992018526149,0.999998928201114,0.8,0.9
1,0.9999943219173734,0.9997753102736747,0.9999395171355875,0.9999404581059804,0.9999849312191275,0.9999822754684019,1.0,1.0
1,0.9997654909012655,0.9999993068702503,0.99998778824073,0.9997695090501025,0.9998581757690962,0.9998610504869153,1.0,0.95
1,0.8211941496100228,0.896278166112151,0.896278166112151,0.8117751012714127,0.7646649082647563,0.7736259658987354,1.0,0.92
1,0.9995927372577725,0.91895138619007,0.9989355664524587,0.9965412606262256,0.9986351798520153,0.9980039897522712,1.0,1.0
1,0.9866702680197449,0.8760985854305705,0.8760985854305705,0.9668137595161858,0.9703613287288437,0.974540112772343,1.0,0.88
1,0.9907933036903592,0.497652799108988,0.497652799108988,0.9457835008764345,0.9755493761254384,0.9751343562172824,1.0,0.8633333333333334
1,0.5338836126343168,0.5532102981500039,0.596794969858962,0.4787636664940646,0.5265937813897625,0.518626574385221,1.0,0.98
1,0.999995440860797,0.5236196414023183,0.5236196414023183,0.9990521233930962,0.9997418956345142,0.9997691383408694,1.0,0.84
1,0.9723247965007467,0.5923551400006111,0.8215716193593654,0.9242411102701221,0.9488879693353405,0.9385905572721601,1.0,0.99
1,0.8705215889740018,0.7242226800156962,0.868554382826461,0.82909155776539,0.8337799893776353,0.8308238343080765,1.0,0.97
1,0.9136891165647486,0.752167173522856,0.9438656022099201,0.873412251711949,0.8910099909493827,0.877726103897541,1.0,0.96
1,0.9935430113122158,0.965638083609407,0.965638083609407,0.9623354789205455,0.9841658415331997,0.9831161719767917,1.0,1.0
1,0.9999994684918702,0.9999353069052928,0.9999353069052928,0.9999649388262827,0.9999663168952861,0.9999798502488556,1.0,1.0
1,0.9941552247675327,0.8445431958796318,0.9660378682715606,0.9843616594291451,0.9911860714048536,0.9904729419194949,1.0,1.0
1,0.9909884069918398,0.497652799108988,0.497652799108988,0.9465556038680747,0.9759582288138415,0.9755548700699282,1.0,0.8633333333333334
1,0.9999999503750552,0.9998688057911241,0.9999749441654321,0.9999766735877166,0.9999980638271135,0.9999935851002223,1.0,1.0
1,0.9831106686124584,0.9819393739159807,0.9986813476818185,0.9498358636886155,0.9809044392467439,0.9798652691718941,1.0,0.8266666666666667
1,0.9927434905284781,0.980236033960422,0.980236033960422,0.9773350157687651,0.9872268777870161,0.9876083429311973,1.0,0.96
1,0.8805822622299054,0.4302047521117806,0.572645884191519,0.818573074213735,0.852858451483756,0.8268250220542162,1.0,0.67
1,0.9999994684918702,0.9999353069052928,0.9999353069052928,0.9999649388262827,0.9999663168952861,0.9999798502488556,1.0,1.0
1,0.9994627292966018,0.9887525433875562,0.9962398669002521,0.9980378385045482,0.9989360083885928,0.9988862256650892,1.0,1.0
1,0.9999643895913274,0.9914663122208544,0.9995984045423253,0.999415344986185,0.9998124775001599,0.9996810664057885,1.0,1.0
1,0.4147889280398596,0.47282609957508664,0.47282609957508664,0.3234719657363616,0.37131025826589453,0.356864307176027,0.2,0.37
1,0.21334201833287703,0.4889420474687308,0.1924577020831488,0.20672748179585385,0.20884595583225282,0.2051066311548198,0.0,0.23
1,0.4796067473085677,0.5250933771479371,0.46488953493369667,0.45284293175560836,0.4802210248419659,0.4760482970329829,1.0,0.66
1,0.044345695044626564,0.44082848959620596,0.054876504234442514,0.10779928222294417,0.08404405842876952,0.08608141315583163,0.8,0.73
1,0.9999912833510164,0.9999865760502166,0.9999865760502166,0.9997570302914479,0.9999848192560159,0.9999806515935554,1.0,0.87
1,0.9999999482636803,0.9998688057911241,0.9999726876450231,0.999975411007539,0.9999979805630431,0.999993287798796,1.0,1.0
1,0.9995112510909258,0.9192062082048524,0.9192062082048524,0.9950054800324213,0.9973178540515747,0.9975310067825991,1.0,0.98
1,0.2384313803492199,0.44082848959620596,0.24868273970202978,0.20512782041233915,0.23064759013433916,0.225402435197403,0.0,0.47
1,0.9473969551070538,0.4302047521117806,0.8164435442326338,0.8780331862833386,0.9233024954204121,0.9158113406406904,1.0,0.99
1,0.20955395362766238,0.4302047521117806,0.226445268896562,0.16651075495112747,0.18590536552362513,0.17598853495428263,0.0,0.24
1,0.9898494933210664,0.9994582806293182,0.9994582806293182,0.9852676239772474,0.9890795002356279,0.9898925051903462,1.0,0.99
1,0.9064250851358684,0.44082848959620596,0.8576728837886819,0.7507379825214812,0.8545081957498772,0.852974164832028,1.0,0.89
1,0.9997069820389263,0.6486743046023602,0.6486743046023602,0.9973907047090318,0.9981585667221327,0.9986857505638849,1.0,0.91
1,0.9998703379275724,0.9223151597210429,0.9223151597210429,0.9962007191175468,0.9986213663234812,0.9985871569611479,1.0,1.0
1,0.9880579462732293,0.9880862319895655,0.9880862319895655,0.9112832105589332,0.9270187418737788,0.9244206748617596,1.0,0.98
1,0.8435345341590248,0.44082848959620596,0.9212895433261561,0.8863761919184874,0.8668691117877116,0.8683671713602703,1.0,0.76
1,0.9996951054812442,0.44082848959620596,0.9981632472193838,0.9998658930077835,0.999812021104359,0.9998465048817627,1.0,0.67
1,0.9825865070359299,0.44082848959620596,0.9920563323893922,0.9758515345649302,0.9815264987061063,0.9821505773145179,1.0,0.97
1,0.8802343161030016,0.4302047521117806,0.7038495477765572,0.811012814746554,0.8578487892233364,0.849527315878732,1.0,0.83
1,0.7226287938387955,0.44082848959620596,0.6222769599103969,0.44813143172635894,0.5906840730262778,0.5890330495879829,1.0,0.93
1,0.9394212095693605,0.6774078535228346,0.8617405465809134,0.8891196361112008,0.9185005653871632,0.9073235027662976,1.0,0.99
1,0.14876220690960645,0.15519387657369685,0.15519387657369685,0.19371472267298917,0.19206792606945344,0.18714588391561968,1.0,0.87
1,0.06972367246856262,0.44082848959620596,0.060435923127272646,0.14527611520051656,0.12050777362200396,0.1255755374205439,0.8,0.86
1,0.14535393082616907,0.4302047521117806,0.15977070159891454,0.13738978860865006,0.1360844661570612,0.1351942314344622,0.8571428571428571,0.82
1,0.9926185104414351,0.5980027169012616,0.9913102460188141,0.9817649159413723,0.9849169056435607,0.9832326793802056,1.0,1.0
1,0.9998703643081434,0.9223151597210429,0.9223151597210429,0.9962017649726829,0.9986216672427444,0.9985874832250555,1.0,1.0
1,0.9819128093878651,0.4302047521117806,0.21040225628444673,0.9522319076566759,0.980277405004429,0.9759023456922349,0.6,0.68
1,0.184318952041661,0.2928121172920032,0.2928121172920032,0.18593916702810695,0.20592558864444616,0.19805591905937026,0.4,0.13
1,0.9906838892290476,0.48213848682499677,0.9933573759265462,0.9711277450302707,0.9837289689998434,0.9824252763946464,0.6,1.0
1,0.9798329076696733,0.469299251862789,0.995901091416079,0.9514341508768351,0.9707320770258934,0.9692580500757145,1.0,0.98
1,0.9931345956530948,0.5020944982305122,0.9960622783008793,0.9724711177657296,0.9821210822856755,0.9770918095166565,1.0,1.0
1,0.2999005357609235,0.44082848959620596,0.05661234329091962,0.31397489683030055,0.2833201666869945,0.28638409535257664,0.6,0.17
1,0.012874429517359638,0.44082848959620596,0.012158026458466632,0.024055106934540327,0.015144867385576544,0.015343851640316259,0.375,0.09
1,0.9917283414787497,0.9161432594221515,0.9161432594221515,0.9613286261559086,0.971204274753254,0.9737609739167145,1.0,0.99
1,0.9997864426706491,0.7118286570859023,0.7118286570859023,0.9887117781513949,0.9957423009405375,0.9960866777472438,1.0,0.8366666666666666
1,0.24432613366858377,0.44082848959620596,0.28997110256760616,0.19720522011230784,0.2300752483678874,0.22213912380940903,0.0,0.33
1,0.1733728394719071,0.5895324424634247,0.5895324424634247,0.9970163221690582,0.996264246951837,0.9977593702885628,1.0,0.68
1,0.99832398326618,0.627614510493292,0.9980821840634196,0.9916360768464232,0.9951985461209948,0.9938403793852324,1.0,0.99
1,0.999978416080387,0.9365538959829011,0.9990751005711359,0.9995838682789641,0.9999607026340757,0.999895043123924,1.0,0.83
1,0.9999138943756927,0.8784780763497526,0.9993439318537899,0.9992287994324454,0.9997304500070904,0.9996011971059529,1.0,1.0
1,0.3703435842959958,0.3959948040427874,0.3415305116898175,0.2978395730689856,0.31140303048150486,0.3125476472566817,1.0,0.37
1,0.9996820509478247,0.9979460104165898,0.9979460104165898,0.9988387171096212,0.9991799974355471,0.9994062938842179,1.0,1.0
1,0.9615051928422562,0.5722296566354623,0.639500568467912,0.9400879263744806,0.9544383708382984,0.9526280988716213,1.0,1.0
1,0.9766637206543568,0.993609307537716,0.993609307537716,0.9096608687768604,0.9572342047590653,0.9520474340928299,1.0,0.97
1,0.002722175982243412,0.0006256329283850057,0.0006256329283850057,0.019575821299739084,0.005555637707784191,0.00663606192951472,0.8,0.31
1,0.9940545775363716,0.9567007345195513,0.9989147217180959,0.9952764511490704,0.9947319759772092,0.9950793313278423,0.8333333333333334,0.9359999999999999
1,0.9999999817614155,0.9999999999812594,0.9999999877215845,0.999999901521034,0.9999999463270681,0.9999999562854908,1.0,0.96
1,0.8555246102896285,0.5977210274977603,0.5455555522612975,0.781333202776004,0.7794988365048757,0.7911142966697084,1.0,0.9
1,0.9959524110045022,0.9495870737722157,0.9827362910421427,0.9876652561847529,0.9918074889672105,0.9919624128566463,1.0,0.99
1,0.05565687372286805,0.012846886638249223,0.012846886638249223,0.10105471724424295,0.06328700105287094,0.06873857163938914,1.0,0.56
1,0.9922454407425547,0.5528689268299459,0.952554806740475,0.9761191494731496,0.9886967555993996,0.986063726753756,1.0,0.99
1,0.9869923923208626,0.9920374024018729,0.9920374024018729,0.9737642398792754,0.983632632103166,0.9842257844418169,0.6,0.825
1,0.7985077727229815,0.4302047521117806,0.7792085040397358,0.7611603872335699,0.7944549593570317,0.8037137599163817,0.0,0.75
1,0.9832774938633072,0.45616738604383894,0.9643570038679097,0.9584053271879059,0.9753787375965176,0.9720754120598931,1.0,0.98
1,1.0,0.2928121172920032,0.2928121172920032,0.980437442385736,0.9866713690996026,0.9978519958432057,0.0,0.44
1,0.9657771616277214,0.5201706740112744,0.9889618514250929,0.9353902652242884,0.9672965634041567,0.9672083064397577,1.0,0.85
1,0.9663458463374347,0.9211732059712633,0.9211732059712633,0.895015130448266,0.9043305982759223,0.9072859215872893,1.0,0.98
1,0.8796753347697179,0.8489892926329602,0.8489892926329602,0.8309048968379971,0.8566453237184355,0.85807686160114,1.0,0.94
1,0.9382960528610189,0.47028566111041636,0.5453222994471423,0.9246316875474679,0.9118708665296974,0.9115813009301629,1.0,0.98
1,0.9997699332810405,0.9319274115337884,0.9999735789619119,0.9989308831851044,0.9994267988678849,0.9992765257644423,1.0,0.99
1,0.32974851612537087,0.4302047521117806,0.21253962785803468,0.23997478295968125,0.2760097257699876,0.2557693563318881,0.5,0.46
1,0.05483755735078108,0.4302047521117806,0.054948436032200405,0.057944593360527576,0.05287929188602949,0.05346391605393578,0.4444444444444444,0.29
1,0.9774530893047751,0.44082848959620596,0.9925727809749357,0.9316649750307507,0.9733050445474721,0.9717629375510074,1.0,0.82
1,0.009156685039335342,0.5335615457748593,0.12073830717223528,0.09078137527911886,0.06181556687940741,0.06186660556573982,1.0,0.34
1,0.9608203881837686,0.9512868030578747,0.9119375803722242,0.9516129289773946,0.9584422811979626,0.959655741323316,1.0,0.99
1,0.9947092062089676,0.9338792480316468,0.9768658137413812,0.9885709213255464,0.9923516835806879,0.9922773975936402,1.0,0.96
1,0.030776829092584237,0.1267383033196717,0.13799161677232188,0.04711017064010689,0.037542710023217414,0.03534235169723091,0.16666666666666666,0.42
1,0.9998273433630593,0.9246495662729778,0.9246495662729778,0.9953140633375623,0.996712895330701,0.9971636208202515,1.0,0.99
1,0.9932106377387105,0.6384413596267505,0.9841739620300385,0.9811429754918476,0.9884752803008638,0.9879174288494724,1.0,1.0
1,0.060388123797171685,0.4132581075545431,0.4132581075545431,0.4897477579015124,0.5853918380493973,0.5118847135958225,1.0,0.79
1,0.9990931063884028,0.9656914054923323,0.9656914054923323,0.9927615390850033,0.9963907921286499,0.9967051294483007,1.0,0.99
1,0.9994751676750597,0.9595066071323013,0.9651972305029312,0.9982212649150706,0.9989662260780455,0.9987460252322715,1.0,0.88
1,0.42751003947886784,0.7564046098922351,0.4031208518459609,0.4341239434248285,0.43230272748026866,0.4259500564300651,0.0,0.39
1,0.0015999913147299845,0.00034431762181409535,0.00034431762181409535,0.014925169429594145,0.0035459365183330184,0.004322486041927797,0.8,0.35
1,0.598879157675086,0.47719659737235964,0.5430075327424866,0.5159871436825388,0.5701825239616373,0.5637188390671587,0.16666666666666666,0.85
1,0.9998922720142109,0.999949010738553,0.999949010738553,0.9969880541218765,0.9997888999859069,0.9996951291490551,1.0,0.95
1,0.17917070646991365,0.08315721934125879,0.08315721934125879,0.18440587758829144,0.17840172743408428,0.18212718463311015,1.0,0.6
1,0.9999987524685421,0.5267332424164364,0.9988818801394265,0.9999928153021838,0.9999987928058665,0.9999978881017996,1.0,1.0
1,0.9995233476956745,0.998881159209451,0.998881159209451,0.9979684299241118,0.9983952023157233,0.9986452243679202,1.0,0.99
1,0.9935754787138114,0.9707972153356054,0.9278746423066301,0.9806034837165849,0.9928206297468024,0.992046584887121,1.0,0.98
1,0.9702037723119603,0.4584662556793636,0.45999651002848635,0.8923024950965177,0.9594161354967691,0.9562287398973653,1.0,0.605
1,0.7341924422674988,0.4302047521117806,0.21245783945173818,0.203822819795945,0.489201827268673,0.35012275644403823,0.8571428571428571,0.34
1,0.6030036158285216,0.46437095567756637,0.5331894244085114,0.597693740956432,0.6008474319872502,0.6006703107285246,0.875,0.92
1,0.5836772078723828,0.4302047521117806,0.7399345078895033,0.5947456237954841,0.5935536526424073,0.6003907566030479,1.0,0.74
1,0.8684448176029813,0.8641309215909404,0.8641309215909404,0.8234620337278742,0.8233944598277051,0.8261547163485536,1.0,0.9
1,0.9595796829329835,0.39560492848896484,0.39560492848896484,0.807412236741523,0.8126584305592683,0.8219116621672998,1.0,0.97
1,0.17358407278197044,0.2928121172920032,0.2928121172920032,0.19023891600104914,0.20250428379529736,0.1982320982808499,0.0,0.01
1,0.9648216432921667,0.9511029631849062,0.9173647463295985,0.9569132821404703,0.9626302863777384,0.9637780290488747,1.0,0.98
1,0.9986470610957978,0.6810873570220335,0.9958987466591634,0.992617973426065,0.9969497084735471,0.99564687641771,1.0,1.0
1,0.9943125366974035,0.8986095154129157,0.8986095154129157,0.9800179804777649,0.987683079510977,0.9881521885317807,1.0,1.0
1,0.999462969911997,0.9762010057305933,0.9928847773707788,0.9887372941659822,0.9969736043235646,0.9947871621065999,1.0,1.0
1,0.14547697134746476,0.4302047521117806,0.22188890948531878,0.1473079220579684,0.14623202321572884,0.14425460885555783,0.0,0.39
1,0.957053841290458,0.4942163791824873,0.4942163791824873,0.8355333636098361,0.8742575878647643,0.8844722017452319,0.6,0.64
1,0.9999999662960228,0.9999999999270479,0.9999999999270479,0.9998615806832021,0.999999941187297,0.9999998258228152,0.2,0.44
1,0.9929147152976745,0.6393549815150841,0.9873186359179383,0.9803792795034955,0.9878516039681003,0.9871548619730273,1.0,1.0
1,0.1682206492810802,0.4302047521117806,0.2070793399072881,0.11590297775628348,0.1520125582696371,0.13488333152696105,0.2857142857142857,0.55
1,0.12048742894146654,0.4302047521117806,0.18158176672617019,0.08089185349737157,0.10622066056198617,0.09364753254510476,0.8571428571428571,0.38
1,0.3160598265632756,0.44082848959620596,0.20780176092687588,0.2790819295611495,0.30059752872177053,0.2994329372234658,1.0,0.4
1,0.9997946466019236,0.4344522857521304,0.4344522857521304,0.9974751773799774,0.998485864556198,0.9985620711054773,1.0,1.0
1,0.9968379205874214,0.9710209171327373,0.9798943206439876,0.9872354110012804,0.9943373402455989,0.9937997342266374,1.0,1.0
1,0.24655357877134398,0.44082848959620596,0.23371244768536192,0.20221181974771016,0.23743697291095556,0.23064139300397782,0.8,0.83
1,0.9760331575010328,0.44082848959620596,0.9920719254258736,0.9280784105097478,0.9717899277012304,0.9701224354465389,1.0,0.81
1,0.9989397099701508,0.9379471766787901,0.9379471766787901,0.990554445436651,0.9944703295158075,0.9949166879365828,1.0,0.99
1,0.13023232274841492,0.4302047521117806,0.04022064370789654,0.13018345006513302,0.11268526926280058,0.11760148535386357,0.8571428571428571,0.57
1,0.9992576753359076,0.9714358617984025,0.9714358617984025,0.993890762240206,0.9968704814935438,0.9971142749534596,1.0,0.98
1,0.9852360593710537,0.4302047521117806,0.8854312999074653,0.9691472536554169,0.9857793393820592,0.9853154065091168,0.8,0.9
1,0.9980638222126506,0.9962449958980685,0.9962449958980685,0.961498798942918,0.9905581677998244,0.9899044660615727,0.5,0.76
1,0.016585453973092305,0.0038428095585048808,0.0038428095585048808,0.052775588900030666,0.021951079571415767,0.02470187225465596,0.4,0.61
1,0.18729960909307888,0.4302047521117806,0.24518830876260442,0.124448008312029,0.16009432360823114,0.14319494030905316,0.8571428571428571,0.8
1,0.50908591492232,0.44082848959620596,0.4685238221009197,0.3686068750661772,0.45271177175655913,0.4346096256833919,0.8,0.63
1,0.9925792436505696,0.4302047521117806,0.9338939276664217,0.9864742248995101,0.9899930066311979,0.9885929361189462,1.0,0.94
1,0.9932991366821593,0.8421098621293583,0.8421098621293583,0.987213520521908,0.9848638348501286,0.9864239783791489,1.0,0.97
1,0.7937858815572242,0.5098502564211692,0.4065105723509957,0.7834590655066304,0.7730725647117181,0.7733201091643447,0.0,0.32
1,0.988241190259835,0.4604332760090254,0.9755584649293946,0.9599607389848333,0.9747868778436164,0.9724852259026576,1.0,0.98
1,0.9955952170469657,0.9997459539015073,0.9997459539015073,0.9896860486071734,0.9962034824030398,0.9962092831904049,1.0,0.92
1,0.7899374641662444,0.44082848959620596,0.7038233202417777,0.548927893893652,0.6612003111437987,0.6384330670909153,1.0,0.88
1,0.9884083642508837,0.997813830414351,0.997813830414351,0.9569927031943647,0.9841643835729006,0.9825783133982825,1.0,0.87
1,0.9684815270300978,0.964721852724431,0.964721852724431,0.867514604484977,0.8747696533443139,0.8796230948823235,0.0,0.755
1,0.9998848290133026,0.9562074855723118,0.9988378197646781,0.9991549844809687,0.9997205920734306,0.9995959569097148,1.0,1.0
1,0.2320589718424488,0.44082848959620596,0.21283557876318943,0.21006062413005366,0.21317713267690347,0.21009590746434398,0.8888888888888888,0.69
1,0.7660561263386999,0.44082848959620596,0.7700281936583997,0.7643864276966869,0.7542830187287417,0.7575951121318252,1.0,0.95
1,0.5018093328476864,0.2928121172920032,0.2928121172920032,0.3987465211669665,0.40900420315345637,0.4050862769865063,1.0,0.95
1,0.844206552010042,0.4302047521117806,0.9064500736051576,0.8493082815014557,0.8558335040242656,0.8493604206779504,1.0,0.98
1,0.9996536070947752,0.5463566468801789,0.9972630011260973,0.9984345803760765,0.9994075704947555,0.9990988922449977,1.0,1.0
1,0.9591698789299749,0.7650528223643546,0.7650528223643546,0.943114555878891,0.9467883439751033,0.9464804980126917,1.0,0.99
1,0.8085254652484177,0.44082848959620596,0.832900145721239,0.6524619878055132,0.7755008590056703,0.7675429244333069,1.0,0.88
1,0.8688355831650849,0.9304683287864913,0.9304683287864913,0.8523932817585635,0.8727003225346851,0.8723085286522,1.0,0.96
1,0.9941610982181948,0.999081405416784,0.999081405416784,0.9841050677882647,0.985314812693275,0.9872046505770516,1.0,0.94
1,0.9986911700255151,0.621269748987373,0.9906444631089284,0.9949082985037475,0.9977133777269529,0.9966003245891861,1.0,1.0
1,0.9976667963162424,0.9998863764263256,0.9985003409349873,0.9965359538860796,0.9981097430566354,0.9980943206017705,1.0,0.96
1,0.9565961544453344,0.9726089232402719,0.9726089232402719,0.9160794702551193,0.9486921129393677,0.9451156758517538,1.0,0.75
1,0.8871848109203311,0.5532102981500039,0.9754145600473653,0.8901590749952624,0.8943230803947887,0.8960767421400408,0.6666666666666666,0.61
1,0.9881496978053388,0.44082848959620596,0.9933961832517713,0.9808971493862094,0.9827014686462464,0.9825702011870222,1.0,0.8
1,0.9986788515793215,0.44082848959620596,0.999701931415469,0.9966648171769459,0.997995103773185,0.9980954635421048,1.0,0.9
1,0.952978580997483,0.9953038614594591,0.9953038614594591,0.8861009155850428,0.9016708168801444,0.8983523916716453,1.0,0.82
1,0.7884377185697442,0.37930902577087033,0.37930902577087033,0.8319822112999956,0.802534383592038,0.8126114135454139,0.0,0.57
1,0.993291070778683,0.9789840020967561,0.9945878175813905,0.9871154161762896,0.9925942461667975,0.9913312073279354,0.8,0.96
1,0.2588240126591161,0.44082848959620596,0.24868273970202978,0.2594414470500567,0.26061114299592236,0.2571174374232818,0.0,0.14
1,0.18830152271140863,0.2928121172920032,0.2928121172920032,0.1029396097644572,0.14235549487591784,0.10870646843343093,1.0,0.61
1,1.0,0.29886971138965707,0.29886971138965707,1.0,1.0,1.0,0.6,0.87
1,0.9963439287828232,0.5108398554284175,0.9984745867324981,0.9931298364843971,0.9943655078707204,0.9938234722470762,1.0,1.0
1,0.9998673234886004,0.6005349903654671,0.9778360883477685,0.9967103298800174,0.9990404388810669,0.999043475464387,1.0,0.99
1,0.9969253415160299,0.4955174973727988,0.9955839550978964,0.9934366772551234,0.9960146266079037,0.9954281243285906,1.0,0.99
1,0.9908848133632853,0.44082848959620596,0.9968586871419988,0.9849922923688725,0.9893015477062916,0.9891442852155009,1.0,0.805
1,0.9789152785643536,0.5930763341171267,0.9458177672340994,0.9383532445403339,0.9648620838271362,0.9602142926521842,1.0,0.98
1,0.9696910315954058,0.9658271785212984,0.9658271785212984,0.8706924295323368,0.8778859980602913,0.8825939700037491,0.0,0.755
1,0.9999999416661133,0.9999999999300193,0.9999999960207313,0.9999990442074727,0.9999996542663597,0.9999994803390162,1.0,0.98
1,0.9759728467798284,0.44082848959620596,0.9913739308516628,0.9774198963884954,0.9766261102699085,0.9769949778408413,1.0,0.905
1,0.8217363780961103,0.44082848959620596,0.9998505522674347,0.9247901815752863,0.8038045831431639,0.795514093567176,0.0,0.19
1,0.9999993027445729,0.9999045695757721,0.9999045695757721,0.9999184757967077,0.9999381915497861,0.9999612613767257,1.0,1.0
1,0.9996670643769409,0.7546737261508633,0.7546737261508633,0.9938186432076169,0.9945076894744866,0.9959475599870279,0.4,0.826
1,0.9953475579970491,0.44082848959620596,0.999697552598465,0.9950170203434029,0.994452199428395,0.9947449597267515,1.0,0.88
1,0.9999988610825103,0.5267332424164364,0.9989197904368582,0.9999932554462506,0.9999988980551565,0.9999980613586756,1.0,1.0
1,0.9957731005518654,0.44082848959620596,0.9997363824976185,0.99549168188924,0.9949641445932855,0.9952337635030115,1.0,0.88
1,0.5473063964076986,0.8550162226256276,0.8550162226256276,0.45985334825163987,0.6045068171629342,0.5628652992926689,1.0,0.86
1,0.9999924691542025,0.9971179771430225,0.9996161354941111,0.9999278435626724,0.9999902175678616,0.9999873770531398,1.0,1.0
1,0.9792576521904035,0.4302047521117806,0.9856441430458215,0.9622049705762478,0.9797815720499449,0.9795121734156456,1.0,0.91
1,0.9999999970951468,0.999999999719591,0.999999999719591,0.9999999625630965,0.9999999728239574,0.9999999879416389,0.4,0.78
1,0.9999997627173883,0.9995136616385315,0.9995136616385315,0.9999587394741332,0.9999525660787277,0.9999755347893957,1.0,1.0
1,0.7825095592881575,0.4302047521117806,0.8593706732432524,0.7726210162859553,0.7839791533921894,0.7808880758034269,1.0,1.0
1,0.3026884896034325,0.4302047521117806,0.28445120928711587,0.2642408054013384,0.29424264909462855,0.27811579719911206,0.2857142857142857,0.19
1,0.5738472314295733,0.4636816732369793,0.4636816732369793,0.49545514699775794,0.5663195965558145,0.5626240249920339,0.0,0.46
1,0.9817084238006125,0.48312731521378854,0.913739200634705,0.947462308618019,0.9543848142967228,0.957767030282328,1.0,1.0
1,0.6931219669378816,0.5121899714906463,0.5121899714906463,0.7236581935265863,0.7217491778772559,0.7181421259976624,1.0,0.77
1,0.9999684612555525,0.9464291818815926,0.9999992890005706,0.9999648452163814,0.9999719225281544,0.9999757589730053,1.0,0.97
1,0.989011658713616,0.7982651628857813,0.7982651628857813,0.9717715587582569,0.9710480132411594,0.9714939334612235,1.0,0.99
1,0.9998703643081434,0.9223151597210429,0.9223151597210429,0.9962017649726829,0.9986216672427444,0.9985874832250555,1.0,1.0
1,0.9796528682585206,0.9974547225481398,0.9974547225481398,0.9874135572972346,0.9839603177639493,0.9855168270631381,1.0,0.91
1,0.8545888659093285,0.4621490396169224,0.4621490396169224,0.6410662510372565,0.6579300588449711,0.660959974962463,1.0,0.8
1,0.9999726018552935,0.5398284640204558,0.9749582667848363,0.9947365601505528,0.9993511758295696,0.9983594244905791,1.0,0.98
1,0.9999991745280323,0.7746069864185385,0.8594751340788012,0.9999171781347026,0.9999740505453217,0.9999820261199569,1.0,0.94
1,0.9998728287586124,0.9999629041210699,0.9997472997324791,0.9998364127451428,0.999907080774927,0.9999064575903744,1.0,0.95
1,0.9953765664952602,0.9927070523199887,0.9927070523199887,0.9910452365268977,0.9951697282946296,0.9955358371663804,1.0,0.88
1,0.5365067426711195,0.47423354321083094,0.36857980401854645,0.47374551463141074,0.5329959719949903,0.5206714093159708,1.0,0.64
1,0.9999181368495976,0.5201706740112744,0.9953177227034713,0.9986190644597807,0.9998047114655485,0.9994812141044246,1.0,1.0
1,0.9911817807682791,0.44082848959620596,0.35548055487656216,0.9661110828324903,0.9629851353512328,0.9746867626185073,0.8333333333333334,0.4
1,0.9999997574502109,0.44082848959620596,0.9999999999605702,0.9999997780709828,0.9999998223678104,0.999999855200565,1.0,0.82
1,0.9999995168878373,0.9990066109181971,0.9990066109181971,0.9999264397930991,0.9999175005572798,0.9999570210054282,1.0,1.0
1,0.8871685757176847,0.9422958768845692,0.9422958768845692,0.8696576415382115,0.8937686173113417,0.8971141706413074,1.0,0.92
1,0.9999988685795411,0.9999644458415479,0.9988329924931677,0.9999878232724806,0.9999983676894902,0.9999969098130486,1.0,0.99
1,0.9138417685738566,0.47127230252963587,0.7861613049935621,0.8558089756258811,0.9001174137739542,0.8959227021848195,1.0,0.93
1,0.9975784997211323,0.9982729881255357,0.9982729881255357,0.9971941217075293,0.9976778667060604,0.997702605868119,0.875,0.95
1,0.9733834999624732,0.9447511270627529,0.9447511270627529,0.9416124065889435,0.9485547589748952,0.9492224645676963,1.0,0.98
1,0.9999869807443297,0.47416472334113285,0.9791819586463151,0.9998252872719231,0.9999435113290351,0.9999165304649402,1.0,0.99
1,0.7318889379486799,0.6289469459301009,0.6289469459301009,0.6784990265280825,0.7286372344393607,0.7144265873855815,1.0,0.89
1,0.6631180919588423,0.8677585044122339,0.8677585044122339,0.6078856664063447,0.6006253058561848,0.5991259179639505,1.0,0.99
1,0.8083584543611817,0.44082848959620596,0.5396571458507974,0.754209417164578,0.7708707170436278,0.7622549722044729,1.0,0.99
1,0.5812383312094072,0.44082848959620596,0.8888043638546297,0.5859071907474549,0.56105698003395,0.5598970230354526,1.0,0.99
1,0.9631566363819692,0.5736630338118486,0.8750433475690008,0.60448213590232,0.605140765698783,0.6262497754877238,0.8888888888888888,0.75
1,0.9916698060162122,0.4302047521117806,0.9824148914112484,0.9922915959794864,0.9942064061802505,0.9944717939365713,1.0,0.87
1,0.2577322576514381,0.7236935622207062,0.7236935622207062,0.3394666089656467,0.4142778643046831,0.3899742322401502,0.0,0.55
1,0.9147957823210326,0.9860797838703679,0.9729758524293733,0.9324456123992306,0.925085229394008,0.9295415191162781,0.875,0.98
1,0.9999998898335664,0.9864100558699985,0.9998206873506326,0.9998434076858934,0.9999875647218259,0.9999560990906977,1.0,1.0
1,0.9998663035281681,0.9999961272190141,0.9999724661640755,0.9995439391448586,0.9997507237747589,0.9997627260246515,0.6,0.9166666666666665
1,0.5642216936009739,0.4302047521117806,0.5126561167333973,0.39987522634869854,0.49075848116198023,0.4556846550779628,0.2,0.52
1,0.9971676319881617,0.9991760700816751,0.9992933786944702,0.9967809643170631,0.9971202874582149,0.9973888035131786,1.0,0.94
1,0.9245972878800047,0.5167753943395034,0.8392917945924068,0.8730058102856038,0.9098975952541309,0.902559642607921,1.0,0.91
1,0.8944561571846493,0.44082848959620596,0.8967118962973142,0.8299068230817878,0.864037002384605,0.8599885762356116,1.0,0.89
1,0.976050564588311,0.48213848682499677,0.817879631338237,0.9401608113562422,0.9720682029079907,0.9674635606127209,1.0,0.92
0,0.9989598826594585,0.2928121172920032,0.2928121172920032,0.9605243369875177,0.9872164248429827,0.9859511501113485,0.2,0.2
0,0.6151876903516872,0.4302047521117806,0.8205946543468308,0.3810616022604355,0.4279756923028589,0.37576961496114425,0.0,0.18
0,8.43642926918004e-140,1.5536576747235977e-76,2.8372897071319954e-81,5.346345365768043e-10,1.581728842196129e-26,1.2510458192943476e-15,0.0,0.0
0,2.2922435461865463e-06,3.0362539856620326e-07,2.9818723834328063e-07,0.00027387203959032655,9.086759319545844e-06,1.920935477850891e-05,0.0,0.0
0,0.35977850449526855,0.1341080758159185,0.1341080758159185,0.32695477044377885,0.43532038161627484,0.3925703470089722,0.0,0.03
0,1.6883041018631045e-23,3.3322858821292925e-11,1.0443385481105629e-16,2.08852744152144e-10,7.069910173269181e-14,5.028202608573381e-14,0.0,0.03
0,2.111531081662268e-06,0.00533925096206456,0.0012221389924200333,0.03520830940606045,0.010258768702842964,0.01471384895728725,0.0,0.01
0,0.14322892463363926,0.4302047521117806,0.2020775457001436,0.14258020879171626,0.1475705090596252,0.14476402389694717,0.0,0.01
0,0.0034462697779981686,0.4302047521117806,0.290934141705964,0.0039544851426868855,0.006368881305912651,0.0050369255384067994,0.0,0.04
0,0.3133745557570609,0.44082848959620596,0.24868273970202978,0.3062958974994446,0.3076993542688534,0.30743118238988787,0.0,0.13
0,5.8834690490111e-14,8.451411549652844e-15,1.93316572305794e-16,1.832007477389884e-07,5.860647807247524e-12,6.654003385459421e-10,0.625,0.05
0,0.0018121168290471678,0.05016995156514659,0.05016995156514659,0.026325960344661167,0.00976415138532916,0.009719957925344252,0.0,0.09
0,2.3403500874039673e-06,0.4302047521117806,4.418281747780357e-05,0.0001958742157856056,1.4723881760810016e-05,4.203479025033106e-05,0.0,0.05
0,0.00071753084922272,5.9728962524147626e-05,5.757747062876673e-05,0.009849569434240082,0.0012710234282525667,0.0021124850225313157,0.0,0.04
0,0.0024497963517282227,0.44082848959620596,0.0022534265206336527,0.0632120462625336,0.015071554530973658,0.019127887980863442,0.0,0.03
0,3.47470993384246e-06,0.4164108752973439,0.4164108752973439,0.002606489031275455,0.00037232604994054484,0.00036031967565908516,0.0,0.06
0,0.10032401461219835,0.44082848959620596,0.14506873083731178,0.09083858802066995,0.09886805116803475,0.09694693288835277,0.0,0.03
0,1.5709716474749597e-05,0.07272524315000556,0.0004594757799048046,0.0025081999122331536,0.0002522708118639865,0.0003257455394428951,0.0,0.15
0,0.057698739577441524,0.44082848959620596,0.19000791524437935,0.08331877433650196,0.0742945038361671,0.06873950551054717,0.0,0.03
0,1.3545390981609213e-38,0.44082848959620596,0.08850997575245642,0.002280030108591306,3.797925262418188e-05,4.9683876812081015e-05,0.4,0.37
0,1.4114900798154692e-05,0.0009853269303805778,6.854017145925518e-05,0.02744522570256237,0.009732481681682049,0.019240149489966045,0.4,0.24
0,2.900733947513047e-07,5.529348831668407e-05,7.834350503120339e-05,0.00633853266014582,0.000484258001974918,0.0019999448447431067,0.0,0.04
0,0.0003210454721377672,0.0021969893430632452,0.0018619669260951828,0.016287148263639334,0.001261135371348064,0.004222651823558723,0.0,0.17
0,6.309847561889929e-11,0.00013987818655623153,2.0449916792638218e-07,0.007788558383754653,0.0003166239638869951,0.0019060930356905193,0.0,0.02
0,0.2582880838151359,0.47988030061466036,0.47988030061466036,0.274162924852603,0.2771649116919185,0.27146613279692666,0.2,0.22
0,1.5511610687837656e-11,5.6100263648153656e-11,9.034755506927702e-11,3.9482366809038616e-08,1.3613989301783028e-10,2.6750537020699553e-10,0.0,0.02
0,0.0064871122514098736,0.2928121172920032,0.2928121172920032,0.026314488026757038,0.03720311524316338,0.02691386052754849,0.0,0.0
0,0.3817074855348679,0.4302047521117806,0.5277602916627049,0.3877704447720631,0.41136871801040825,0.3972977503467122,0.0,0.41
0,3.170642401542174e-05,7.79834045379948e-06,2.3983492608262666e-06,0.004269192064598958,0.00010956471561232173,0.0007115241888389265,0.0,0.0
0,5.833903024006768e-06,0.00018880877295586392,0.00012807356392682815,0.00030807950787232476,4.065032312225301e-05,2.626276877288878e-05,0.0,0.05
0,0.5614592811920727,0.2928121172920032,0.2928121172920032,0.5618984632263232,0.5651518668547035,0.562970040648896,0.0,0.11
0,2.3548633589038574e-85,0.20115913528518742,0.20115913528518742,0.05214035772003889,0.012362750742109846,0.01636973908953222,0.0,0.03
0,0.1685928237374188,0.5528689268299459,0.20655440151996723,0.17681691407345979,0.17476949673990222,0.17416507803035175,0.0,0.0
0,7.329766038902117e-62,0.16849821018325162,0.16849821018325162,0.09441797688582679,0.03166790472026797,0.04048406433596918,0.0,0.06
0,0.06503456637135001,0.448651763137519,0.17256630913026508,0.1389092156874548,0.09837078466732035,0.09170390397794673,0.5714285714285714,0.32
0,1.1165229412934836e-14,1.0590407214447363e-21,7.061145110978308e-21,8.904398994542657e-09,2.1763283675428979e-13,3.363399776480785e-12,0.0,0.03
0,0.00020178978005589492,4.072539622920633e-06,9.078906498995637e-06,0.0051733723806593,0.00038774796993596697,0.0007479209178721319,0.0,0.06
0,0.00042576011347072686,0.015218114343526686,0.007817877556875666,0.002256339972737407,0.0007013366655807677,0.0006373044667500492,0.0,0.07
0,0.006145865601713766,0.2844617402205605,0.2844617402205605,0.10194902039143305,0.03780053306857145,0.0395341727920843,0.0,0.27
0,0.1431714418925399,0.44082848959620596,0.18074314973793354,0.13467477900843225,0.14248804557055922,0.14036829025714326,0.0,0.02
0,0.00017780728982387932,0.0009616401425031548,0.00018258962916741688,0.45551186072947564,0.2202166344043258,0.32396423890678466,0.0,0.08
0,0.13006751121004764,0.16887660828295692,0.09291980289383599,0.1443414571585711,0.12311969479629113,0.13034516029992457,0.0,0.05
0,3.0595034677657875e-05,2.8499079810662533e-06,2.8499079810662533e-06,0.0029631224648181765,0.00014362375351491274,0.00029389756338696766,0.0,0.08
0,0.007743486861113641,0.0011244753021446105,0.0011244753021446105,0.05510667658173742,0.01288820888532267,0.01824586068455193,0.2,0.15
0,8.15994787099845e-06,7.603550888363162e-05,7.603550888363162e-05,0.000333830369896206,3.79014150790498e-05,4.47788302348129e-05,0.0,0.0
0,0.0007731005261107884,0.004002587348748833,0.00017728207426924423,0.017615579798622744,0.002750889009144215,0.004178631834505258,0.0,0.17
0,5.797217879427848e-120,0.44082848959620596,2.1632403310261565e-07,1.8883909952757556e-10,5.082183649001795e-17,1.4395473483597586e-16,0.0,0.0
0,1.4987973834060907e-58,0.4302047521117806,1.1443450480035153e-73,1.5122875819522937e-05,4.775267289789308e-09,4.4478736468871674e-07,0.0,0.01
0,4.470845202626514e-35,7.4133074605035385e-25,7.4133074605035385e-25,0.09451446235445186,0.0003951333843147576,0.009217984195185776,0.0,0.08
0,3.4175815219509867e-15,5.023137762578109e-12,1.0430109296497344e-12,0.38764091012191354,0.003953969446959519,0.03888684471370345,0.6666666666666666,0.17
0,0.038391240965816545,0.5414370141183666,0.285482088741715,0.12614352173685847,0.08813165804353999,0.08357662513524179,0.2,0.19
0,0.36976190600110076,0.44082848959620596,0.42137536311926505,0.3470616771858757,0.35882143426485846,0.35224790386050675,0.0,0.05
0,0.0050084504842344705,0.3573307729378422,0.3573307729378422,0.043456921063229514,0.019624683965082962,0.01789710525559106,0.0,0.11
0,0.01402400296904078,0.14877127211625765,0.14877127211625765,0.11223511690182301,0.07230850318484844,0.07637645001306319,0.0,0.01
0,0.003166919222455852,0.1629051675710524,0.1629051675710524,0.03278122262943841,0.014987115509409513,0.01372547152992485,0.0,0.05
0,0.5963247588857187,0.2314402986892215,0.2314402986892215,0.41340332496901344,0.4328190713354919,0.4253156302113925,0.2,0.07
0,1.8212655525316017e-81,0.23311197588275673,0.23311197588275673,0.019104388465392436,0.004838899942608481,0.005441852059130441,0.0,0.03
0,0.22200824850595569,0.3461284210729712,0.3461284210729712,0.22416602441055364,0.23834619573955773,0.2287106267540347,0.0,0.11
0,0.002264682355252534,0.00014303141493156877,0.00028294567505671256,0.023840176060569276,0.0038598832787309287,0.006050901309166099,1.0,0.34
0,0.1296651773870911,0.290964955009099,0.01980191209809097,0.1503258243596613,0.09390552829947164,0.10523010077938783,0.2,0.12
0,6.721546394210824e-07,1.815848212499787e-06,1.6089425531370917e-06,6.303324530858217e-05,3.5207618275796475e-06,4.294025977732078e-06,0.0,0.15
0,8.996480358626768e-06,1.350398894457239e-06,2.647414668260479e-07,0.0034638342654097092,4.1575779743591466e-05,0.0003772923979868971,0.0,0.02
0,4.190151711852614e-07,0.005331065399597925,0.005331065399597925,0.000863319344871998,0.00015554088224295178,0.00012009836785341349,0.0,0.01
0,0.02634973093717129,0.10065382340127726,0.10065382340127726,0.051545645777668306,0.039230555525083144,0.03626939270521461,0.0,0.05
0,2.078198024576208e-07,8.946480153610474e-07,8.946480153610474e-07,6.025670931059775e-05,1.7062095585133481e-06,2.6006364605240134e-06,0.0,0.04
0,2.1630372036960777e-17,4.1560435501514774e-11,3.562842547889838e-11,1.1238187782957917e-08,8.114408586164719e-14,1.7836113760140986e-11,0.0,0.0
0,0.05104808666930563,0.17248279482673828,0.17248279482673828,0.076568618890419,0.06968120451406899,0.0679991028770813,0.0,0.02
0,8.095492283185593e-14,8.004032439612148e-09,5.806194229094365e-09,4.6744604038295207e-07,4.816537899790712e-11,3.1519972023376436e-09,0.0,0.0
0,8.762235845166556e-05,0.0011512885123390064,0.00015826136843490456,0.0012596217188082849,0.00018797098412421293,0.0003947340501019122,0.0,0.01
0,1.3415687634793362e-36,2.329898444045439e-27,2.329898444045439e-27,4.1805820846380434e-05,6.878991688007485e-08,1.058436707364301e-06,0.0,0.0
0,0.0013075498091962342,0.00048740012804062143,0.00018650250338270925,0.023508140398377425,0.002869023515724883,0.007913250190694806,0.0,0.13
0,0.20233239978350856,0.03269754604095203,0.025793901931376102,0.31492467146006126,0.20246020693785352,0.23256622112168296,0.0,0.12
0,0.0006207552735509751,0.0018333985287563755,0.0018333985287563755,0.010825059262670867,0.002213738898413217,0.002371303689473502,0.0,0.04
0,0.15873190409948948,0.10258351278891154,0.06731198335096068,0.2430169450572669,0.1740338803363868,0.18568031777210858,0.0,0.09
0,0.24503072689086328,0.2928121172920032,0.2928121172920032,0.2863895172570524,0.279962785586089,0.279531081105076,0.42857142857142855,0.51
0,0.033361580391472044,0.00779244198955885,0.0025600248492364786,0.14660691223051162,0.048528311759101724,0.0884536791357618,0.0,0.18600000000000003
0,0.19134557102379013,0.44082848959620596,0.24868273970202978,0.17739606290951349,0.1883559027640557,0.18561220822074906,0.0,0.0
0,0.0010180701078739318,0.44082848959620596,0.22666527253433466,0.0028998986653485438,0.0020966187266330664,0.001716510533093834,0.0,0.02
0,0.35009205563264495,0.44082848959620596,0.49535056581599834,0.30787754217862867,0.376626588579934,0.3474942026661121,0.5555555555555556,0.35
0,0.0018382063864356161,0.04699837784143484,0.04699837784143484,0.012839646039688707,0.0049152016825321256,0.005322074942590156,0.0,0.19
0,0.0836649658758031,0.06742436541479122,0.06742436541479122,0.11348591251268146,0.08640741782963068,0.09036821488899115,0.0,0.0
0,0.006049046792298453,0.012799721170958891,0.012799721170958891,0.02661259284104733,0.01107023848578244,0.010576065128533561,0.0,0.06
0,0.15506848677288446,0.2765196413046516,0.2765196413046516,0.15843538472910743,0.15981391361577407,0.1496407140530796,0.0,0.05
0,0.0053622276910272,0.25457411100194166,0.0020810665410095322,0.06041976802663166,0.02044199005314884,0.02463240801577298,0.0,0.06
0,2.4512413646657467e-09,2.262303720421718e-07,1.5625812986784986e-10,2.2049884142721026e-05,3.806886710479732e-08,8.094627506095047e-07,0.0,0.05
0,6.14362787297e-05,0.003778459922461731,8.846011534161133e-06,0.0027496299130393355,0.00019016994670664907,0.0006411188376073766,0.0,0.05
0,1.2446565236931434e-127,0.4302047521117806,3.1561347294399987e-161,5.267308370802099e-10,7.613051128013469e-18,1.8368972488543376e-13,0.0,0.0
0,0.2988960087266378,0.44082848959620596,0.24868273970202978,0.5135607496213243,0.3002871938969652,0.3297537939360297,0.0,0.23
0,0.00030058549045364354,3.191674384251483e-05,2.0533326882506704e-05,0.003789568803237356,0.00046265961541666937,0.0007903010923240012,0.0,0.0
0,0.0,3.645963834480579e-09,3.645963834480579e-09,7.062556589312375e-10,1.6002499261363033e-19,2.9022875237570424e-17,0.0,0.0
0,0.00018719256146276355,0.026017488718333523,0.010782031232532994,0.006668273449463182,0.0009163323333833817,0.002588747474850625,0.0,0.11333333333333333
0,0.24687455974738157,0.4302047521117806,0.364400889205511,0.25217904123570833,0.26053725752987245,0.2543195444623382,0.1111111111111111,0.28
0,1.188542663725742e-24,0.0006158694478334564,8.578996645596049e-07,1.0800646814574491e-05,1.1149953585298017e-07,1.6578350230816498e-07,0.0,0.01
0,5.543449213117591e-21,0.2928121172920032,0.2928121172920032,5.059471065589845e-10,6.473583835430059e-13,1.7653577133641665e-13,0.0,0.0
0,2.59449047890242e-06,2.880903126679473e-06,2.485746384610516e-06,0.0001505392401177889,8.464887847959271e-06,1.1969441741206751e-05,0.0,0.03
0,0.1853541713380744,0.44082848959620596,0.24868273970202978,0.17511773547406823,0.187917734672492,0.18373540865247218,0.0,0.02
0,0.09378959185847344,0.24209425675865792,0.24469379514170594,0.1932647452486716,0.1321476125582016,0.15733358728210248,0.0,0.19
0,0.04610250618056682,0.21304660985014662,0.05561218590086392,0.0625540688731647,0.051763609904241024,0.057890759740633124,0.0,0.0
0,8.976817452474613e-05,0.00018880877295586392,0.00013148928702427928,0.0020229503681385478,0.0002751722791262576,0.00037842583178609204,0.0,0.0
0,3.647727242505724e-07,2.008568278239728e-06,2.624474253041694e-07,0.00012416211892624256,1.91559338678717e-06,1.1758780780520061e-05,0.0,0.0
0,0.0,3.645963834480579e-09,3.645963834480579e-09,7.062556589312375e-10,1.6002499261363033e-19,2.9022875237570424e-17,0.0,0.0
0,0.4682904800019032,0.35307323367586857,0.35307323367586857,0.34810881980562963,0.3596192764128725,0.3534336388926844,0.0,0.2
0,0.13572420320161743,0.2928121172920032,0.2928121172920032,0.13880298061054835,0.15647697452370876,0.1497883783110838,0.0,0.03
0,0.43511367831572145,0.26567661064037495,0.33083043465436496,0.36469291886283656,0.38990800583015967,0.36759840421761086,0.0,0.22666666666666668
0,1.0496910351897632e-21,0.11883259891531418,0.11883259891531418,0.10883173565942181,0.06343158196019053,0.06331545719205027,0.0,0.01
0,0.6958421484298963,0.024513476302090456,0.024513476302090456,0.4464860304727791,0.42281937228967514,0.451440930764276,0.0,0.11
0,0.1296722680373012,0.4685725728111659,0.4685725728111659,0.20262809728173842,0.1840619730180156,0.17824534499615685,0.0,0.06
0,5.141997968489726e-08,2.8764141404999294e-07,3.1697913192884416e-08,4.5171806600618015e-05,3.5008502103075314e-07,3.150013250187216e-06,0.0,0.01
0,3.567492266599023e-05,2.791364104828482e-05,2.791364104828482e-05,0.0023147997149811457,0.00020581701407157494,0.00031887432923594663,0.0,0.02
0,3.337384988106896e-09,3.331345371315056e-08,3.331345371315056e-08,9.9004360205155e-07,1.9600030454834904e-07,3.937724168977754e-08,0.0,0.0
0,2.2716880487122e-10,5.032027503745948e-06,9.255267841399864e-07,1.9316344851092312e-05,2.3966059989373178e-08,5.007930405042933e-07,0.0,0.0
0,0.5287981461782325,0.44082848959620596,0.5724424858441887,0.49511601796850957,0.5170423284316525,0.5047382021832587,0.0,0.7
0,0.001158978544292968,0.6592601084431472,0.6592601084431472,0.016652636249354882,0.027808660442239706,0.016406866860858595,0.0,0.07
0,3.488248167030121e-17,0.4302047521117806,5.221120899609995e-21,0.0071775566249238434,0.0012909215310911305,0.0038308230961935784,0.0,0.07
0,0.009715459290117913,0.4302047521117806,0.2593048376095177,0.00891984971482668,0.012518615079180223,0.008602268748809221,0.0,0.06
0,0.004658669058125601,0.44082848959620596,0.2607577650129406,0.020714117276454096,0.012558289873135448,0.010360470984638907,1.0,0.17
0,0.0008349246736373124,0.00832107809565531,0.0029276810208967922,0.0018251243678698193,0.0007181064572120503,0.0009547216654466768,0.2,0.08
0,0.13504884989502347,0.4302047521117806,0.22135719852562774,0.08632144949050634,0.11508059679425779,0.1038297393564751,0.0,0.15
0,0.9093070402401904,0.5571221623133523,0.9011074150905954,0.8374138803331047,0.869801210365965,0.8719383533639868,1.0,0.9
0,0.0061026968725584226,0.0052361216504868205,0.0052361216504868205,0.03277473095631014,0.014332403521761896,0.015851311625517357,0.0,0.09
0,3.648656597108659e-05,1.1989302477572684e-05,1.2156406696703851e-05,0.0010550259961061542,6.250112456692134e-05,0.00019834582840849547,0.0,0.02
0,9.225069618412938e-05,0.2928121172920032,0.2928121172920032,0.003040467756654247,0.0011581896961402834,0.0008871978310585961,0.6,0.22
0,0.5161111150382772,0.855613446793281,0.855613446793281,0.5264116825622605,0.5438829894338767,0.5391436069691398,1.0,0.59
0,0.040844330311648414,0.09130800805275792,0.0699590766922123,0.06620598630990147,0.049362494457491995,0.054008112846862015,0.0,0.0
0,0.15456494711789176,0.5978022971304161,0.5978022971304161,0.16497872393315505,0.17619504503598538,0.1583511602282331,0.0,0.21
0,6.74415142752519e-05,0.4302047521117806,8.825769168588857e-06,0.45748211184139226,0.31954388140236756,0.39005795791985937,1.0,0.63
0,0.0654634214361326,0.2928121172920032,0.2928121172920032,0.10982547456544615,0.09146857598713845,0.08236740664295826,0.0,0.17
0,4.625667478275854e-28,2.220078393256249e-19,2.220078393256249e-19,0.0005827683048827572,7.4057637597916334e-06,4.9465650757822895e-05,0.0,0.08
0,0.23644027928297018,0.2928121172920032,0.2928121172920032,0.25094812199311617,0.25271346611626144,0.24989258069300985,1.0,0.36
0,6.3681727224522394e-15,0.4302047521117806,2.0423575673733943e-18,0.018705623099728518,0.0029858479974233278,0.008455936549302928,0.0,0.02
0,4.3367562507159416e-05,0.44082848959620596,0.0198279939502479,0.016452024322637523,0.00403796285964225,0.004645737571520835,0.0,0.0
0,0.1793923552849301,0.2928121172920032,0.2928121172920032,0.19107845841526935,0.20331297122602593,0.19897092147462667,0.0,0.0
0,0.0003559893311440338,0.4302047521117806,0.0038399495357293706,0.002594151759322413,0.0011762292840334129,0.0016849796518794648,0.0,0.03
0,0.002888468073000861,0.011174975330572144,0.002038069973773669,0.02065429185421205,0.004743260362267584,0.008913153525902797,0.6666666666666666,0.09
0,0.32023553818467243,0.4302047521117806,0.20937994968386284,0.22362208142099702,0.27711061058877523,0.24673313314170173,0.0,0.07
0,3.91610544033844e-06,0.00024449666911754265,3.819492804155707e-05,0.09585666210310036,0.024438286263688786,0.0481868358090328,0.0,0.01
0,0.009473534678779262,0.2928121172920032,0.2928121172920032,0.04529429446758726,0.024149531578464046,0.02414350271108974,0.0,0.03
0,0.000341769688662908,0.01905562432349854,0.03458356664760289,0.1134187392221718,0.05672660912694991,0.08693432165717502,0.0,0.0
0,0.10318292511380919,0.34487172217181455,0.21029370098534642,0.1082233891371724,0.1072154930206163,0.09960737380051352,0.0,0.01
0,0.02507124722371281,0.014022140360023,0.011221759117157587,0.094110630081441,0.034136610807490746,0.043821002506434795,0.0,0.06
0,0.27366935252191366,0.44082848959620596,0.24868273970202978,0.22821166219092426,0.26801769361092775,0.26411128052463306,0.0,0.02
0,0.0034358687473430185,0.44082848959620596,0.009708019137447994,0.041583275895846324,0.014898485198020917,0.017552351142181177,0.0,0.03
0,0.0007656632485461513,0.010815231266070011,0.002964711762531656,0.0032043154050173856,0.0012081970680913672,0.001489346091076208,0.0,0.03
0,1.4137728513663661e-05,6.386554780764942e-06,1.2461956344290472e-06,0.0012545686821363573,3.747604898126633e-05,0.00018493966650983898,0.0,0.02
0,0.005025301824034464,0.056410860976778436,0.02590543891274743,0.011356119374137375,0.006781520010682523,0.0061543636252589205,0.0,0.03
0,7.722212460881334e-08,0.00010240422233342937,5.26023261555738e-05,1.9531395097790835e-05,1.4486145655698158e-06,7.890447759484623e-07,0.0,0.02
0,0.00011499890413201874,0.0006715042687897283,0.0003862730551608921,0.0009876225586654616,0.00020157583010824994,0.0002226442003826216,0.0,0.02
0,4.271807711240166e-15,1.4519312567357352e-08,1.2899982087207333e-12,2.367921837075901e-08,1.2577750997704502e-12,1.0757445674735596e-10,0.0,0.0
0,0.00010429956141964563,0.0005122216066583974,0.0004136401040468878,0.002608936039538913,0.0004147100733482063,0.00045972637698806407,0.0,0.0
0,3.482651825915055e-10,0.4302047521117806,1.0352931195224165e-06,2.9623006032574414e-06,1.666288285900818e-08,1.379413224216933e-07,0.0,0.03
0,0.18098471253814524,0.31305107343035293,0.1624558899670865,0.1807680295921156,0.1649938299295895,0.16676322524248746,0.2,0.08
0,4.420692165540326e-199,7.708653509541412e-38,7.708653509541412e-38,6.693748203028156e-15,6.283360835000552e-16,4.337296923397937e-19,0.0,0.0
0,3.0937005452469743e-105,1.280349491587505e-57,2.726302651042572e-61,7.097044518824233e-08,2.867425056198781e-20,4.26072990750336e-12,0.0,0.0
0,5.478408205788036e-11,2.2900784456673467e-06,3.818004473779897e-07,0.13798465596435816,0.009966952871856095,0.057551379302881095,0.0,0.02
0,0.023593367376705622,0.4302047521117806,0.005412011188903907,0.013261884327996116,0.018213323318867946,0.015561103263448608,0.0,0.0
0,1.5896599737707219e-07,0.0004995560378386861,2.5723173585581267e-05,0.02738307778315182,0.007139947599392465,0.017987182629240143,0.0,0.0
0,0.046254269000482004,0.1690929799660655,0.005748613894489689,0.13547238115887408,0.04964921711760662,0.07102463013752872,0.0,0.19
0,0.02709548269065042,0.004245900046002401,0.004245900046002401,0.10066878021353273,0.04584098965771644,0.059678610006661824,0.0,0.05
0,0.009483806536805611,0.0035382525754274878,0.0035382525754274878,0.04903767178313914,0.01622708711653841,0.020296826832952294,0.0,0.09
0,0.004160157485261255,0.10709371373131006,0.10709371373131006,0.06919450311908554,0.0382514031899601,0.04064569431568266,0.0,0.01
0,0.1529924098091188,0.18044909286209387,0.14348830653027697,0.1490768736737156,0.1397397396774263,0.13793926536875234,0.0,0.02
0,0.2356008424802663,0.18934455275725148,0.18934455275725148,0.29894005260232376,0.2542802040379484,0.25526472337490963,0.0,0.18
0,0.14831131865786049,0.15190959375771046,0.15190959375771046,0.18264675371405104,0.1437245037821668,0.14500597646740962,0.0,0.04
0,2.1178885649267408e-11,0.0009026376193336235,0.00014544434777673105,0.005821888526226773,0.00027157672793062663,0.0005003394925648514,0.0,0.0
0,2.1842181305321754e-34,9.379001272653844e-21,9.379001272653844e-21,8.249981577376725e-05,1.8285833385715324e-07,1.7370186442408484e-06,0.0,0.11
0,1.7858013195527516e-06,5.2843000446758e-07,5.080972969966488e-08,0.0018071219386513052,1.0572740335022661e-05,0.00013394501776502817,0.0,0.02
0,9.115794292764232e-05,0.09847193250486674,0.0015498007918045649,0.0028674787482948555,0.0003315831086033924,0.0008713437422269379,0.0,0.12
0,0.10679080091209059,0.4302047521117806,0.15502850120234857,0.07504096875049615,0.09536384513663825,0.08875955178070455,0.0,0.03
0,0.00023088687869315488,0.09503587221916152,0.0007758918359665738,0.022147313211873278,0.00266909999880122,0.0035747192276831164,0.0,0.35
0,2.267642657309844e-20,4.251177677486021e-20,2.2919672638324063e-19,2.4281311961868107e-14,5.22637777214508e-19,2.534187601893446e-18,0.0,0.01
0,0.0016773729539839135,0.07816920746942806,0.05792769652361496,0.012156932324375036,0.005589742701493974,0.004736376713118535,0.0,0.06
0,0.004940359604606137,0.0749321448548159,0.007641698271605237,0.05927649345566492,0.010838155542503926,0.023910946343287626,0.0,0.05
0,0.549795961165618,0.6072796709222227,0.6197741601676607,0.5029457120757201,0.5417717007435229,0.5288770614951024,1.0,0.79
0,0.002510465685272997,0.0017842968624654392,0.0017842968624654392,0.021197607906300448,0.006017896054609154,0.007569873140115726,0.0,0.01
0,1.7059567417237122e-19,8.70252011013882e-25,3.0298614551364316e-26,9.181708131918731e-09,8.855206913437149e-17,9.19165495807032e-13,0.0,0.01
0,2.666643629364339e-14,1.7179882981925314e-14,5.3978811188321244e-15,2.5061811624156883e-08,2.021314005334883e-11,7.877976913093132e-11,0.0,0.0
0,2.459079924766328e-05,0.44082848959620596,0.0004726589000102917,0.0018104978887055789,0.0002978987396306884,0.00037493698859137904,0.0,0.01
0,0.017951421570558252,0.4302047521117806,0.038803256303347564,0.045666783692541964,0.024728940753822076,0.03290794508502119,0.0,0.1
0,1.0545777278813587e-23,9.963127031534267e-14,1.1031039031561165e-15,2.9838391399533656e-06,3.61662786382891e-09,4.104615731696125e-08,0.0,0.0
0,1.0124009527014445e-09,0.00044881120117392823,3.5847835087326975e-07,0.00016064164592437084,3.667237229665977e-06,2.3209293977976664e-05,0.0,0.04
0,0.006658983469883222,0.12132387753132029,0.12132387753132029,0.01587582145968511,0.010902588960479598,0.008161836498722777,0.0,0.09
0,1.088410241247219e-07,0.0036319058049398495,9.036262334566202e-05,0.005740522260553882,0.0007006715455150627,0.0023017570672006107,0.0,0.03
0,0.0013410863479934377,0.004239296458560127,0.0022882319063321807,0.0069778185963527955,0.0023791847587639396,0.002739183196191055,0.0,0.03
0,0.01994381054820073,0.4302047521117806,0.05209793053978734,0.030856915282725345,0.023172524772893128,0.025049503228884974,0.0,0.01
0,1.8880737813231028e-41,5.167522782968745e-11,5.167522782968745e-11,0.0005418015039494261,0.00016364804019404242,7.436148088169056e-05,0.4,0.03
0,0.0032885920815831763,0.4302047521117806,0.00229400194137077,0.04632443623056865,0.00726887180784035,0.016361676149056606,0.0,0.21
0,0.004225823508013411,0.03658665528110834,0.03658665528110834,0.01714577458856061,0.007168671254675217,0.0069628535645660135,0.25,0.02
0,0.003030648691574798,0.03776450160607324,0.019206211150360593,0.012973991909988852,0.006449983668130468,0.006681908418110384,0.0,0.04
0,0.003747581493479371,0.4302047521117806,0.06698781199598042,0.005415924289885933,0.005370735252206567,0.005166172879620402,0.0,0.01
0,0.048955786538557894,0.4302047521117806,0.037218453936149934,0.0968972722316472,0.06690279132612373,0.07531012538034577,0.0,0.43
0,0.18190150018873213,0.2928121172920032,0.2928121172920032,0.19191290770115474,0.2041733257272239,0.19986147979060512,0.0,0.0
0,1.0862443149133387e-05,0.05114590879886853,0.0018790544571837863,0.0019974995261782904,0.0002993079572636361,0.00032338926404892914,0.0,0.05
0,1.7099860187570435e-37,1.682298514185508e-13,1.682298514185508e-13,0.000741574199748594,9.232514928937223e-05,7.935969671918407e-05,0.0,0.01
0,1.998099834184291e-08,1.0999540451101812e-05,1.0999540451101812e-05,0.03377153367366521,0.0133727170846962,0.01860882976083545,0.0,0.01
0,3.05119066166678e-10,5.591064752399073e-06,1.9878047070058447e-07,7.457569665651722e-06,2.2240354286290438e-07,2.11469820426718e-07,0.0,0.02
0,0.13036781669308098,0.26967215806828837,0.26967215806828837,0.1561404483163475,0.15746352449322054,0.13974904198621044,0.25,0.19
0,7.779917910919518e-09,2.354253501559416e-05,3.937120412500806e-06,0.000265174061380689,1.099787443527348e-05,5.63017116652673e-05,0.0,0.0
0,6.565077394453501e-12,1.5686824056923748e-07,7.238113886708701e-09,1.597602197045265e-05,1.0346292720375516e-07,1.2476057076632355e-06,0.0,0.02
0,0.01592361686158501,0.005489101197658815,0.003871532704932983,0.05891620816034855,0.024319037901797343,0.029710541509852122,0.0,0.18
0,0.014542802718834104,0.009318735753798688,0.009318735753798688,0.04223108371387203,0.029896098779066023,0.023499931415140885,0.5,0.08666666666666666
0,0.8178804137511384,0.47423354321083094,0.8903945979917383,0.6195000522260866,0.7837688838700912,0.7623764898780777,0.0,0.55
0,0.999999975642662,0.00013500626671283515,4.588943993002923e-05,0.9997535756758447,0.9999870633242535,0.9999978781962938,1.0,0.28
0,3.018741404773812e-13,3.7458660331132664e-06,3.7458660331132664e-06,0.0087069743159696,0.0024283064754100723,0.002754076988885325,0.0,0.0
0,0.28136239505167543,0.47744557764668627,0.24720644323712737,0.2539115628665034,0.2300704356806162,0.22876644114870348,0.8571428571428571,0.34
0,0.005404348858633999,0.0420334998934891,0.01895271963717242,0.028567364987268723,0.00954595837560033,0.016204048085144328,0.0,0.0
0,1.6723431369730464e-11,3.656050378105601e-07,1.1898852940974454e-07,3.2196113290638366e-06,1.759566746193777e-07,1.6861268497258956e-07,0.0,0.0
0,0.00019154525767957722,0.005428141202709398,0.00022675425798252683,0.002190889832079273,0.00039298843108579985,0.0007534795512223196,0.0,0.0
0,0.016367332179304105,0.0036190873590188325,0.0018941409020165525,0.12285493652619733,0.026747086283294877,0.05901492190625757,0.0,0.14
0,0.37477253429518825,0.4302047521117806,0.31917325803226143,0.29327672694983703,0.3436810325080604,0.3166204797282503,1.0,0.59
0,0.14582237707018939,0.4302047521117806,0.2055788619490215,0.14437814315985426,0.14947760634008955,0.14661778365342054,0.0,0.01
0,0.0060190694148995055,0.13228725638282654,0.031208367759443884,0.12144464150831893,0.08739458681065133,0.10850598623377708,0.0,0.1
0,0.06680517421321597,0.4302047521117806,0.031070648362032483,0.105435651172126,0.08003507645844998,0.08658962647996783,0.0,0.07
0,0.00417669152326447,0.010299885920857576,0.010299885920857576,0.02412075428325017,0.009200331220527493,0.01078888526072047,0.0,0.01
0,4.0081271121879604e-05,0.016322792618353846,0.005189940423402227,0.06543174009264421,0.026387380186123036,0.034465266471815297,0.0,0.0
0,0.005087187752490958,0.37005791118784626,0.37005791118784626,0.041637693216126315,0.020352178385539172,0.020186845843490182,0.0,0.07
0,0.3382144243634031,0.6221788964152016,0.6221788964152016,0.28251047016087805,0.31024982775110593,0.2914280652370208,0.0,0.05
0,0.42244102155257973,0.2928121172920032,0.2928121172920032,0.35992434504892995,0.42976060086804596,0.4255463705554802,0.0,0.11
0,6.766473593574403e-26,9.454895824172116e-19,9.454895824172116e-19,0.003679211750585189,4.577014316764311e-05,0.000337203213589504,0.0,0.03
0,1.2490660449003493e-70,1.1117572830309225e-38,2.772692785558468e-41,9.483003177974521e-06,5.292433825038821e-14,1.4663300204242914e-08,0.0,0.0
0,2.2403655296845313e-07,4.918673759423246e-05,6.31321276995799e-06,0.024758492918151083,0.005998122964841731,0.012079053255344986,0.0,0.03
0,0.07642390406057176,0.44082848959620596,0.2166679698828843,0.05051045521418464,0.06752244730661766,0.061460613473093846,0.0,0.01
0,4.027072342599372e-05,0.001302928387541042,0.0007911519477699996,0.00037282878932251925,7.308891113547127e-05,7.797052892755311e-05,0.0,0.0
0,8.927342998634337e-17,4.038926051567197e-06,4.038926051567197e-06,0.0006137614531560001,9.706273873078829e-05,7.282761236818403e-05,0.0,0.0
0,0.0007169092628949768,0.052381434107261086,0.012797019017908407,0.06090854237013123,0.035150226268356566,0.04986469869437924,0.0,0.0
0,0.0003102225719882121,0.0015547449827341896,0.0015547449827341896,0.0029526020070143526,0.001584211006693972,0.0008607897277830138,0.0,0.0
0,7.726506203779677e-28,1.9663607237342607e-12,1.9663607237342607e-12,0.0006352643627205006,4.385824276927502e-05,5.996305908294865e-05,0.0,0.0
0,3.8721056796813427e-22,2.2038262849078426e-16,2.2038262849078426e-16,0.1312214003896064,0.004203112110484659,0.03177933164868996,0.4,0.26666666666666666
0,0.20495005083060133,0.23514074371170174,0.185948155898791,0.24638838989805997,0.1912486106775218,0.1962635464105623,0.0,0.25
0,5.577974699701833e-06,0.0003866769296539061,0.00010722723131184069,0.0009770737779942018,3.6461164654157945e-05,0.00017507773255974617,0.0,0.0
0,1.9581163200397275e-10,1.0667982850624561e-07,1.0667982850624561e-07,0.1589477830170559,0.04534652234642341,0.09797716907185203,0.4,0.1
0,0.0293833475222141,0.3667704495537432,0.05051192475673903,0.058776229508424385,0.036794457890967504,0.044775789731353016,0.0,0.0525
0,5.960792413896255e-06,3.916365067797176e-05,3.916365067797176e-05,0.00034742204323840473,2.7875636627924724e-05,3.2174235925800266e-05,0.0,0.01
0,1.9323700471169277e-11,0.05016995156514659,0.05016995156514659,0.01134667883085953,0.016838376771608498,0.0036407688276006846,0.0,0.02
0,0.005095137914274504,0.014512035213981105,0.0034803555549978815,0.016841338116616075,0.006684558153939522,0.009393362410680759,0.0,0.03
0,7.172547187482386e-09,0.44082848959620596,0.2415344320800936,0.005411825312581013,0.0025892051121581194,0.0022184020740506653,0.0,0.01
0,0.37687728369244633,0.3674595725811577,0.3674595725811577,0.2583632719186223,0.23816948541136587,0.2408977770401506,0.0,0.1
0,0.00011156828819832003,0.005973903349663176,0.005973903349663176,0.0026099004272225864,0.0005654373468345303,0.0005336654577168756,0.0,0.11
0,8.657745573308414e-06,0.00855943897455046,0.002577980364634359,0.054494895666290885,0.017900176816736113,0.024785954272980297,0.0,0.03
0,0.22496553763899144,0.2928121172920032,0.2928121172920032,0.2522365128266904,0.2570409520652212,0.2550161054515635,0.0,0.02
0,1.572602055737001e-17,2.4469703947265085e-09,7.563261403885084e-10,1.1799573614001362e-07,1.4737822015868256e-09,1.2615617100801642e-09,0.0,0.04
0,8.190065856619805e-157,5.525951563656271e-30,5.525951563656271e-30,5.2814541735052485e-12,8.430404502502538e-13,2.7275982206670698e-15,0.0,0.01
0,0.14450166305692608,0.2928121172920032,0.2928121172920032,0.21866639286323958,0.19784459113368366,0.1895772864088416,0.1111111111111111,0.05
0,1.7277717172210888e-84,2.8937039877622792e-46,2.6930326442361303e-49,1.3351203523159698e-06,1.6372948313409206e-16,5.620529799457392e-10,0.0,0.0
0,3.557701909933839e-46,6.18550213297139e-19,6.18550213297139e-19,2.2878147235780814e-06,2.1870730684490727e-08,2.8423412376987787e-08,0.0,0.01
0,0.00011449827571724545,0.0004582355765214754,0.00017040476119304222,0.0015164807617056566,0.0002538261129432887,0.000313324145806108,0.0,0.0
0,3.3624160983782477e-12,1.4276900841014582e-05,9.727828842079394e-07,0.004586594681590148,0.00012116640868531032,0.0009493668357833171,0.0,0.01
0,5.025219934662878e-20,6.566193957030748e-11,5.430571545065569e-12,5.116649798567979e-09,5.5318773800817376e-11,4.151423190835649e-11,0.0,0.0
0,2.247963136188711e-07,5.2371348049373e-07,3.0736036166976436e-07,0.04380578022079421,0.004065135428431886,0.010912239997524435,0.0,0.15
0,3.8721056796813427e-22,2.2038262849078426e-16,2.2038262849078426e-16,0.1312214003896064,0.004203112110484659,0.03177933164868996,0.4,0.26666666666666666
0,1.277646165279755e-21,2.2753904012736932e-07,2.2753904012736932e-07,0.0005051153532764302,0.00010389507653615824,7.293724301045759e-05,0.0,0.02
0,0.00044764069880718054,0.04610846774121695,0.014215008652238861,0.07272924005083942,0.04205889560314164,0.0485823774949999,0.0,0.03
0,9.126767531581494e-09,0.4302047521117806,6.941282199644765e-10,6.929067531754613e-05,1.6512188043713462e-07,2.0059467840629557e-06,0.0,0.01
0,8.883119061277968e-14,0.4302047521117806,3.094568990276981e-06,6.294067607147433e-08,3.701054873560758e-11,8.1351718332365e-10,0.0,0.01
0,2.0743006812255706e-53,2.390095275818545e-15,2.390095275818545e-15,1.8949169393973635e-06,1.2923111422281375e-07,4.772480218689244e-08,0.0,0.02
0,0.001003668632127721,0.060737322453149084,0.016814794142179852,0.06306351430662535,0.03840450524506293,0.05291603031489354,0.0,0.0
0,0.3040009244366608,0.44082848959620596,0.24868273970202978,0.3074896413129786,0.30775671290543904,0.3066277237249731,0.0,0.05
0,3.843706756755587e-09,1.0987092917598395e-06,1.6799121268150517e-07,0.08608725751813848,0.007987100444568384,0.025594248233395605,0.2,0.03
0,0.1955572594412063,0.44082848959620596,0.24868273970202978,0.17896071855299145,0.1903805808798252,0.18779440921667423,0.0,0.0
0,0.0333435719634705,0.22114053718365853,0.22114053718365853,0.07106085362927773,0.047079621881061504,0.04729731981985902,0.0,0.07
0,1.1476097202423781e-11,1.1980482924305694e-08,1.6011605537733273e-09,0.0003602089347086484,1.0709809068754073e-05,3.597392134543688e-05,0.0,0.0
0,1.0927668527640387e-41,2.7303494408676586e-15,2.7303494408676586e-15,2.2064075949307672e-06,4.525434381677199e-08,3.453116424308982e-08,0.0,0.01
0,2.0647211281093772e-06,0.4302047521117806,6.0424559781764104e-05,0.000620028311477531,2.3793430200789313e-05,9.370279678022848e-05,0.4,0.03
0,0.1457520677272253,0.9041840118782912,0.3245095139829731,0.08940988902929493,0.1275312344403772,0.1156043112834111,0.0,0.02
0,9.62186567533935e-06,0.00028712625182572424,1.636216380825601e-05,0.0010641834220934759,4.857806531282273e-05,0.00024392117327203563,0.0,0.13
0,3.523793847558754e-216,0.2928121172920032,0.2928121172920032,0.0020795883532388217,5.792575304064096e-05,0.00012429079358612524,0.0,0.11
0,0.1440145076813733,0.4302047521117806,0.18200474217039095,0.13354676161117862,0.14194287406597403,0.13834405448851647,0.0,0.01
0,0.18322013502469625,0.2928121172920032,0.2928121172920032,0.16226945033604182,0.18763318597427914,0.18213355895718744,0.0,0.0
0,0.018091246615842032,0.028914812644029224,0.028914812644029224,0.0750478367730081,0.03349987527348527,0.034476166592036506,0.0,0.09
0,0.0007536520601606869,0.03612242600942086,0.03612242600942086,0.01796165006857251,0.005500456982619101,0.0055010002656285485,0.0,0.15
0,0.0003338452996181377,0.0020187165202136008,0.0003426247697488859,0.0047531150763554155,0.0006895297827464856,0.0015691636146420065,0.0,0.003333333333333333
0,0.5252907773793162,0.26567661064037495,0.19032475328336484,0.49441518658864764,0.5042044721045982,0.5125502226601031,0.0,0.11
0,0.0990208288215788,0.07272524315000556,0.03776425288724888,0.13427883429165702,0.09976710152531236,0.10529525577675183,0.0,0.04
0,0.191457391586972,0.2928121172920032,0.2928121172920032,0.23800933219984982,0.23097335546407619,0.21889038288480778,0.0,0.2
0,4.734324306145571e-17,6.682968051431275e-14,6.682968051431275e-14,7.677001957810055e-08,7.629415036047356e-11,3.115361067865386e-10,0.0,0.03
0,1.1864995734905685e-12,1.0553370307198035e-09,5.731029324380698e-10,4.454654845793326e-06,6.775102470885525e-08,1.1060191360959352e-07,0.0,0.03
0,0.00010596537020692168,0.035334236917829345,0.035334236917829345,0.00192657508910948,0.0005748299863613267,0.0004070778689224201,0.0,0.01
0,0.7978803052710892,0.44082848959620596,0.24868273970202978,0.6233168379936296,0.7023347417509527,0.6711167531875779,0.3333333333333333,0.17
0,0.0008636462917724165,0.001948919753894408,0.0014020968980343962,0.14021771782777753,0.06874701852015917,0.10290616970741291,0.0,0.07
0,0.09212018061782114,0.09694665950506065,0.09694665950506065,0.12363082414769128,0.09343980072572336,0.09440324532345497,0.0,0.13
0,0.20262133360420212,0.44082848959620596,0.29135534859566686,0.1784999592036174,0.1952561753891373,0.18699834254775852,0.6,0.19
0,0.10060943097807692,0.4302047521117806,0.20658745899875314,0.07623143348199894,0.09509980904448383,0.0860035686659032,0.0,0.11
0,2.538762063953049e-16,8.385753711856474e-11,8.385753711856474e-11,0.26721332632030603,0.024943320898575948,0.09696432334744148,0.0,0.04
0,1.7083272400971519e-06,2.0630700034876774e-05,3.753293012034416e-06,0.0011256931751945152,7.559818001384793e-05,9.765122697252625e-05,0.0,0.08
0,1.7654335763709626e-53,0.017295657659129944,0.017295657659129944,0.04721074036485195,0.006516249105026821,0.010373883704975871,0.0,0.08
0,1.887791235739498e-14,0.10723210003446497,0.10723210003446497,0.177450289237162,0.13304647129828293,0.13775189818822078,0.0,0.11
0,0.3020370400128261,0.46270113039315014,0.32338814165897894,0.26405720275235417,0.28663598851728356,0.27479882232979375,0.0,0.21
0,0.0004645076656339108,0.04338610373321362,0.00017859983427688135,0.0072415385692352514,0.0010369698022870185,0.002482723280648195,0.0,0.07
0,3.0223108425315484e-60,8.307924778780314e-44,1.9132528346519753e-49,7.215523394476285e-06,7.909387339796046e-14,5.57156660655208e-10,0.0,0.0
0,0.030090179006399546,0.30784798140207875,0.019359415132554812,0.11903732574143491,0.06438157871203713,0.06468479225310965,0.0,0.04
0,0.0002786391722580769,0.0001322329764748927,4.434190522209675e-05,0.014066386597881664,0.0007371825348949021,0.003210012528844223,0.0,0.0
0,1.1376592988888601e-08,1.2053922269407858e-05,3.019696713323743e-06,0.0003954943902388151,5.091387460766735e-05,5.208567975553613e-05,0.0,0.0
0,0.13153106358094416,0.2928121172920032,0.2928121172920032,0.12851054191401817,0.1462310221998874,0.13891970530842832,0.0,0.02
0,1.1137727182016138e-17,1.0590407214447363e-21,7.061145110978308e-21,1.97343681811316e-11,2.6235569683949916e-16,3.586659141924294e-15,0.0,0.09
0,8.626968762039391e-08,2.2927748715238885e-06,1.336950977282675e-07,5.950840781835641e-06,1.8873407009022006e-07,6.528732911414056e-07,0.0,0.02
0,8.252960012916743e-07,6.331877690391347e-05,6.331877690391347e-05,6.454570798436891e-05,6.367453669300318e-06,6.522727347767848e-06,0.0,0.01
0,0.18172119888778285,0.2928121172920032,0.2928121172920032,0.16057520828864047,0.18609971683776627,0.18058432776809638,0.0,0.01
0,0.15502599232205247,0.4302047521117806,0.1507595281906134,0.15565556263434055,0.15512968456844226,0.15485426812256128,0.125,0.24
0,0.011628976703472887,0.1896133325350792,0.1896133325350792,0.11971481513799405,0.04664258766236013,0.05190121444671662,0.2,0.05
0,1.7277717172210888e-84,2.8937039877622792e-46,2.6930326442361303e-49,1.3351203523159698e-06,1.6372948313409206e-16,5.620529799457392e-10,0.0,0.0
0,4.629816065245776e-143,9.463724729633465e-103,9.463724729633465e-103,3.7012462094243665e-05,9.048465126963047e-15,4.009368523165068e-09,0.0,0.01
0,4.417468102787903e-06,0.0017500020858603812,0.001070577363828332,0.157476634118642,0.044544568712453,0.09941938436550565,0.8,0.11
0,0.7114498836567608,0.22307639808079147,0.22307639808079147,0.42264814202576634,0.4842919629738559,0.4698836110174864,0.0,0.19
0,0.023588647690818206,0.15152662299301334,0.15152662299301334,0.11478176265479262,0.0784306735431137,0.08060728698196404,0.0,0.0
0,0.001865371036529549,0.00033465166326269216,0.00019537132943720845,0.03182302671773433,0.003636592075038135,0.006287889401798631,0.5714285714285714,0.22
0,0.018756212885739115,0.04633364840629997,0.06887700463465561,0.056477303518559584,0.028453692568462755,0.03627856807812909,0.0,0.015
0,0.19888060698975502,0.04081256167800498,0.07934071227313709,0.4985488479881907,0.431800598249297,0.4879928407418112,0.0,0.21
0,0.009319628553557155,0.11483195321702963,0.0006100046383944445,0.046424472148947515,0.01128890856791421,0.01904651902492807,0.2,0.07
0,8.049534141046314e-11,1.652931302348702e-05,1.079717794100682e-07,2.169205601064101e-06,1.1014741799234671e-07,5.7078707613248506e-08,0.0,0.0
0,0.0071442336996628795,0.0024563439027099434,0.0024175620215591237,0.04894941837378767,0.013641953210168149,0.016556134940339695,0.2,0.23
0,0.7562887734707363,0.7503966679189339,0.7503966679189339,0.9458749523830127,0.9644351975574001,0.9682579100306474,0.0,0.75
0,0.0030277131370505727,0.2928121172920032,0.2928121172920032,0.005654367136800483,0.00487011557741601,0.003101461230340866,0.0,0.01
0,4.669360598890535e-12,0.00029064848218450555,0.00029064848218450555,0.0015725300096044736,0.00026126099957125105,0.00020939954875519748,0.0,0.0
0,1.740984262507856e-84,2.8937039877622792e-46,2.6930326442361303e-49,1.3388963445123182e-06,1.643777959187247e-16,5.639804781139549e-10,0.0,0.0
0,0.12928110563506537,0.4507850733855836,0.4507850733855836,0.18058188780544168,0.175914443887206,0.1654729693263606,0.0,0.09
0,0.2139103867061445,0.04357664975424938,0.04121609172685736,0.3628689095377763,0.2217922423541429,0.29116034511926225,0.0,0.14
0,0.049534178270542524,0.03612242600942086,0.03612242600942086,0.08551132191793683,0.055172476675369855,0.058347975130165125,0.0,0.01
0,0.007990597462094778,0.005489101197658815,0.0030734866907392152,0.022632860878935797,0.00895258505333258,0.010058834888883776,0.8888888888888888,0.18
0,0.016401222950751745,0.06352682848354466,0.02283932165057024,0.05301478677763603,0.023518885936166474,0.03418230878349689,0.0,0.03
0,0.007346298128637589,0.21864625752275466,0.008677642955592074,0.034056547274670446,0.013298964415263029,0.018998685005187557,0.0,0.06
0,0.0,0.00075030592500151,0.00075030592500151,0.0001111974306521702,8.96824682677458e-09,8.955987518468766e-08,0.0,0.09
0,0.035288588657254656,0.05598833440136319,0.01946735677512441,0.09498093431296753,0.042400954354246304,0.06285712733759172,0.0,0.01
0,0.05337783864971651,0.005107372875071032,0.005107372875071032,0.13576039773731288,0.06930543199359177,0.08140360798650757,0.0,0.19
0,8.039025582276826e-15,2.918272146275728e-10,2.918272146275728e-10,0.0014053572419890535,0.0001757643908551538,0.00026197568507784765,0.0,0.0
0,2.773147008651594e-10,2.851971777390963e-07,2.851971777390963e-07,0.04070759407418521,0.012597343912525455,0.02206250841624792,0.0,0.01
0,0.9977886622103128,0.44082848959620596,0.9999234644586869,0.9975707225566106,0.9978696216229208,0.9980505659765696,1.0,0.85
0,1.7609414535484454e-15,6.208432993141383e-08,6.285169810233795e-10,0.007064376778793638,0.00010931659956735938,0.0014413290413440591,0.0,0.01
0,0.5704574341080239,0.08014263920162559,0.08014263920162559,0.4898748194775082,0.5613956343381844,0.5696250672852761,0.0,0.11
0,5.115527354626462e-07,5.601647838734801e-06,6.465811698835199e-07,7.907715196262803e-05,2.13222326125117e-06,8.648165870169451e-06,0.0,0.0
0,0.14040077204535004,0.10469895257226201,0.10469895257226201,0.22449964730830782,0.29055162528224826,0.25456716171057625,0.0,0.02
0,0.2980559257364386,0.20755227792444048,0.17810324860992988,0.22138221063930663,0.21919941994411374,0.21427506556065418,0.0,0.05333333333333333
0,1.5642083012910266e-07,0.0005180391484790462,0.0003316089719950553,4.766435361996484e-05,2.578416345453173e-06,2.2924174522020276e-06,0.0,0.04
0,1.718273268304341e-08,0.009196769333600802,0.009196769333600802,2.5683149272031288e-05,1.3725784477850274e-06,8.500688504188636e-07,0.0,0.03
0,0.18311395641013176,0.44082848959620596,0.24868273970202978,0.17623817415807805,0.18688953917376058,0.18343809672134398,0.0,0.0
0,0.18754362393824175,0.44082848959620596,0.24868273970202978,0.1770974960092064,0.18787112847070697,0.1847884073449033,0.0,0.0
0,0.26539046909595615,0.05408151127564762,0.08511312582465533,0.2978837387469414,0.2573447832492788,0.28146455247723606,0.0,0.31
0,3.0937005452469743e-105,1.280349491587505e-57,2.726302651042572e-61,7.097044518824233e-08,2.867425056198781e-20,4.26072990750336e-12,0.0,0.0
0,0.04423304649892437,0.19663094627275587,0.11593080700147927,0.06526317430109384,0.04833159608307852,0.048100178420299976,0.0,0.03
0,2.7163116391441824e-15,2.293497274865097e-10,2.8806024078047503e-11,8.088570665364026e-08,4.9949397595292374e-11,2.107217294595503e-09,0.0,0.0
0,1.2827504631054546e-10,0.4302047521117806,1.1015733211662102e-08,4.955714483251502e-06,1.0213952294466699e-08,1.1887877990593185e-07,0.0,0.0
0,7.294477107683635e-07,8.779978278669189e-07,8.779978278669189e-07,0.0001861347952062833,5.452058753836774e-06,9.654677818869039e-06,0.0,0.0
0,1.2233437779731298e-15,0.001302928387541042,1.992525188183076e-06,7.01333647083531e-06,6.0075579989994536e-09,9.386441563266994e-09,0.0,0.06
0,0.03175055305190065,0.010181835039806223,0.00738538780386006,0.11815653918214193,0.044187622214661514,0.0768831002387891,0.2,0.04
0,3.767938683232808e-05,0.004166086190701095,0.00022552230499253812,0.00029348026693846264,6.724508696420486e-05,9.619485972326118e-05,0.0,0.02
0,2.082998540001463e-104,6.265522930400051e-80,6.265522930400051e-80,4.754734840185025e-08,2.2092789021784197e-17,6.732418313619391e-13,0.0,0.0
0,1.0387294170271301e-11,2.880903126679473e-06,2.485746384610516e-06,2.6201693670804953e-09,8.314865571867474e-11,4.1158330258386966e-11,0.0,0.21
0,4.375257341321895e-11,9.605308786820424e-10,9.605308786820424e-10,1.8051900359780173e-06,8.233463094747923e-09,2.013420353810937e-08,0.0,0.16
0,0.0008787228017417832,0.0001190262928755513,3.446565647657964e-05,0.026573802448363104,0.001777306174986877,0.007186614520173068,0.0,0.03
0,5.506565691259709e-12,0.2928121172920032,0.2928121172920032,1.6040393124146827e-06,7.851539618457194e-08,2.646212236236882e-08,0.0,0.15
0,4.846933517696175e-06,0.0001164451512916385,4.0551784400437906e-07,0.001223270965311119,2.0707224831163314e-05,0.00015263224304390402,0.0,0.08
0,0.028871916491478987,0.4302047521117806,0.11104044055789812,0.07021075845064813,0.04450638058736825,0.05407905336651675,0.0,0.05
0,0.0013754611586955696,0.0027850365810250057,0.0026498337672547544,0.21171512490194244,0.16280780468284653,0.18529787519042779,0.0,0.33
0,0.000252495395570834,3.3241436296866564e-06,3.5015846389431445e-06,0.0076903986809483595,0.0005126883296547462,0.0010296115294565946,0.0,0.01
0,0.022403891335376968,0.011883882012896554,0.0058839629407843015,0.06326114176983613,0.028673716639736134,0.034570781288168456,0.0,0.01
0,0.035973995036492915,0.11796483107194412,0.26608809598151273,0.47269849597536406,0.357857478486984,0.3710041321615081,0.0,0.46
0,5.519232191104616e-05,0.006043552946669867,0.002225530673489648,0.0010231878702556332,0.0002441819511473269,0.00016840323139924717,0.4,0.1
0,2.059484816738327e-06,0.2928121172920032,0.2928121172920032,1.134100390499989e-05,1.1371602193771731e-05,1.8818743419420657e-06,0.0,0.08
0,3.9675767538676135e-12,5.581209574668558e-07,3.620462037662456e-07,0.10218971202610652,0.0058224910904983804,0.039812099617893025,0.1111111111111111,0.36
0,0.09192401493262538,0.24913878293012573,0.09587328255706393,0.13542425092111007,0.10603272574680983,0.10402884429060606,0.0,0.01
0,7.955617162913339e-11,8.211215269392032e-09,3.3719341283265246e-09,8.423575961762291e-05,3.771655051115583e-07,6.059702355802172e-06,0.0,0.02
0,2.000266967366027e-08,2.8518851002405915e-07,8.161614048035818e-08,7.168227225653876e-05,3.078609813801497e-07,3.5195258889403097e-06,0.0,0.03
0,1.679599903324062e-05,0.003213761094694302,0.0007476108050344969,0.0027940142123877095,0.00013777482922432548,0.000543968750702702,0.0,0.01
0,0.0015619228341436369,0.005648843880106332,0.00260168747400406,0.01315673603808754,0.003779197469502635,0.004275837487142502,0.0,0.02
0,0.004580282586801004,0.12412613557848538,0.12412613557848538,0.07196481971994498,0.023023219719612516,0.026118286000935905,0.0,0.03
0,4.519785059276354e-11,0.4302047521117806,2.3127504227635155e-10,2.114685666391623e-06,1.0200968214896873e-09,3.221029495498869e-08,0.0,0.0
0,0.009226501610723309,0.005631718959204567,0.004848540030467074,0.04262795104395598,0.01292037804420344,0.01510398665966942,0.0,0.06
0,0.025824462808295662,0.1487623783741965,0.0021946381620319764,0.07390981068741613,0.026100130657798187,0.03783130264313504,0.2,0.06
0,2.3227524464574193e-05,0.024392256935127397,5.0032672603508405e-06,0.0007594030734190302,5.685478621499134e-05,0.00018717457177741507,0.0,0.01
0,0.17130355895919133,0.6694180488463314,0.12337341409718693,0.14939018446333527,0.16085336962560323,0.15252755227096182,0.0,0.01
0,0.5775857190677758,0.5930763341171267,0.41755862418016804,0.5960860861770785,0.5802275502267222,0.5775891622946709,0.42857142857142855,0.66
0,0.01853516857759369,0.5167753943395034,0.2590217899989728,0.03401748771572235,0.02606264355140071,0.024056482265105514,0.8333333333333334,0.31
0,0.07150862369744011,0.3160117753792915,0.3160117753792915,0.1626158091745244,0.16289913576986284,0.15070477642648947,0.0,0.05
0,0.17719902900394177,0.2928121172920032,0.2928121172920032,0.19122074646516207,0.20361670683742322,0.19930621033426363,0.0,0.03
0,0.36664254228714566,0.4690074565541648,0.1873206301677891,0.27916565482747796,0.27881197325976115,0.27648507773285935,0.0,0.22
0,0.008310198235334671,0.014512035213981105,0.006905183225227574,0.028459894860499435,0.010178043841125993,0.014709005501029581,0.0,0.02
0,8.43642926918004e-140,1.5536576747235977e-76,2.8372897071319954e-81,5.346345365768043e-10,1.581728842196129e-26,1.2510458192943476e-15,0.0,0.0
0,0.010400220387163912,0.06829324532785915,0.06829324532785915,0.06820005247103737,0.03466745444718685,0.036213541277060154,0.0,0.1
0,9.38982021018409e-13,0.14972416735443272,2.240352096533946e-15,0.009097766815809042,0.001323627486764596,0.003930938948711265,0.0,0.04
0,0.14322892463363926,0.4302047521117806,0.2020775457001436,0.14258020879171626,0.1475705090596252,0.14476402389694717,0.0,0.01
0,0.14869212391835684,0.4302047521117806,0.2060827036136339,0.14541846075225814,0.15112678208520183,0.14797037714495523,0.0,0.0
0,2.848706384180128e-07,0.2928121172920032,0.2928121172920032,0.0008250939289822478,0.00010292407746638727,7.837724021583477e-05,0.0,0.06
0,0.1883613514435074,0.44082848959620596,0.24868273970202978,0.1770672795273933,0.18789939523457921,0.1848954677217318,0.0,0.0
0,0.0015322572894023226,0.005489101197658815,0.0025292158046421407,0.013000008267202715,0.0037106700252564585,0.004205575762350789,0.0,0.02
0,4.593405741360591e-13,0.44082848959620596,0.16499191725506498,0.0008033382217078384,2.4206414388243448e-05,2.5903300786584637e-05,0.0,0.0
0,0.07320639359231007,0.043369756299904944,0.13012621096703028,0.1088714957523672,0.08530402621517964,0.08590075263986545,0.4,0.43
0,1.0648889139071943e-07,4.918673759423246e-05,6.31321276995799e-06,0.02376997728288888,0.0038622745060362903,0.008745154253285039,0.0,0.0
0,1.6737027426487619e-12,2.8894729872851977e-11,4.834468188338778e-11,3.968005052405495e-09,1.292851614918833e-11,1.9762250890217496e-11,0.0,0.01
0,9.166449628314058e-40,2.137976278701983e-11,2.137976278701983e-11,0.00037907623307122877,0.00010452446583850163,5.013202687002848e-05,0.0,0.0
0,1.0761521751674852e-32,2.0723732130445983e-09,2.0723732130445983e-09,0.0007282225625809337,0.000235121608923779,0.00012246568492375352,0.0,0.0
0,1.351112700301155e-07,0.00033712916714861486,7.323002291885875e-05,0.0002528467578710889,1.00845732343254e-05,5.1199006321816425e-05,0.0,0.02
0,0.10076862731290563,0.44082848959620596,0.24868273970202978,0.11034103245894254,0.11032939462110607,0.10484430993808351,0.0,0.0
0,0.007265868036478341,0.7962902359347317,0.7491651148461906,0.0825520386691431,0.02527667129170217,0.041957865105023175,0.0,0.08
0,2.918784237292227e-30,1.9090116804552085e-09,1.9090116804552085e-09,0.00028579554914316864,4.8052638128611076e-05,2.8669665422951437e-05,0.0,0.08
0,9.07792679359833e-06,0.001556167690838471,0.0003897013823376072,0.00022346434157438516,3.0191385414788862e-05,6.360543853211875e-05,0.0,0.0
0,2.6786191976375576e-05,0.00033480042684086946,3.4654714137266294e-05,0.001200994825542256,7.94265601026037e-05,0.0002233189694798621,0.0,0.04
0,0.1727919496693735,0.2928121172920032,0.2928121172920032,0.18975930254103018,0.20188822094761388,0.19763139595410037,0.0,0.0
0,2.243759777105074e-12,0.022220032482925953,4.921578870997466e-07,1.290337839047126e-05,2.8091212364598686e-08,4.590083687397553e-07,0.0,0.11
0,1.2490660449003493e-70,1.1117572830309225e-38,2.772692785558468e-41,9.483003177974521e-06,5.292433825038821e-14,1.4663300204242914e-08,0.0,0.0
0,3.0937005452469743e-105,1.280349491587505e-57,2.726302651042572e-61,7.097044518824233e-08,2.867425056198781e-20,4.26072990750336e-12,0.0,0.0
0,2.882747524482319e-13,6.9439605867948455e-15,6.9439605867948455e-15,6.939069898083169e-08,1.853917567365704e-11,1.0206769342402577e-10,0.0,0.05
0,4.827680332419927e-11,1.9088124413979305e-08,8.691786110255919e-09,8.74137152143728e-06,2.2993575528519272e-07,3.018163715662014e-07,0.0,0.0
0,0.0002499810159282692,0.002284168506212416,0.002284168506212416,0.22411429442077996,0.16025453604033935,0.199306493753379,0.0,0.01
0,1.0347079776304916e-06,8.077037731525182e-05,8.077037731525182e-05,0.12885416012699275,0.04819415092397107,0.0703159754810447,0.4,0.07
0,0.019073905955442994,0.2928121172920032,0.2928121172920032,0.037885786591426864,0.037681118905278116,0.03409348983938074,0.0,0.06
0,2.7494786122758297e-29,1.1457627333658555e-20,1.794236432179457e-23,0.0003392954746902911,8.51401888382186e-08,4.473784048435544e-06,0.0,0.04
0,6.810087881715016e-30,5.678859474083871e-16,2.709606110874477e-17,0.0006169360419663729,3.320400328205058e-07,4.7841453564728044e-05,0.0,0.02
0,5.756968917505586e-17,6.727587911128653e-11,1.7931498799099791e-12,5.999998851420564e-08,4.6313085773163903e-10,5.266617331774338e-10,0.0,0.02
0,0.00010152104280870677,0.2619028716229602,0.2619028716229602,0.001397368317796519,0.001566767840208853,0.000993188746843422,0.0,0.16
0,1.0112168129978901e-10,1.5733511529403852e-13,1.5733511529403852e-13,7.409633568338567e-06,3.743246256340257e-09,2.402973788173098e-08,0.0,0.2
0,1.47964407186564e-09,6.488627373081607e-07,1.9602999535508574e-07,9.050191151692306e-05,5.147192308968298e-06,5.321483250579991e-06,0.0,0.0
0,0.1143998305722229,0.44082848959620596,0.1848166637555507,0.10834272207046436,0.11856617717011816,0.11542760840766908,0.0,0.01
0,4.7250638653349065e-08,0.00035015306042914673,0.00011367862300789251,3.8610621928666754e-05,7.192747935340847e-07,4.8437994077144945e-06,0.625,0.07
0,0.01023875169766369,0.21283210945453682,0.10929993285578395,0.02353190509713853,0.019696130093623528,0.016488165858530825,0.0,0.03
0,0.002876455965755465,0.5819193648718826,0.04367756014020485,0.026827786053059983,0.009693223705724506,0.014358646522832669,0.0,0.3
0,0.23510659478852097,0.1900977902112294,0.2198756415073314,0.2933726756501238,0.26364331359476134,0.26974123950426493,0.0,0.15
0,0.002866853361165157,0.00030393653275943394,0.00030393653275943394,0.03635136030851242,0.0056618443747174585,0.009314357315071459,0.0,0.08
0,0.10509525897810235,0.4302047521117806,0.15427591391039103,0.13530958555510147,0.11362467609260521,0.11731310821984607,0.0,0.1
0,1.2694285512665825e-29,6.645528364795314e-14,6.645528364795314e-14,2.833129459148285e-05,4.99478102759429e-07,7.957279903153648e-07,0.0,0.01
0,0.12844569245208293,0.18162722898610192,0.08266198083682214,0.14570028141718663,0.1272552551445957,0.13039880465614317,0.0,0.03
0,7.709131768634514e-20,5.990941220874474e-16,1.8330470950065044e-16,4.84859573085316e-09,4.474757240953251e-12,9.31448277585176e-12,0.0,0.02
0,9.229244838628982e-17,2.9915995402229553e-09,3.3724112800922275e-10,0.017291830605961005,0.000287436855549354,0.004231673445017629,0.0,0.1
0,1.1911737658211784e-05,0.2928121172920032,0.2928121172920032,0.0026640364213510624,0.0007004224876486264,0.0005556187212813222,0.0,0.04
0,2.3847026133431113e-07,2.586526282687611e-05,5.632492086048414e-06,0.013714744459519132,0.0013555128662334716,0.0026701282061571616,0.0,0.03
0,1.1844033878383986e-18,2.6997522177329433e-10,2.728531967165221e-11,0.019181881044735075,0.0001670297439901246,0.003785312696448223,0.0,0.02
0,0.023236042673666343,0.8591274661602238,0.8591274661602238,0.22162612198247167,0.21039722965937502,0.1881071514802662,0.2,0.41
0,0.006382838747895015,0.2928121172920032,0.2928121172920032,0.03759977771770367,0.01606100664853388,0.014807749923369369,0.0,0.23
0,0.6301447371226775,0.4302047521117806,0.7677375460078676,0.6315759958417528,0.666552554089206,0.6460925703657912,0.3333333333333333,0.2
0,0.0011344318309093316,0.0003281282486113159,0.0003281282486113159,0.01677243306517385,0.0026713464207743583,0.004026153302829254,0.1111111111111111,0.02
0,1.3303213557041938e-13,5.462490132826724e-06,5.35722272129984e-07,0.0030697229810032435,0.00010603510504641515,0.00028561749626364395,0.0,0.02
0,0.04993505828107816,0.03055491642264243,0.01723851831856426,0.1262495240126855,0.06330073997460031,0.09307499905001616,0.0,0.06
0,0.00034643406999501614,0.2928121172920032,0.2928121172920032,0.002784170257958249,0.001563614410256912,0.001063427787866587,1.0,0.13
0,1.0443378156109787e-05,0.00029730339288095917,0.00029730339288095917,0.0003515795500149142,8.303484389288074e-05,4.883062161748627e-05,0.0,0.0
0,1.5473461133392917e-05,0.44082848959620596,0.03092182966057395,0.026090526063208122,0.004927252886812636,0.005764947502386974,0.0,0.07
0,8.084001409982192e-06,0.44082848959620596,0.002078715870242676,0.004120886063397953,0.00033781955359318795,0.0003810008982551584,0.2,0.07
0,8.879489930777266e-11,0.4302047521117806,1.2394864745158447e-05,4.299201922289606e-06,1.2025094312945397e-08,1.4551412043306383e-07,0.0,0.15
0,2.6793430646547592e-194,0.020308011055129357,0.020308011055129357,0.005771877710177684,0.00013912827150256078,0.0003143425661434303,0.0,0.19
0,0.2967872028681505,0.2928121172920032,0.2928121172920032,0.339403365837672,0.3312712215877339,0.3330777393387397,0.2,0.03
0,5.9015861685038444e-12,7.353642877254066e-08,2.0005049311223772e-07,1.2968752223028134e-05,1.0176866199708752e-06,5.210748241250197e-07,0.0,0.03
0,0.531443078376893,0.2928121172920032,0.2928121172920032,0.5018576317592096,0.5103623452618543,0.5122835775301597,0.2,0.13
0,0.0014887303136393133,0.0006514260735927269,0.0002606038218579223,0.06188724097262465,0.003917198256952926,0.01665913552005135,0.0,0.04
0,1.9839930059304584e-19,9.045814716402061e-09,9.045814716402061e-09,0.012114383811302058,0.00250731169592145,0.003314653907184183,0.0,0.04
0,1.1045465033827461e-20,2.6016834733549797e-13,2.6016834733549797e-13,0.0016085035980816472,8.348623710188274e-05,0.0002691669937861766,0.0,0.04
0,0.1769286345811644,0.44082848959620596,0.24868273970202978,0.17406409306457374,0.18376057715181152,0.1801323350667923,0.0,0.0
0,0.004543263411123458,0.014671434566434034,0.009410219636697923,0.02316459520403324,0.007877917823258437,0.00806351830908294,0.0,0.01
0,0.08088403683556207,0.4722591684633257,0.12906117910648127,0.13994672880584214,0.11302539964351997,0.1153811354080649,0.0,0.05
0,0.30003179440733413,0.30128749116762465,0.30128749116762465,0.3322414450357773,0.27319858864344887,0.2810587796128525,0.2,0.44
0,0.008280492419127634,0.44082848959620596,0.037655696625079525,0.037021411055604185,0.020477330620068304,0.02183554599079793,0.0,0.0
0,0.11119267744434126,0.047031395504941585,0.047031395504941585,0.8505737097288824,0.7929607839271205,0.8278684848529947,0.0,0.58
0,0.08921036510434929,0.47744557764668627,0.18751759504501192,0.09259359304154495,0.09349403259289618,0.09140485570033584,0.0,0.05
0,7.823477880901738e-08,4.770526042313801e-06,4.770526042313801e-06,0.016774120435538355,0.0032325391297898867,0.005090309937848347,0.0,0.13
0,0.2508592173121664,0.19669260045370268,0.13986216395034057,0.30993017828995795,0.25012406330526565,0.2621510081765829,0.0,0.11
0,5.298186342831047e-06,8.14371674051473e-05,8.14371674051473e-05,0.00024981569631781376,1.9336761913872183e-05,2.8102476363758884e-05,0.0,0.04
0,5.709091899881318e-07,3.0276839262198444e-05,6.764763111860721e-06,7.245750708945448e-05,2.6454683207150917e-06,8.567321871685336e-06,0.0,0.0
0,6.08101063845026e-13,2.2750102496412746e-08,2.2750102496412746e-08,0.009399505711524344,0.0017842307271038397,0.0033918763871114894,0.0,0.06
0,0.04914474741426952,0.5246818008784715,0.26011186196742236,0.0845950578710901,0.07089211323357648,0.06720378446597722,0.0,0.04
0,1.2827891125043386e-06,0.002086481704039026,3.183983099732213e-06,0.00022513739047641556,5.4120112519960416e-06,2.8026906570306508e-05,0.0,0.01
0,1.8399772605660025e-17,3.087169110389829e-11,3.087169110389829e-11,0.0031338083590391383,0.0002842525074845691,0.000726326564337659,0.0,0.03
0,0.008927535797436898,0.2870744814168408,0.003597915168396398,0.009952659255619223,0.009142743936265284,0.009585680909755518,0.0,0.02
0,1.5807552216927647e-182,9.129991641555346e-35,9.129991641555346e-35,9.060113291739058e-14,1.0444451582224052e-14,1.3207922511594976e-17,0.0,0.0
0,1.4505028125030685e-11,2.169185695976254e-05,4.451126818250176e-07,0.0025267497912708522,0.00015663358650254774,0.0008538628751099686,0.0,0.0
0,1.3303213557041938e-13,5.462490132826724e-06,5.35722272129984e-07,0.0030697229810032435,0.00010603510504641515,0.00028561749626364395,0.0,0.02
0,0.17298971196397822,0.2928121172920032,0.2928121172920032,0.1898791190307609,0.20204210528681063,0.19778144280340798,0.0,0.0
0,6.08101063845026e-13,2.2750102496412746e-08,2.2750102496412746e-08,0.009399505711524344,0.0017842307271038397,0.0033918763871114894,0.0,0.06
0,6.4100695274137275e-96,6.855773770778402e-69,6.855773770778402e-69,0.0006774631665280535,2.703907475742954e-10,1.5667762183414183e-06,0.0,0.0
0,0.18842211200722453,0.23216003807292868,0.23216003807292868,0.16106874580470285,0.14997124910260953,0.1282518564239616,0.0,0.19
0,2.105137295978361e-12,1.799089459025738e-07,8.10745750288467e-09,1.3091381562670295e-06,2.1376073033410797e-08,2.189580836348477e-08,0.0,0.01
0,0.35524008958873815,0.4302047521117806,0.6215893067417408,0.43185431427800286,0.38962615424090574,0.40170186229570887,0.0,0.0
0,0.015935560579285492,0.13522115131259435,0.023096382283988318,0.04971439339779949,0.022582012963192424,0.030341606082601332,0.0,0.0
0,0.2440150503141439,0.44082848959620596,0.24868273970202978,0.23589735348591723,0.24679020878717625,0.24362714666204568,0.0,0.01
0,0.007574049829523131,0.027747928195307806,0.008386904982319983,0.042849134128368424,0.012587206930602349,0.023329843755262595,0.0,0.04
0,0.12275263061990327,0.2928121172920032,0.2928121172920032,0.1424281186701369,0.151602614500725,0.14521696833010228,0.0,0.01
0,0.00011621057915808876,0.0007264746005999948,0.0003144124282087038,0.004618051781838187,0.0005970505373078279,0.0015202019963842285,0.0,0.0
0,1.8493621685453125e-17,4.0767748994390367e-14,2.3638131398607572e-15,2.5236667971062035e-10,1.489051492986781e-14,1.09064778724603e-12,0.0,0.0
0,4.4275437330936877e-16,2.616939612818281e-08,2.616939612818281e-08,0.006364970889175246,0.001042626588202987,0.0015685108827445313,0.0,0.0
0,1.6997745397078327e-23,1.2031984640622338e-08,4.4825474423223056e-17,6.89620773460335e-08,1.3950147598501098e-11,1.202858177296014e-10,0.6,0.02
0,0.03383074207149799,0.06520841867111067,0.1250455002810154,0.07758680526631162,0.06120771217681831,0.06044623993891282,0.0,0.0
0,9.644842978464689e-08,2.5551842060406568e-05,2.5551842060406568e-05,0.053097847085051636,0.022250806215264513,0.0308565564090313,0.0,0.02
0,4.192958247038653e-07,9.158792452852629e-05,1.1081597661088472e-05,0.04265599961246177,0.009117949602727195,0.019458542672945077,0.0,0.01
0,1.7930718461402326e-14,3.201860891940204e-09,2.9303301844116897e-10,6.687262256883746e-06,2.626924582675475e-08,5.147641856232031e-07,0.0,0.02
0,8.969244752065416e-07,0.028614984804329346,0.0025081966499752835,0.0015870366939909888,9.919905268895107e-05,9.621367402308657e-05,0.0,0.01
0,1.6799790132529207e-28,0.2113156005561647,0.2113156005561647,0.28687694234937133,0.24197114003622647,0.251681152098302,0.8333333333333334,0.16
0,0.6559164072988982,0.44082848959620596,0.684210494732646,0.6306320709616198,0.6299030260141305,0.6232566849701391,0.0,0.03
0,0.0009453543508159215,0.4529060201934872,0.0007642905153832359,0.23864637733211905,0.20645880669182037,0.23000372601534966,0.3333333333333333,0.21
0,1.9264510255561995e-24,0.030217055176447256,0.0008061337622814696,0.00033801014842843336,1.1914316100576868e-05,1.4062953101682055e-05,0.0,0.03
0,1.112031761669391e-89,2.5414400331101947e-65,1.3607959181721587e-73,4.264796441116216e-08,4.7075845917590706e-20,2.8434250719367084e-14,0.0,0.0
0,0.01715328994236744,0.03774986314511656,0.03774986314511656,0.0419739237869895,0.028720615145369072,0.029766904533377405,0.0,0.02
0,0.0018161747578560353,0.0038047087273410957,0.0011468037395286023,0.018858162968268668,0.004338111602809469,0.004943625882995276,0.0,0.01
0,9.254423543129764e-07,0.0004947338043088292,0.0002906030500369644,0.0006020613057401374,1.3480783407537465e-05,7.969338542331166e-05,0.0,0.0
0,0.005022839737094645,0.16025192871472357,0.07913832250030503,0.014426197622362056,0.008517218890233021,0.008336196719673294,0.0,0.02
0,1.7129085627285322e-55,0.44082848959620596,0.0004963318085198184,1.706428694299062e-05,1.7467588519353787e-08,2.7964587249934405e-08,0.0,0.01
0,0.0037682721774490104,0.4302047521117806,0.012891236485167839,0.008014402757756237,0.004981157817204472,0.0058242375207317705,0.0,0.05
0,3.0664067530252922e-06,0.35386657804548294,0.35386657804548294,0.000681314835440138,7.559093778130653e-05,5.626637923982854e-05,0.2,0.11
0,0.9951282188528686,0.9974301433940411,0.9908774993552274,0.9906712347652349,0.995166051671568,0.9944296062654574,0.2,0.41
0,0.9827900644880948,0.996771243833293,0.9980546086295584,0.9781879878258516,0.9831186191538919,0.983578459983041,0.6,0.3
0,0.9983144847743941,0.9998224757626868,0.9998224757626868,0.9956950056160392,0.9978513709708674,0.997821227206398,0.8,0.77
0,0.1860263546265722,0.4302047521117806,0.20232615592663913,0.19524395611505582,0.19185708774724364,0.19071681359113962,0.2,0.06
0,4.30636494018444e-07,1.0268591434997685e-06,7.290931968502361e-07,0.0013518420922422653,2.4900944999207666e-05,0.0001860953174978269,0.0,0.04
0,0.07411091135792364,0.07253677542576858,0.03584787279751775,0.10851105622018677,0.08164450100271425,0.08954764044942187,0.0,0.1
0,0.0010889271113778572,0.00044092694638696084,0.00014882850596278192,0.033482147282860496,0.0024899577321459677,0.009405948373966376,0.0,0.07
0,6.973963196352812e-14,2.2400080527956206e-11,1.4117282139063782e-12,1.6385129295522514e-06,9.175173585579126e-10,4.2880531479720105e-08,0.0,0.0
0,4.046802732284977e-06,0.0006173731291547169,4.925640825988693e-05,0.066704013560397,0.015771447302619448,0.029517914806953028,0.0,0.02
0,5.750642576125057e-05,4.461942510486739e-06,4.461942510486739e-06,0.003207658484299001,0.0001426522109907681,0.00029512634047294063,0.0,0.3
0,0.056905089446367976,0.6091777429458916,0.19392303165079922,0.09169439719740084,0.0679671883060944,0.07301673802870491,0.0,0.03
0,0.004874259728719285,4.214952859425814e-05,0.0001385251940102837,0.12122260877475118,0.010696943580427202,0.03964129493065813,0.0,0.17
0,0.8477871464313005,0.4445737473567971,0.7795510190214808,0.5247891736065311,0.656211340890418,0.5976083672122604,0.2,0.33
0,0.07272232621307474,0.4302047521117806,0.06647737466905648,0.06186779482008655,0.06952365862763851,0.06900315306655337,0.0,0.06
0,0.00842091270333835,0.44082848959620596,0.21532098097120284,0.026293506700959108,0.01639053395145493,0.01497813205873649,0.0,0.1
0,0.17059337492170823,0.3376251042912854,0.3376251042912854,0.1855969350175594,0.1959072622173935,0.18752389478277037,0.0,0.02
0,0.000737126813816333,0.5095246197975377,0.5095246197975377,0.008576471482444704,0.0038261646284445732,0.0029089048310706788,0.0,0.08
0,0.12460687357564934,0.5029213358183172,0.28241684022783703,0.20737467477773175,0.19229121398767518,0.18924967180816432,0.0,0.08
0,3.255983912928729e-05,0.14689971127056362,0.14689971127056362,0.024806079324972558,0.012785116922775773,0.011286217291693013,0.0,0.01
0,6.421466342918536e-13,0.4302047521117806,1.9584737638116918e-08,1.464342187646915e-07,1.2565761754435412e-10,2.2057192243239307e-09,0.0,0.01
0,0.16964795837228805,0.4302047521117806,0.30163761903955505,0.17184994716424548,0.17616444900520714,0.17274920741980954,0.0,0.09
0,0.21193430923893355,0.10242643932412658,0.11647697060642156,0.24533731911651166,0.20147372918932827,0.21775607861789928,0.0,0.19
0,0.33441282930261507,0.44082848959620596,0.36872438341770314,0.2999547373724772,0.33539951966133863,0.3297044186127485,0.0,0.25
0,6.1957357662677e-24,4.4961606030760195e-18,1.6381102094570921e-18,1.9188126730178432e-11,6.632538253206904e-15,5.025995909729279e-15,0.0,0.0
0,2.7820892683305047e-06,0.35386657804548294,0.35386657804548294,0.0006546734213327368,7.28791592432691e-05,5.4016724227046836e-05,0.2,0.08
0,0.007501915700803949,0.117282660906181,0.117282660906181,0.08651725047160719,0.05147531454031081,0.054853039018807934,0.0,0.0
0,0.013756899363670966,0.1761683339574298,0.1761683339574298,0.06743318113217954,0.04806603704327705,0.04762581392516314,0.0,0.0
0,0.07473008164460586,0.2928121172920032,0.2928121172920032,0.07384284095934807,0.08622571114431526,0.0796664468488965,0.0,0.02
0,0.018182024243812666,0.12180212825585106,0.12180212825585106,0.05470943801671045,0.03868392702845301,0.038097327936178066,0.0,0.01
0,5.046896535307407e-08,2.3481311793172767e-06,2.3481311793172767e-06,0.006174847934020579,0.0004914682271550803,0.0008641269859380511,0.0,0.21
0,5.046896535307407e-08,2.3481311793172767e-06,2.3481311793172767e-06,0.006174847934020579,0.0004914682271550803,0.0008641269859380511,0.0,0.21
0,0.00425027747799666,0.44082848959620596,0.24868273970202978,0.006458561850655492,0.004913702358838747,0.004472159551066857,0.0,0.0
0,1.391512872032446e-07,0.47127230252963587,0.15885860402411708,0.036355674784921715,0.01631495723415453,0.016125966645461554,0.0,0.01
0,0.009230688816768707,0.03163564772121134,0.03163564772121134,0.028238110863598308,0.0156992847599426,0.015943029545594064,0.0,0.03
0,0.0823624866499832,0.4955174973727988,0.2384446980251823,0.12314565355789725,0.1031194564468021,0.11104784624336707,0.0,0.13
0,0.9263858672150775,0.5430944057564255,0.9595571280422704,0.9031690128461685,0.9312692363521966,0.9266510180704186,1.0,0.96
0,0.17442717738905011,0.4302047521117806,0.16077469009213732,0.15633994931640402,0.16945436984058362,0.16570357670674957,0.0,0.04
0,0.00919512500674077,0.35300290415377034,0.35300290415377034,0.034306303658844156,0.04204071322554659,0.030580671130690264,0.0,0.02
0,0.000847238614777419,7.915609259167162e-05,5.073310337553189e-05,0.013526217050697753,0.0021131998181771394,0.0034955813283810127,0.0,0.01
0,1.009390370085279e-09,0.4302047521117806,2.8599456765627314e-06,2.800191113468524e-07,2.3101115448366346e-08,2.625794528706571e-08,0.0,0.04
0,4.664724790709827e-16,1.5484322056496876e-07,7.424413578415036e-10,2.2476597526729764e-06,2.301845466767939e-08,2.4349386342015717e-08,0.0,0.01
0,0.0005311432050833712,0.5638814479695804,0.2855393893290071,0.1952971307780507,0.1644153737101911,0.15846161889386268,0.0,0.03
0,4.5616659665052505e-62,1.1392762231022658e-44,1.1392762231022658e-44,0.007264060578942226,5.451116010878993e-07,0.0001434084466206226,0.42857142857142855,0.16
0,0.12703117935090982,0.2928121172920032,0.2928121172920032,0.13758556090650043,0.15052122147600616,0.1322822752151826,0.0,0.05
0,8.090570612458688e-11,0.0003464917971003274,1.422370313544186e-08,0.0019256925074418953,3.842127455951016e-05,0.0002732979228470401,0.0,0.01
0,0.7156334149404197,0.6852279060265034,0.7172033134302138,0.4379877196643371,0.5950463827016406,0.5357626155736179,0.0,0.11
0,0.0004978638355830851,0.032805789500633606,0.032805789500633606,0.017978868611586284,0.005539359457296365,0.005992865537703917,0.4,0.03
0,2.2683959124615636e-08,1.6764825369150478e-05,1.6764825369150478e-05,0.03083409995569907,0.012204767265582889,0.017396200257437558,0.0,0.06
0,7.036558306317314e-13,2.2424527678043012e-05,8.155887578217316e-09,6.323359054238745e-07,2.4356329136253727e-09,3.077906233508678e-08,0.0,0.0
0,5.8222970680524226e-05,0.2928121172920032,0.2928121172920032,0.00695190389735585,0.0021809712075933803,0.0016017651501312128,0.42857142857142855,0.23
0,1.7185293568501853e-05,0.1677293912016695,0.1677293912016695,0.0038276721700396185,0.0005829821759718147,0.0005586124745406602,0.0,0.02
0,0.37840701312332836,0.44082848959620596,0.24868273970202978,0.321866001890417,0.3244751767015099,0.3413352881935782,0.0,0.19
0,3.2312242747293926e-60,8.307924778780314e-44,1.9132528346519753e-49,7.383989712666427e-06,8.164413194384167e-14,5.766245400294258e-10,0.0,0.0
0,1.3913441827177895e-11,0.44082848959620596,0.00023986443550542906,0.0007052903004651498,8.882915680820779e-06,1.3594226996921674e-05,0.0,0.05
0,1.3373800899003522e-09,7.353642877254066e-08,1.7926429211516067e-08,0.00043573432135801524,1.5410168673994226e-05,3.7404367642995294e-05,0.0,0.09
0,0.042761914413017736,0.044018008624560276,0.044018008624560276,0.10533461122642028,0.06205716499093903,0.06407741826959558,0.0,0.06
0,0.0832507496410361,0.39462599454254216,0.15547916983306173,0.10222534044098872,0.0889728735036688,0.09243563729914084,0.0,0.12
0,0.04956483682437574,0.4706099454295596,0.4706099454295596,0.09274714936145616,0.07327708358798828,0.06562079963835364,0.0,0.03
0,0.00011905577474349462,0.00048740012804062143,0.00011783247301988236,0.0012075584333869334,0.000213724917216908,0.0005132552628446024,0.0,0.01
0,0.019682469054952665,0.31928782817312057,0.16292975675472257,0.017524016762277914,0.020712795429931364,0.018090179909144837,0.0,0.01
0,0.33269143007902885,0.4302047521117806,0.38488453443759235,0.33814570748344586,0.346769945219253,0.3382765938178315,0.0,0.12
0,0.00018868966567933752,0.7128866386709941,0.007840291260684987,0.0050227751844221236,0.0008003846253442264,0.0017104951101362298,0.0,0.01
0,4.041737213577615e-08,0.2928121172920032,0.2928121172920032,0.00017336795072716996,1.3824658091496297e-05,1.0865976391957883e-05,0.0,0.1
0,0.0034720233503578463,0.4302047521117806,0.0009152857324705353,0.020577954576471724,0.006707443685592739,0.009956187334834079,0.0,0.02
0,0.00014366301873823474,0.008069805548619378,0.0005217535816494721,0.06007484773255034,0.01939771192486332,0.02864486535484078,0.0,0.29
0,7.336417690137582e-14,0.2928121172920032,0.2928121172920032,1.7717517182817762e-06,1.962498816216009e-08,8.093466347809398e-09,0.0,0.14
0,0.689497136616219,0.06403837067519642,0.9610530690014666,0.9189768468426132,0.9009246744449273,0.9061904090054064,1.0,0.3775
0,0.16672303339777506,0.44082848959620596,0.18294088681591092,0.1367597217030402,0.15044849512407132,0.15166315634544852,0.375,0.01
0,3.497511119276153e-12,2.680310539679761e-15,2.680310539679761e-15,1.164025936069617e-06,2.1290410139034782e-10,1.7548687840270251e-09,0.0,0.04
0,0.0013175231661707338,0.005973903349663176,0.005973903349663176,0.01579924072857261,0.005201983440908873,0.006290338042533231,0.2857142857142857,0.06
0,0.0007529533799781471,0.2748353733484443,0.0006761406028828798,0.005944638193021132,0.0015169657026290098,0.0026441429263581793,0.0,0.0
0,0.18752642362162225,0.44082848959620596,0.24868273970202978,0.1641657176775466,0.17640979003255658,0.17227658351553587,0.0,0.03
0,2.61720776169347e-06,0.0002228195506947152,0.0002228195506947152,0.0002132154509452329,2.2487990577461935e-05,2.383705659485963e-05,0.0,0.0
0,0.02343857025386495,0.44082848959620596,0.24868273970202978,0.014245864819812059,0.020713530329291158,0.017098690008700696,0.0,0.0
0,1.562832219591553e-07,4.340094255280816e-06,1.662374431230431e-06,0.0002536174726395537,1.3442227850352675e-05,2.3969353951275777e-05,0.0,0.0
0,0.0005211382029484562,4.915693962270834e-05,2.7290047314461266e-05,0.009335906476645499,0.001022504595406039,0.0018159676820988018,0.0,0.01
0,0.00021929704940711322,0.005601278247579011,0.005601278247579011,0.0046910964821675755,0.0009370683869939027,0.0009996488569342186,0.0,0.0
0,0.0026329998139036797,0.44082848959620596,0.24868273970202978,0.007042691205155532,0.005055754667340924,0.004217402288186816,0.4,0.13
0,0.00040494419284673746,0.44082848959620596,0.04228530231581534,0.001468267741488597,0.0009525280498796159,0.0007611205743582292,0.0,0.02
0,6.993816291159592e-05,0.0022060910961256832,0.00030420076161547524,0.1478433452244132,0.05630987509710096,0.09108206628568193,0.0,0.08
0,0.005054087364608002,0.020088667109830892,0.010996028481715384,0.04527362551907976,0.010516595516647438,0.020358871245066804,0.0,0.1
0,6.025534037994281e-20,1.8033643476920723e-14,1.8033643476920723e-14,0.07205852922869672,0.004559192481285587,0.024027328589640295,0.0,0.06
0,0.0007249491042371141,0.4302047521117806,0.012627960339512844,0.0024834599508423865,0.0010529501610011213,0.0012783112210425294,1.0,0.43
0,0.03377061023056802,0.44082848959620596,0.13229239040988314,0.044579605833509846,0.03699648308989234,0.03435564461181963,0.0,0.35
0,0.261150570894659,0.2373261951150989,0.2373261951150989,0.23413246325494663,0.24653711724465072,0.240266137757254,0.0,0.12
0,0.01734113766962344,0.2928121172920032,0.2928121172920032,0.04546065475422588,0.03161375194990147,0.029958161375430132,0.0,0.05
0,0.11006928211252309,0.44082848959620596,0.24868273970202978,0.11355499626800601,0.11392472918329999,0.10934107242643078,0.0,0.08
0,4.971411132157559e-13,4.859595873098902e-08,5.7102926618836975e-11,4.319271051442367e-06,1.0579217017685252e-08,2.1927443493861372e-07,0.3333333333333333,0.03
0,0.011574981177487752,0.008349314957962305,0.008349314957962305,0.09584579969072368,0.04103604978940007,0.04538968900799453,0.0,0.12
0,0.0004240135554539104,0.0015837208789286153,0.0011120705179127862,0.036682792623546304,0.0024930366662087532,0.009605525592177602,0.0,0.09
0,0.00010450161578078638,0.0029174581684202217,0.002223736859883922,0.006122837053072634,0.0007843299040121353,0.0008557827881963117,0.0,0.0
0,0.36908419980399776,0.5246818008784715,0.27141915172888914,0.35409316839899463,0.36379212443799636,0.3600805159303104,0.0,0.14
0,8.964905951279539e-08,0.4302047521117806,6.0442424100414055e-06,4.2090399269585085e-06,5.45655979852051e-07,1.082685689480951e-06,0.0,0.02
0,0.0002133478415608267,0.0012659266373224731,0.000650102728827176,0.001817963153594762,0.0004492017642238689,0.0005266619410660605,0.0,0.01
0,2.7294313616403422e-17,6.926722500359098e-26,8.0397005946465515e-25,2.98669571205092e-10,8.529266089705201e-16,2.3254194236209092e-14,0.0,0.01
0,2.5273957223004946e-10,0.03055491642264243,2.205466591426069e-06,6.471559954365891e-06,1.80750610845118e-08,2.3804251444047526e-07,0.0,0.04
0,1.9062127943940445e-31,1.0951023215711236e-10,1.0951023215711236e-10,0.00011082599772147056,1.7232745556381887e-05,1.0096299872961826e-05,0.0,0.0
0,0.12954573722624146,0.2600093570899462,0.2600093570899462,0.1301426043878526,0.12836109003999935,0.11532465981558182,0.0,0.1
0,3.3468304527706456e-05,0.44082848959620596,0.00010670027038303107,0.010924951320429305,0.0008476602111220582,0.0013015882318745044,0.0,0.41
0,0.0030466043730134657,0.2928121172920032,0.2928121172920032,0.021796942760803382,0.011470407357212224,0.010127187052875252,0.0,0.01
0,1.7915979794680967e-46,2.798503787178976e-15,2.798503787178976e-15,2.3178950351893583e-05,1.015884172892486e-06,6.321574444974963e-07,0.0,0.07
0,0.09666059873240221,0.17782595601841006,0.17782595601841006,0.11589915874202594,0.12523659417619223,0.11420432013652011,0.0,0.0
0,1.3568454810282268e-05,0.44082848959620596,0.002720175426068999,0.0049878097890544105,0.00046423833768615514,0.0005206699114696465,0.2,0.05
0,0.00016651987359521533,0.004620741644530015,0.0026120924377457744,0.0005521171963130764,0.0002299194635691243,0.0002130845459580239,0.0,0.0
0,0.0001597357453591562,0.003744519790533093,0.0010561667165503083,0.08192034167075343,0.04075728381904162,0.05883644953982184,0.0,0.05
0,2.2528142499232175e-44,5.5546694566387365e-14,5.5546694566387365e-14,9.439565372065178e-06,2.0787714796866884e-07,1.6748302207439251e-07,0.0,0.02
0,0.03007688016946349,0.44082848959620596,0.24868273970202978,0.03928110113198135,0.03272789383469458,0.030889681708719082,0.0,0.02
0,0.00013192059834661707,0.003628234175582712,0.0006147714673083585,0.1664949364377617,0.06639134693862254,0.1066404222579497,0.0,0.08
0,3.817518072325758e-06,0.0008846168547002733,0.0009516122322226804,0.006349478875181576,0.002290515950314997,0.003215801059230539,1.0,0.22
0,0.06968030042461566,0.4302047521117806,0.07019034218975854,0.10123365964657915,0.08213064897659336,0.08706186193560343,0.0,0.03
0,0.00740491284540772,0.0006656038995623711,0.0006656038995623711,0.0507696131107005,0.011401840906436842,0.01711976630531066,0.0,0.0
0,0.7085569280675825,0.4302047521117806,0.20709312818798237,0.7065698995274537,0.707486781628323,0.7003545678048521,0.3333333333333333,0.21
0,2.079222949370564e-06,0.00014990436578531615,9.207887797685018e-05,6.913170748183294e-05,7.209753371306705e-06,7.077171430610853e-06,0.0,0.0
0,4.572852213462805e-06,0.00011297270422009344,5.665597350918907e-05,0.23866993406684994,0.05803842691804521,0.11697506435205385,0.0,0.07
0,1.0706692782221396e-12,1.0713442458944184e-07,1.4271474890982371e-08,1.9130423039112026e-05,1.0761101372779672e-06,1.513405790601814e-06,0.0,0.0
0,1.9622499899531898e-05,0.0058017899508288374,0.0006399046192891843,0.05071216160604965,0.022307999886477508,0.039682393611495136,0.4444444444444444,0.02
0,8.236757225440038e-13,2.2511624984790075e-07,3.3563052257195223e-09,1.4151520489279505e-05,2.4023657273354095e-07,2.208699013663056e-06,0.0,0.01
0,1.9790346508046184e-08,0.002779255194752191,8.311481570401377e-11,0.02860200517942519,0.001871868903648082,0.007595459563387441,0.0,0.08
0,0.017369828815347134,0.1361484889626231,0.1361484889626231,0.12883711783941454,0.07965617025787003,0.08598935047609593,0.0,0.01
0,0.32464083309477343,0.16496138206364006,0.16496138206364006,0.2898933037874744,0.2801038133448257,0.2811351812949669,0.0,0.02
0,0.14133023163283345,0.4302047521117806,0.07742145758787783,0.09184292660946444,0.12037360185333927,0.10545487198277598,0.0,0.04
0,1.2108220723055164e-32,3.341098523131801e-13,3.341098523131801e-13,0.00036124250675722435,5.452995192177313e-05,6.091775021914708e-05,0.0,0.0
0,2.339534051228762e-44,2.9024929281460875e-12,2.9024929281460875e-12,7.375428158870832e-07,8.701557717076596e-08,2.1259697968111654e-08,0.0,0.0
0,1.9308609266952663e-08,0.0002303999670248445,6.388915855042059e-05,0.001896966457274518,0.0005299404106994816,0.0007758488986791065,0.0,0.02
0,2.0937087929032366e-06,0.002156228607542971,0.00025070725360824917,0.04769739953585705,0.012565444815252633,0.027840758278691435,0.0,0.18
0,1.3193743275416455e-07,9.605308786820424e-10,9.605308786820424e-10,0.0003385179554578131,1.8160588701194729e-06,6.568202409492277e-06,0.42857142857142855,0.06
0,0.1439671018943852,0.4302047521117806,0.2028240610203021,0.14323163326647045,0.14798714117215578,0.14529763984661834,0.0,0.0
0,0.5236715028776737,0.44082848959620596,0.703496745639687,0.40265138757122876,0.47658378796638756,0.4566396101634042,0.0,0.44
0,0.017934127747593922,0.32021544247694533,0.18139896119456966,0.03503817538057606,0.02219342574105937,0.02817248167122685,0.0,0.0
0,0.010338209124467413,0.44082848959620596,0.18670727889269528,0.02200968233784355,0.0191767437846935,0.016615281699375546,0.0,0.03
0,0.08975332249789468,0.44082848959620596,0.24868273970202978,0.0950186431770656,0.10512007348019553,0.09475641752566445,0.0,0.09
0,0.00119725072361527,0.2928121172920032,0.2928121172920032,0.01384041403037798,0.0064487374194538895,0.0049155824214427634,0.0,0.13
0,0.25506836374809944,0.8365706163701875,0.39421198703933047,0.29769974621975664,0.2832123829831974,0.2851123297191929,0.0,0.04
0,0.17458180739969975,0.3469842957834301,0.3469842957834301,0.20094381934230432,0.19586637094000958,0.1912607188904421,0.0,0.04
0,0.17643632697619901,0.3581991733041899,0.3581991733041899,0.20207816053024225,0.2099067794925664,0.20351410598769412,0.3333333333333333,0.13
0,3.639265062335563e-10,1.8711916441493996e-07,1.8711916441493996e-07,0.14414690675944433,0.04245700302334474,0.08868381147021065,0.0,0.02
0,1.7277717172210888e-84,2.8937039877622792e-46,2.6930326442361303e-49,1.3351203523159698e-06,1.6372948313409206e-16,5.620529799457392e-10,0.0,0.0
0,1.2745102363606339e-56,1.6531452767698974e-10,1.6531452767698974e-10,0.0001198453145461595,5.186889223306738e-05,6.75721306524394e-06,0.0,0.03
0,4.7811980406988746e-11,4.092094585062219e-07,1.4489865480309216e-07,0.003577745381733072,6.774589352545866e-05,0.0006138158486175446,0.0,0.02
0,1.0253868582453297e-14,2.53919119378405e-10,2.53919119378405e-10,0.04323822717470707,0.0060033609661957095,0.017716713928717334,0.0,0.01
0,5.651348992072207e-07,0.012383669190083189,0.000453469032501105,0.003131381746489588,0.0001524254211007836,0.0006422702341924649,0.0,0.02
0,0.04816503467068991,0.05409017946345831,0.11420122649858844,0.1546451015831166,0.10080991120477897,0.11617806758741771,0.0,0.02
0,0.049412876764183766,0.20456377830005457,0.20456377830005457,0.15424697594184658,0.11870847622498104,0.1203930132535172,0.0,0.04
0,0.36030016372281226,0.2928121172920032,0.2928121172920032,0.3473223433036501,0.3562380879938833,0.35474942868801035,0.0,0.23
0,2.780320941419301e-06,0.001040767538882642,4.94068654988671e-05,0.0018628684128244484,0.000130104747202597,0.00048243309487283723,0.0,0.05
0,4.71216917701326e-18,2.4006260334592344e-11,3.2020868018333475e-13,1.9202528921323423e-07,1.1924127513687392e-10,4.68135613728409e-09,0.0,0.0
0,0.00012844696684440363,3.176181143931271e-05,1.1822945749632322e-05,0.01910220285357355,0.00044895091242554635,0.0030633684998949157,0.0,0.08
0,6.771254533678885e-51,3.3171012426297334e-21,3.3171012426297334e-21,2.5922041275192282e-05,1.0514804741075905e-06,1.7240047086345057e-06,0.0,0.03
0,0.010126963788939899,0.2928121172920032,0.2928121172920032,0.03401985376316775,0.04654789195631324,0.03508366669209388,0.0,0.07
0,0.00018191261406679665,7.682134663922666e-06,9.116974784345734e-06,0.004825989311630922,0.0003899022702819695,0.0007268864120199863,0.0,0.05
0,0.12962603089792477,0.44082848959620596,0.24868273970202978,0.06972916784765272,0.10040677874320085,0.0906664291868499,0.5555555555555556,0.28
0,0.0002186957734876324,0.00010964296862698856,0.00010964296862698856,0.0052056318964931545,0.0007666142051313839,0.001021675461734374,0.0,0.05
0,1.1696771390959946e-05,0.002086481704039026,3.664471361788672e-05,0.000852909215312282,6.079740298507326e-05,0.00017862878785044836,0.0,0.01
0,0.0018924711205048354,0.05408151127564762,0.0036358831959962742,0.016078615088880876,0.003774379132689813,0.0070267743500643295,0.0,0.02
0,1.944655434654412e-05,0.010466945472531212,0.0038060711784409854,6.836733374140103e-05,3.442640314097809e-05,2.305355142620575e-05,0.0,0.01
0,8.609473278361505e-33,7.140507261676961e-23,7.140507261676961e-23,0.0017175613481927878,2.6795909343605847e-05,0.00027719503890802203,0.0,0.07
0,1.0134760355534175e-13,4.770936237769272e-07,3.270539891164531e-08,0.004132569925433235,0.0002117156746738272,0.001560661643840296,0.0,0.1
0,0.9993470919956287,0.9982198167551425,0.9982198167551425,0.9886490753494829,0.9965487200001085,0.9962167858429366,1.0,0.98
0,5.354659854177101e-06,2.2203153931107343e-05,2.2203153931107343e-05,0.1733702101643195,0.1381802631191215,0.14126304982657964,0.0,0.0
0,0.0006596459930170055,0.015923699303835342,0.017423242947527885,0.01930328194813096,0.008969185053301377,0.008750756521255253,0.0,0.11
0,0.9963537837424965,0.7840008740239999,0.9714874451898302,0.9812513504181355,0.9903732932420667,0.9871712728245573,1.0,0.96
0,0.0002792492672851425,0.00460006404843881,0.00460006404843881,0.08865584426137368,0.0702487181203317,0.07456555812432945,0.0,0.01
0,1.8543334222347663e-27,3.3535494205923625e-14,6.147837858406461e-16,0.0001436090565981271,2.1581177919334935e-07,1.6392643689105806e-05,0.0,0.0
0,4.701519915768313e-64,1.0458660191029346e-45,1.0458660191029346e-45,0.0016387778075617361,1.0539506556302438e-07,2.9735849451383585e-05,0.0,0.01
0,1.451726788646935e-77,2.760979795128952e-55,2.760979795128952e-55,0.0004670764883532743,4.16237437223873e-09,3.644025479624564e-06,0.0,0.0
0,0.031037588767348488,0.044660839795467706,0.017153766834047107,0.08412065099910124,0.03819845628425688,0.058689883864936315,0.0,0.02
0,5.674102439052522e-23,5.349211534912768e-16,3.123404204975187e-18,0.0009764294122410629,1.2667422586318403e-06,2.8923153803764735e-05,0.0,0.0
0,5.3548835404930914e-39,1.72248756475264e-21,3.9915887411534996e-23,0.0014901586488304526,4.3114265937316e-08,4.078354694392812e-05,0.0,0.02
0,1.5092998305244398e-66,5.0249771964234147e-48,5.0249771964234147e-48,0.008374401078437023,2.9008494021709596e-07,0.00011947776647884336,0.0,0.0
0,2.3513846212478115e-21,3.798214462878455e-15,2.8191863056612304e-17,0.004284567027991152,9.181583563268225e-06,0.00016226062937762514,0.0,0.09
0,3.2195200691332154e-33,2.6020237406103073e-18,9.165212200707904e-20,0.003092833078532909,4.5139060042516684e-07,0.0001480454516351599,0.0,0.0
0,0.0017409700202731383,0.0072971428846495935,0.01290377498632213,0.004816912865573797,0.0016460322307499426,0.0023334091824401596,0.0,0.04
0,3.389650288650799e-28,1.1457627333658555e-20,1.794236432179457e-23,0.004217534359155703,8.994587684733778e-07,5.379823505221492e-05,0.0,0.0
0,8.532069574813262e-07,0.000489011414955775,0.0003140648345217925,9.181690632082712e-05,7.73285612816865e-06,7.530304695418302e-06,0.0,0.0
0,3.8201479945518484e-05,0.017304438306509923,0.004620919858320444,0.05251384795350648,0.02224402882293855,0.02831828435767286,0.0,0.01
0,3.4725614301881893e-10,0.00044274472777346195,1.3687738175918553e-05,0.011065781789657989,0.0005451721687212446,0.0012257843986291375,0.42857142857142855,0.06
0,0.9299476570470397,0.18430919415245145,0.18430919415245145,0.5775005244837814,0.5040721243127381,0.5451520341133276,0.8,0.49
0,3.185660172360269e-11,1.7242554206072114e-16,5.763791684810902e-16,6.69502779072508e-07,2.401693223742013e-10,1.904123349480605e-09,0.0,0.04
0,9.18771097629974e-09,4.036383027979014e-07,1.2786640816149905e-07,5.4110875630569655e-05,3.38133193941839e-07,3.764388792452414e-06,0.0,0.01
0,0.25458290942394146,0.2928121172920032,0.2928121172920032,0.33640899538226143,0.2882038597507413,0.2868829867908704,0.0,0.0
0,8.555520959538021e-12,7.226246307670913e-08,2.413895132876902e-09,1.5918823977655877e-06,6.788090593278075e-09,8.8821416098504e-08,0.0,0.0
0,0.35279905827538016,0.44082848959620596,0.593721526941152,0.40110594600753713,0.35582060363466467,0.3504491722819814,0.0,0.01
0,0.02579752132204754,0.13112824421555408,0.04514594821772636,0.05468439734904781,0.033201960163269616,0.03442877237476202,0.0,0.0
0,0.22663902241379044,0.2928121172920032,0.2928121172920032,0.24604143761623304,0.25202038987800457,0.24973449390383068,0.0,0.01
0,0.023903039104041693,0.06495074634968323,0.06495074634968323,0.0615205312823986,0.041204691436166216,0.04040320204946442,0.0,0.05
0,0.09511355118455408,0.4302047521117806,0.205327283733492,0.09596544293384551,0.10055540625325532,0.0979454303348124,0.0,0.06
0,0.5169599945367216,0.2928121172920032,0.2928121172920032,0.5661809146440043,0.5655694049043228,0.5678810535636127,0.2,0.07
0,1.277646165279755e-21,2.2753904012736932e-07,2.2753904012736932e-07,0.0005051153532764302,0.00010389507653615824,7.293724301045759e-05,0.0,0.02
0,9.126767531581494e-09,0.4302047521117806,6.941282199644765e-10,6.929067531754613e-05,1.6512188043713462e-07,2.0059467840629557e-06,0.0,0.01
0,8.883119061277968e-14,0.4302047521117806,3.094568990276981e-06,6.294067607147433e-08,3.701054873560758e-11,8.1351718332365e-10,0.0,0.01
0,2.350126136248183e-16,3.89653597927579e-09,4.4122007908771046e-11,1.6443770194522048e-07,1.7982552389490086e-09,1.924491822465444e-09,0.0,0.01
0,0.3182823032625469,0.4302047521117806,0.3717592181788873,0.32395231304184013,0.33214241161987446,0.32411379672658325,0.0,0.01
0,3.8479912414319536e-05,0.036159540831548105,0.0027421784779063925,0.02275075794767633,0.004571059639792203,0.0059036248871396,0.6,0.19
0,0.020028239527004214,0.008352545324724714,0.008352545324724714,0.1377793204982101,0.03659114784055735,0.05510900060862218,0.0,0.15
0,3.939333519856601e-05,7.682134663922666e-06,6.264740353266326e-06,0.0013005593492346613,0.00011767825818517469,0.0002062174107764139,0.0,0.0
0,0.0006485559736356753,0.0023638331320298316,0.0023638331320298316,0.0038159067792713068,0.002468108728298225,0.001392150939398718,0.0,0.03
0,0.9584095078692102,0.44082848959620596,0.98685257141727,0.8293559368258634,0.9518859156266533,0.9469778842922479,0.8333333333333334,0.48
0,4.906208070846519e-05,0.004300215401641899,0.0011100380025784882,0.05155610760028775,0.019529645619673134,0.03612083981781684,0.2,0.15
0,0.011850231821848198,0.4302047521117806,0.031956845377403606,0.022423655549576874,0.014455709291138805,0.016349943174172127,0.0,0.0
0,8.377137071559482e-16,0.002065562566376543,6.767750335350486e-06,6.456817055769534e-05,2.8306332924114747e-06,3.661062736994485e-06,0.0,0.02
0,0.01042616134699065,0.4302047521117806,0.03205233499074664,0.018290697534788115,0.012384497644821645,0.013795057409683493,0.0,0.0
0,0.019460090859829655,0.01155027459899338,0.008999796944482635,0.06131712848555597,0.025879269360648775,0.03011079348065206,0.5,0.34
0,9.798908270644082e-05,0.004214871693474021,0.00037053388167982354,0.06988791269446179,0.0266845077904087,0.040244974496391736,0.0,0.03
0,0.004972474815664101,0.4302047521117806,0.013337925508521732,0.013211678305133848,0.006556278892225177,0.007998764672899481,0.0,0.0
0,0.1910309780187873,0.04081256167800498,0.07844478274471994,0.47060281552661476,0.4137140692825103,0.46658678715016433,0.0,0.19
0,0.038718843067657015,0.44082848959620596,0.018355578447958133,0.06065785724938551,0.0422103188206554,0.04340255865575713,0.0,0.14
0,0.6463042333909319,0.2928121172920032,0.2928121172920032,0.7055198756962424,0.6987085285812022,0.7033782813840411,0.2,0.15
0,0.00021350590207127522,0.01459860784610344,0.013437358254562125,0.3936140039635641,0.16728708634380385,0.2841487505549489,0.0,0.27
0,3.2254093959889825e-06,0.4302047521117806,2.678962859011978e-07,0.053460627138965225,0.026001863009519746,0.03672674053812615,0.0,0.05
0,5.346749303151241e-29,0.6780919517929443,3.858769154193558e-36,0.0029719156772680935,5.590342852699425e-05,0.0005093749272954419,0.0,0.06
0,2.1211301046155495e-14,6.208432993141383e-08,8.394360385372634e-09,0.02952555155216679,0.0008765298190930611,0.008942323807865825,0.0,0.01
0,1.745200356299797e-08,0.00019822896879350058,3.632049434869596e-07,0.012270533717190153,0.0007054960046842281,0.001839531238334698,0.0,0.06
0,6.941660816471168e-11,1.2221410218813106e-07,4.5856817742288704e-08,7.453522611782587e-05,6.754495629348723e-07,6.631654026098581e-06,0.0,0.04
0,3.333577706825853e-32,8.197803237903431e-23,8.197803237903431e-23,6.213239094428037e-05,1.8640104848066385e-07,1.2895121998999922e-06,0.0,0.08
0,0.000932327543369551,0.052381434107261086,0.02257033806959821,0.08318779576499619,0.04704242814623093,0.0674890252371136,0.0,0.01
0,5.6243770292835983e-14,1.1571071950558314e-17,1.1571071950558314e-17,1.5213783971808436e-07,6.5381162757449374e-12,7.696280581867304e-11,0.0,0.0
0,3.3033803218942276e-06,0.0002101246626349365,0.0002101246626349365,0.0818639031063572,0.04860876539354966,0.05946425188812939,0.0,0.0
0,1.2626529653676276e-70,1.1117572830309225e-38,2.768422980723713e-41,9.522376522919993e-06,5.319186973604696e-14,1.4731463925538694e-08,0.0,0.0
0,0.0349910998829698,0.0803551886256909,0.0803551886256909,0.06192347703699876,0.050547187128568837,0.04898991386409907,0.0,0.0
0,0.20332114755401723,0.07384683454895272,0.07384683454895272,0.1950297109562486,0.1757578772922643,0.18810245421133004,0.0,0.08
0,0.0002605489271664966,0.004310797547515514,0.00010867420499142056,0.002721574031210359,0.0005178444589389362,0.0010595712075112955,0.0,0.04
0,0.729435616644086,0.44082848959620596,0.5056953163832133,0.6829660016044757,0.6941132547614928,0.6846067966872633,0.0,0.235
0,1.5693690891500067e-06,0.0006156965918832658,0.0006838709866657859,0.2199909633254812,0.06153746875746946,0.14529088367352033,0.0,0.09
0,4.650753628902246e-72,2.0109849340474193e-52,4.083183086359358e-59,9.095743400885041e-07,2.485923315086564e-16,1.0379350174172512e-11,0.0,0.0
0,6.815793720310067e-05,1.7844924562738866e-06,1.7844924562738866e-06,0.0037119199377009726,0.0002063251001402647,0.00044866683198809985,0.0,0.15
0,0.001987812612619341,0.0010078600111778676,0.0010078600111778676,0.0044468680585685386,0.0037594929103613815,0.0015324350888803033,0.0,0.12
0,2.911834454220667e-08,6.452328372242604e-06,1.5230914392709426e-06,0.018498764354128186,0.002017056454851998,0.004624642496910712,0.0,0.01
0,0.2210584128973539,0.4302047521117806,0.22779790027468966,0.22380829686770715,0.20529315026766948,0.2116516204335778,0.625,0.6
0,0.04556134514801627,0.4302047521117806,0.09090446594302443,0.10405338061630962,0.06114414856757212,0.07668339556407727,0.2857142857142857,0.19
0,1.6334082272101736e-16,1.5720778045382154e-11,5.998320169178918e-13,0.000896263700075692,5.172058256230511e-06,3.274178306922419e-05,0.0,0.02
0,4.122568908308716e-08,2.4777237078118144e-05,5.8592224616415044e-06,0.08190710860831131,0.0076019412749107436,0.0315983566444579,0.0,0.21
0,1.1488663110937188e-13,2.4270144926049257e-08,1.4296165378838083e-12,6.917832203777226e-06,7.683349985043149e-08,2.3384658945095045e-07,0.0,0.01
0,0.9999958824797508,0.059702056227396265,0.03868735677382266,0.9999576150314528,0.99999601711064,0.9999930689292923,0.0,0.35
0,5.633826939673408e-14,2.53919119378405e-10,2.53919119378405e-10,0.14054669371203418,0.023134759128116487,0.07049552426401248,0.0,0.05
0,0.0030992278743204814,0.007502671378275075,0.004109232813431408,0.25102762647603527,0.16127789528904368,0.21190872030810576,0.0,0.322
0,0.06442097680556698,0.07213403164907643,0.07504322560643079,0.4595171156685145,0.373515011906558,0.4124112614128192,0.2,0.36
0,1.6900498921665984e-10,3.0130154052745524e-08,3.0130154052745524e-08,0.38616918210409845,0.125341794844669,0.26845139314309735,0.25,0.24
0,2.4635423609709037e-15,2.1637396317454819e-16,2.1637396317454819e-16,5.360513404542013e-09,3.5846034255683984e-13,2.7762330725457304e-12,0.0,0.04
0,8.205107122942184e-10,3.4903048315140965e-05,7.6069477137109865e-06,0.002888420904464954,0.00028880214317336287,0.0009604909095731904,0.0,0.01
0,2.494705914474424e-12,1.3465222910253758e-10,1.027612751633891e-09,0.0002409465604814163,1.0864256746461638e-06,3.763548985375828e-06,1.0,0.09
0,8.599325439589369e-06,0.00043544286578235057,9.491092360477679e-05,0.01060420563098564,0.0027094194655501815,0.003963552351914825,0.0,0.01
0,0.012319443911683771,0.13599182397103368,0.07976804302887501,0.21568886137492105,0.15503037410669868,0.18625550862179718,0.0,0.31
0,4.726904762621726e-07,0.00031209829568618877,0.0002858826249501185,0.19427535633857312,0.05317452713811703,0.1499312994852694,0.0,0.29
0,0.000848209054000908,0.024609267186491937,0.007628374377136525,0.19686377952773373,0.11438721838677643,0.1683775446839195,0.0,0.27
0,0.0008041686019786279,0.035104133722863994,0.010211494443767557,0.1218279684199259,0.06965412293157024,0.10172007046156946,0.0,0.02
0,0.7638076417707179,0.5871639245713509,0.33047710798948304,0.5544133874296356,0.6316061645866102,0.6415127831538475,0.0,0.21
0,0.18520115518782024,0.2928121172920032,0.2928121172920032,0.1847236904580945,0.1994269828708234,0.1935212686257669,0.0,0.05
0,3.2594172637492346e-20,6.3196877512870795e-27,8.418499799440743e-26,1.2535465057574574e-12,1.6852753811413487e-18,3.273908910206074e-17,0.0,0.05
0,0.007485272726853462,0.01769257928727199,0.011578920503335952,0.038408680491819135,0.014953705093870498,0.01650879176355054,0.0,0.02
0,0.003662009263017846,0.0010649453821557871,0.0006541365427619436,0.018957419037050883,0.0051137393774902135,0.00712437414277269,0.0,0.1
0,1.1230929642483011e-119,1.0882874334397316e-12,1.0882874334397316e-12,1.1885726273687338e-06,1.3601198989275155e-05,5.23366329392753e-08,0.0,0.04
0,0.0008408877529170515,0.025896055057880334,0.016805634533265657,0.2069234479607387,0.11639031068308002,0.17008235408795144,0.1111111111111111,0.08
0,1.503485026080163e-06,6.660479337682924e-05,6.660479337682924e-05,0.13442265358968317,0.07671357413212543,0.10387171535801046,0.0,0.09
0,3.1517062123419427e-105,1.280349491587505e-57,2.73471881956027e-61,7.158751929346916e-08,2.895931441107646e-20,4.3007143400672906e-12,0.0,0.0
0,0.008721183252230282,0.2301609971057087,0.027234551700539757,0.0212780119595041,0.012479749123887114,0.014067828855646754,0.0,0.1
0,0.008369908923108597,0.2928121172920032,0.2928121172920032,0.02706418017319311,0.017990794503008545,0.01471634781470799,0.0,0.11
0,0.0724530121534759,0.2928121172920032,0.2928121172920032,0.06607151424536825,0.08487882918490117,0.07702195158761564,0.0,0.02
0,2.5159387303831555e-05,0.008026585125616652,0.008026585125616652,0.00025682742492462993,7.011042894773561e-05,4.777940494453839e-05,0.0,0.01
0,8.20060358139768e-06,0.004758482944458791,0.0013691554140804626,4.0277374495243526e-05,1.537027951130843e-05,1.2345786899220302e-05,0.0,0.0
0,6.337254003891343e-58,0.4302047521117806,6.0309571403465555e-71,1.2022032077389966e-06,7.327703670465625e-10,5.1891018237698274e-08,0.0,0.0
0,0.0013548326224742636,0.7962902359347317,0.001336706864656721,0.014845267370953675,0.0034374948993448912,0.0058830848301842905,0.0,0.06
0,0.16694694627440446,0.44082848959620596,0.24868273970202978,0.16141608212563563,0.17546055506468464,0.1693375229070092,0.0,0.05
0,0.4141428169170295,0.5365170203518012,0.31794438975574557,0.429418681215028,0.4067160500272903,0.4090109874773273,0.4,0.23
0,0.1374241644243957,0.026484474267497542,0.026484474267497542,0.14436854222114395,0.1297852153241069,0.13569593131193516,0.0,0.01
0,1.7277717172210888e-84,2.8937039877622792e-46,2.6930326442361303e-49,1.3351203523159698e-06,1.6372948313409206e-16,5.620529799457392e-10,0.0,0.0
0,6.769354115979604e-07,0.0006905738835277868,0.0001541523623448924,0.007909587630304363,0.0012201289789506005,0.00186120659619791,0.0,0.03
0,2.972874021677692e-21,1.1717334777432883e-11,9.711335601695694e-13,0.010101507229891268,4.6041910849015293e-05,0.0016237653788390384,0.0,0.0
0,5.614909576103948e-17,4.867632109044448e-10,1.5243942292493764e-11,0.00012973060913970498,2.069352135366165e-06,9.241868696998487e-06,0.0,0.15
0,0.29681018782483215,0.03161514762978578,0.03161514762978578,0.2906404017497704,0.22832911026764013,0.2520649735920412,0.0,0.06
0,0.012131717725499617,0.004662702644456825,0.004058467477418154,0.05308845037371294,0.0176705126784459,0.02251775546721863,0.0,0.06333333333333332
0,4.1893054936408084e-41,4.906431803872895e-25,3.1403718751511825e-26,2.9896590509918387e-18,6.910989195201304e-23,8.121926861696122e-24,0.0,0.0
0,0.330688429263785,0.2928121172920032,0.2928121172920032,0.24433698707685708,0.2926762479799845,0.28194758137477327,0.0,0.16
0,0.2324164054898925,0.44082848959620596,0.24868273970202978,0.21832134620398394,0.23494747102772476,0.22885234078415118,0.0,0.0
0,0.8022863236819235,0.4302047521117806,0.7931930198566803,0.586129599650016,0.7352454137444497,0.6790702212535793,0.2,0.53
0,0.0894846653996987,0.09752142088103136,0.09752142088103136,0.12066212428926663,0.10271653779014836,0.10365410896342804,0.0,0.0
0,0.011326718549833243,0.02454327665009105,0.004244534007463777,0.07717162239279518,0.01956237175370319,0.03885559174001698,0.0,0.09
0,0.35279905827538016,0.44082848959620596,0.593721526941152,0.40110594600753713,0.35582060363466467,0.3504491722819814,0.0,0.01
0,0.006295084955497456,0.44082848959620596,0.22329700789462412,0.0028457343119590427,0.0051043180280282855,0.0038405729276989597,0.0,0.01
0,0.004599229341611486,0.12986055540808583,0.01186213820360519,0.018671472471427853,0.008375139208666452,0.010847377540779916,0.0,0.01
0,0.004818815517706385,0.5020944982305122,0.007398543052516198,0.03667230596019105,0.013145307717437838,0.020412292511383334,0.4,0.22
0,0.008008908390814536,0.07568240108079932,0.04160021549004706,0.03670810559016807,0.015846570124528257,0.01602950164590816,0.0,0.04
0,0.023195403070086874,0.04029499275582992,0.005938206021163889,0.03663218824744937,0.021257833819593345,0.02549326769931092,0.0,0.02
0,0.5579782523761612,0.5579344332802556,0.5579344332802556,0.4655297053859913,0.5537574111877037,0.5254883819819903,0.4,0.54
0,0.18598458655185612,0.09118799054091119,0.10974912525360177,0.15405654554712395,0.14103327601432974,0.14377149151997207,0.0,0.07
0,9.873037515939094e-58,1.0501663040975005e-19,1.0501663040975005e-19,3.67831069672206e-05,2.046841677323439e-06,1.6836956852505398e-06,0.0,0.0
0,0.00699434548588388,0.001768923654195983,0.0018114116705407889,0.037574592397319743,0.010920990285293595,0.02245907187675038,0.0,0.15
0,2.8851277798850167e-08,2.9243542517032876e-07,2.9243542517032876e-07,9.081356581471502e-06,2.1357328205677902e-07,2.848595031312991e-07,0.0,0.0
0,3.5918790247217466e-143,9.463724729633465e-103,9.463724729633465e-103,3.579939234242445e-05,8.736372273493607e-15,3.888724587637871e-09,0.0,0.0
0,1.726602096873122e-84,2.8937039877622792e-46,2.688885511937737e-49,1.3341872685394986e-06,1.636199518962273e-16,5.616688107103215e-10,0.0,0.0
0,0.008744751589282129,0.007941772373373495,0.0024636281432810084,0.042430422586803636,0.012255521129014487,0.02330704213097476,0.0,0.01
0,3.875573099499602e-26,0.44082848959620596,0.018383415322248534,0.0005668364217813867,2.9506766922582242e-05,3.243980200481778e-05,0.0,0.0
0,2.819666567220792e-29,0.44082848959620596,0.01290992887147496,0.0002505271947341558,9.091881319470079e-06,9.945780482199823e-06,0.0,0.0
0,0.05001997613149553,0.4302047521117806,0.09949047340519768,0.06320542523901616,0.05520911256551476,0.0570159140419748,0.0,0.14
0,0.0006707315378294661,0.05591031560007984,0.05591031560007984,0.005134829445469074,0.003379227174116241,0.0024844654958225245,0.0,0.01
0,2.5250103761653618e-11,4.787932670772103e-07,1.2433621714957424e-07,1.8277295052169852e-05,7.908244950711944e-07,7.589227824648221e-07,0.0,0.01
0,0.07699317251374548,0.1917004088347019,0.08754517475542563,0.10289217267713226,0.08371774637773244,0.09811915727649455,0.0,0.07
0,3.930211167376424e-05,0.2928121172920032,0.2928121172920032,0.007378728866271584,0.0019668514603014436,0.0017860267453709093,0.0,0.08
0,1.2873631589944664e-06,0.001302928387541042,0.0007911519477699996,0.00025912489881294135,1.8863737235563334e-05,1.7600441971287863e-05,0.0,0.03
0,1.3300123934038552e-10,5.857839704086732e-05,6.000509630223561e-08,0.0011479432529700254,0.00015838503679549963,0.0005661751526549193,0.0,0.0
0,0.009350255792617602,0.00832107809565531,0.006193276399956755,0.04698402528440972,0.013304434548857227,0.023281492404397426,0.0,0.01
0,0.9353741984660396,0.44082848959620596,0.24868273970202978,0.8927846888586617,0.9041888329839428,0.9020425712933821,0.2,0.03
0,0.00010256398660978279,0.2928121172920032,0.2928121172920032,0.0036503394080481715,0.001052548232901159,0.0008295469233231056,0.0,0.03
0,0.04829114767886596,0.05551264354312224,0.022794391682193625,0.053710185274959986,0.04749149453983535,0.04710408652380359,0.0,0.02
0,5.93502399873259e-07,0.0001829396346512652,2.8543219204080747e-05,0.0008622320802132483,7.64511585373976e-05,0.00025570021418593687,0.0,0.01
0,0.13691963164102158,0.2928121172920032,0.2928121172920032,0.1319916382096176,0.14982045088523024,0.14237293202295617,0.0,0.01
0,0.00025367887354983546,0.0019518801166306739,0.00044582086897960825,0.07184790400362114,0.017138446428212804,0.039973394416155536,0.0,0.1
0,0.03984950404668606,0.44082848959620596,0.08002737046343943,0.06617437414702233,0.05358492288668197,0.05090955743675193,0.0,0.19
0,0.0828230989822959,0.44082848959620596,0.3122354472299746,0.09776343456849222,0.09882672799979775,0.09099899432481415,0.0,0.01
0,0.0016986412344622479,0.00013539705758137973,0.00016231362473012687,0.017381915635134502,0.002926357737916224,0.004671636593053189,0.0,0.09
0,0.2505726258679935,0.18323743727994135,0.18323743727994135,0.378815848016141,0.27376303765986226,0.2768726551379998,0.3333333333333333,0.44
0,5.133959559159162e-37,1.2187918280436934e-05,4.006704324230732e-15,2.4493703787315733e-13,5.607624003369778e-20,2.418339732394627e-19,0.0,0.06
0,0.9198899368555162,0.809899861278228,0.809899861278228,0.7436572772229103,0.8146850652714968,0.8168001382673126,1.0,0.84
0,1.0171252575992119e-05,8.852061997571086e-06,8.852061997571086e-06,0.0008136372512657365,4.4337442870400874e-05,7.137894679656095e-05,0.0,0.03
0,0.028964610684204067,0.016726845116287057,0.010800635584766669,0.06064244174530374,0.035322055490355254,0.03891047934854412,0.0,0.12
0,0.0006869397397687688,0.0002782222502845316,0.0002782222502845316,0.013809026709196408,0.0020173131231615666,0.0029416034185191092,0.0,0.05
0,1.329499877049812e-108,0.055060334292311525,0.055060334292311525,0.0037453858047951987,0.00033296734311321187,0.0004366308357028364,0.2,0.08
0,0.006295084955497456,0.44082848959620596,0.22329700789462412,0.0028457343119590427,0.0051043180280282855,0.0038405729276989597,0.0,0.01
0,9.25143602539503e-51,3.234295053651494e-35,8.386706899040037e-40,6.428014109826036e-07,1.5655012062752363e-13,1.7145075803301575e-10,0.0,0.04
0,4.480307233100246e-08,6.430953826784419e-06,6.430953826784419e-06,0.2555419149789612,0.09091288736669938,0.15741280966938412,0.0,0.03
0,2.376990272190169e-24,1.2121610400670757e-14,1.2121610400670757e-14,0.0013303220493144073,1.6557232329584784e-05,8.044663091490583e-05,0.0,0.14
0,0.009538456582553523,0.2928121172920032,0.2928121172920032,0.018764668411388345,0.01679514515418845,0.014451255736667466,0.0,0.0
0,5.003424135683519e-05,0.022220032482925953,0.00031097115061243046,0.03243985703939138,0.00976727338835928,0.018726581214289405,0.0,0.02
0,0.0010753045139888205,0.036021942684108264,0.010816056368615523,0.059428423525365766,0.027459078885661497,0.03646017739700185,0.0,0.0
0,0.008362984589802036,0.44082848959620596,0.2935490521587352,0.01361757403239781,0.014499825935685069,0.010904163871416538,0.0,0.02
0,0.379398549801542,0.6780919517929443,0.2796327432074178,0.41296192766294076,0.38602592672715896,0.395366092215632,0.4,0.25
0,0.001396767224678256,0.4302047521117806,1.9875692668629867e-05,0.0003179061158280253,0.000680856306173031,0.00046885804758281627,0.0,0.13
0,3.48563009728269e-37,2.453543623985349e-25,5.704195562856655e-27,6.399305072193848e-18,3.352855782318792e-26,5.314055418921655e-22,0.0,0.0
0,1.3127815174142902e-07,1.1856996140268264e-07,8.662406759448636e-08,6.969561558295614e-05,2.7100853605709086e-06,3.904724708654675e-06,0.0,0.02
0,6.515214689129019e-06,0.4302047521117806,0.0011156277339406729,0.0015569125764885348,7.787068369315145e-05,0.00029535090616368586,0.2,0.06
0,0.08458601087900082,0.3076395655498909,0.1576300407201201,0.10789643198586249,0.09148210807263928,0.0976697182123665,0.0,0.01
0,3.0000241647477655e-16,5.576907024853676e-07,5.576907024853676e-07,0.004415201829749916,0.0008311319181678522,0.0007753560952367984,1.0,0.22
0,0.050243934153726,0.016717292084063147,0.008822747975214061,0.1066754827078014,0.05803650699009943,0.07026327182816468,0.0,0.08
0,4.272739139900421e-214,1.2432458930895577e-153,1.2432458930895577e-153,4.4544749792492094e-07,1.6127900508762818e-21,4.883043824358799e-13,0.0,0.0
0,0.001166747175139763,0.026644900227861593,0.0114290140749983,0.006168744658802047,0.0026766716555032028,0.0021411015715383044,0.0,0.01
0,0.05991071206856223,0.014333453726959032,0.014333453726959032,0.12989646028089194,0.06268698935135081,0.07209120756383214,0.0,0.08
0,0.0003238628041036973,0.00010303134309223168,5.264050671574201e-05,0.00361333686270985,0.0005952525441717552,0.0008981185799675141,0.0,0.11
0,3.6270263733874565e-82,0.1713538913532951,9.67865517598788e-07,7.208660534936561e-09,1.8035820255321054e-13,3.270495826564848e-13,0.0,0.01
0,3.884676529082437e-87,0.1446459152755267,1.3452126951968614e-108,1.4748628322543778e-08,5.1412786221242404e-14,5.015064772323822e-11,0.0,0.01
0,3.622306164121037e-82,0.1713538913532951,9.67865517598788e-07,7.199805419700119e-09,1.8015198079204201e-13,3.266469417363557e-13,0.0,0.01
0,0.636344410004859,0.5004420927632764,0.5004420927632764,0.6100965466718027,0.6094180403011985,0.6128119136404736,0.6,0.54
0,0.26988758237027916,0.2928121172920032,0.2928121172920032,0.298509776121668,0.2948505349195949,0.29448814785353417,0.0,0.03
0,0.014162040367982012,0.0061563337873820085,0.0031145004367434293,0.048505487368695574,0.018953707173174815,0.023669351101128673,0.0,0.0
0,0.015938969616135657,0.006251857940655992,0.006251857940655992,0.04811669186930769,0.027835027148710282,0.03229297282497564,0.0,0.14
0,0.24008064398943985,0.2928121172920032,0.2928121172920032,0.2635071639923823,0.2672030924592168,0.26555503821775495,0.0,0.03
0,5.275614524138887e-08,1.3729385641536249e-05,3.777638693048787e-06,1.2746660508029723e-05,2.99091352761057e-07,1.060638019291994e-06,0.0,0.02
0,3.161554883283236e-09,3.4781187276865207e-07,6.949847631273142e-08,6.899943166808176e-06,3.8702746568069116e-08,3.1370334288655456e-07,0.0,0.01
0,0.00296322642078333,0.0002468144504027847,8.456928512202901e-05,0.1254714439979106,0.007774680620994228,0.03453849567767137,0.0,0.11666666666666668
0,0.1623085061508539,0.38466230363109827,0.38466230363109827,0.1409099997800646,0.20445266125897893,0.1814458914029594,0.0,0.09
0,1.481327019586684e-28,0.4302047521117806,2.5341667261304622e-34,0.00015667145717971563,2.9073161678898204e-06,2.5064757020926227e-05,0.0,0.04
0,0.1471461456914955,0.4302047521117806,0.205327283733492,0.14459176585336359,0.15023357794248904,0.14710781681761106,0.0,0.01
0,0.00567033951917113,0.00182831904053797,0.0019293156112690799,0.04539951429075023,0.008508737176973124,0.019920214383394898,0.0,0.01
0,6.909808716520023e-09,1.8306989700296186e-10,2.7543260117658905e-10,4.817834418922795e-06,3.2284619896456845e-08,8.486433799657725e-08,0.0,0.0
0,7.362721441218888e-09,2.6781320072409152e-06,1.4850744442814235e-07,0.05406786982586164,0.00596939589672439,0.017896165247105585,0.375,0.06
0,4.702244368985006e-12,7.609190600576738e-08,7.54595531065824e-09,1.3331889204194932e-05,6.280806970711847e-08,9.118267162663656e-07,0.0,0.05
0,4.583406937079542e-27,1.3931516503520515e-10,1.3931516503520515e-10,0.0012915464532997857,0.00013855599784812754,0.0001487367394885306,0.0,0.03
0,0.0005191425128113842,0.0015940085164329832,0.0009444871672941838,0.009459452391339829,0.002103886939793629,0.002652920269571542,0.0,0.01
0,1.1045301069820532e-16,2.1735889492801517e-09,1.2416319658882423e-10,3.9091647842319544e-07,5.855109414522012e-10,1.5197111941438898e-08,0.0,0.02
0,0.014500574606615791,0.44082848959620596,0.2839196926641939,0.013595260547694624,0.015509944799909268,0.010510856911834945,1.0,0.28
0,9.774273878431356e-06,0.002937778647250326,0.00011002096511847953,0.0005924575220219609,5.506388085416551e-05,0.00015327600574713577,0.0,0.0
0,0.12980082093545606,0.5722886071325013,0.20018942772066922,0.14673984656558367,0.14152764024362616,0.1432320862533022,0.0,0.01
0,2.769967321736937e-23,5.2519010944954455e-14,5.2519010944954455e-14,0.0016731887403831894,2.5538047940126622e-05,0.00011499818242949653,0.0,0.14
0,8.58367581777628e-30,2.0009392681913007e-09,2.419007678698646e-09,1.162717839597586e-07,1.212365954661195e-10,2.696345421185458e-10,0.0,0.05
0,0.06029919426350191,0.09008838484158911,0.08829586057957424,0.08028909504767727,0.0679468646438748,0.06603196412352764,0.0,0.0
0,0.04157647608257637,0.06106364622112373,0.07698358022478632,0.08131076487718715,0.05806516403378996,0.05864808699998108,0.0,0.0
0,0.00023851241793511398,0.01037401660596445,0.0001735924957615879,0.014044877737247302,0.0018052852746082975,0.0021888106334419515,0.0,0.05
0,0.11195439450535867,0.2928121172920032,0.2928121172920032,0.12964280847842413,0.14635208115836243,0.13590702722356834,0.0,0.02
0,4.41979993673906e-06,1.5738315934638806e-05,5.50186438450734e-06,0.0032207229935606978,6.545322012391833e-05,0.00047590902488549145,0.0,0.0
0,0.00016296486181715449,0.7428279908649128,3.448755033494227e-05,0.00710901479610013,0.0006746906500888305,0.0015853368342767526,0.0,0.05
0,1.9160256059284184e-06,0.2928121172920032,0.2928121172920032,0.0017748327505823338,0.0002900187238602728,0.0002669705027347052,0.0,0.08
0,1.739861338750756e-124,1.595805871424511e-23,1.595805871424511e-23,4.8933146324690006e-11,6.6497356561113834e-12,5.132664063305858e-14,0.0,0.0
0,2.4365076463525455e-25,1.1580721494318462e-14,1.0818782990042673e-15,2.2041086406514818e-08,3.4223286070272293e-12,4.928638999195239e-10,0.0,0.0
0,0.08845839700706293,0.11137953085786623,0.11137953085786623,0.12650716208253504,0.10872727315458328,0.10908533998405702,0.0,0.0
0,0.0009130730646292838,0.00017231689265101777,0.00017231689265101777,0.01567592403644323,0.0023761391045151532,0.0036250155135322546,0.0,0.02
0,0.0028847051320925582,0.017078105003878487,0.0036268312695753933,0.014857312844658044,0.004797186895250509,0.008081560133271597,0.0,0.02
0,0.04855407451953503,0.47744557764668627,0.06074239775996985,0.18744286934512627,0.2079020905712267,0.20282026577341497,0.0,0.16
0,0.16896436973141374,0.4302047521117806,0.15452735433607478,0.1522495602727482,0.1647746731101452,0.16142749711322665,0.0,0.03
0,0.11710284579987787,0.44082848959620596,0.16157655414322558,0.1139170432921927,0.12040359364795501,0.11816127647019174,0.0,0.04
0,4.687954233687858e-05,8.894672628457818e-06,2.7908359435042748e-06,0.008261326948888611,0.00017722381992190805,0.0012335884189441926,0.0,0.0
0,0.21807426007850883,0.3581991733041899,0.3581991733041899,0.2133540740424645,0.23680460865778405,0.22830106917670048,0.0,0.1
0,0.025707358146788043,0.02482913691014461,0.012856855358857206,0.04417388941597802,0.02825404674601168,0.029667086548359173,0.0,0.01
0,1.63958143709178e-05,0.020035001216529607,0.008739057394089695,0.018367027885984526,0.00342293237102918,0.004121642256826598,0.0,0.01
0,0.048362395530928845,0.16924165971802954,0.16924165971802954,0.0702277454938961,0.06636973488635994,0.06179860429493284,0.0,0.05
0,0.028686115504869422,0.07601771759499058,0.1031270934921855,0.14010643673461884,0.05247292636414239,0.09029671435969644,0.0,0.28
0,1.5132872847851104e-11,3.273659313617786e-14,3.1848074227393055e-15,1.4892835079812384e-05,5.065850583999645e-10,8.76964885516355e-08,0.0,0.02
0,0.5162297723095811,0.688058220961029,0.6639383849812063,0.4723935970640877,0.5339255940731774,0.5423741049346994,1.0,0.29
0,0.5785177150406893,0.8788428890899042,0.8673158613592559,0.6987809917671561,0.6204178050979166,0.6395743661525992,0.1111111111111111,0.1
0,2.447365093490858e-51,8.777070316181073e-12,7.952551081031809e-64,1.3291731943613852e-08,1.286788439580315e-14,1.4314367868418658e-11,0.0,0.01
0,0.25908112035377084,0.2928121172920032,0.2928121172920032,0.24090128335327654,0.26617070868680226,0.2557644726994995,0.0,0.1
0,0.07331745693758578,0.10964745307814615,0.10964745307814615,0.0865501755878849,0.07778239448340182,0.07718875470203972,0.0,0.03
0,5.37596561568023e-13,4.867632109044448e-10,2.0848958882196448e-10,0.16887866112318928,0.003958135630619088,0.024758984046330153,0.2,0.03
0,0.003195695751662675,0.036715515497358846,0.010923881880608303,0.11369066092105605,0.07639511503123671,0.09219454542776326,0.6666666666666666,0.07
0,4.747569245646817e-07,0.4302047521117806,2.4563692343959393e-05,1.1452253522115007e-05,1.201931258724626e-06,2.332065819815696e-06,0.0,0.15
0,3.48563009728269e-37,2.453543623985349e-25,5.704195562856655e-27,6.399305072193848e-18,3.352855782318792e-26,5.314055418921655e-22,0.0,0.0
0,0.3121016779144658,0.1367347262072823,0.1367347262072823,0.2617396888159435,0.3086000966044224,0.30718124429760535,0.0,0.01
0,0.05991397484744719,0.44082848959620596,0.24868273970202978,0.06779651599256731,0.046702537108217486,0.040985197770711454,0.2,0.15
0,1.3684943433066325e-06,0.9375421194294156,0.9375421194294156,0.0016946947208502808,0.0004443230999441166,0.00034316916966192887,0.8,0.22
0,4.764528279067375e-05,0.0002800852551089083,0.0002800852551089083,0.0017554981959363879,0.00020701016312210245,0.00029104933473591974,0.0,0.0
0,0.03689470177155467,0.44082848959620596,0.1872254800636974,0.04333643251135775,0.044156215836432824,0.037175548798413914,0.0,0.11
0,0.009244286519044772,0.5039113124163279,0.13617260258953837,0.036258349230948776,0.025926186273511134,0.025359919820948474,0.3333333333333333,0.14
0,0.006268604898950174,0.49480776185003217,0.49480776185003217,0.07667326870408463,0.0483314098540337,0.04401981862140546,0.2,0.22
0,0.000361809594390907,0.44082848959620596,0.24868273970202978,0.0007496296102529554,0.0004587326191001845,0.0003987297858311251,0.0,0.0
0,0.4195408746971146,0.44082848959620596,0.3972354005729063,0.3917632583745894,0.4003703674489354,0.3938016490663555,0.0,0.16
0,6.175967847595619e-13,5.637030115357284e-08,2.3879285172055834e-08,0.0028192044750473652,9.798299002645727e-05,0.00034491995346797244,0.0,0.02
0,7.306429244442624e-09,4.752359433623723e-05,1.4186549537178134e-05,0.10981847607668191,0.014522783430432578,0.05517680428184389,0.0,0.1
0,0.7203166070176569,0.2989219479994036,0.6895738413220356,0.7807078921004773,0.7398953073654119,0.7545776773505221,0.8333333333333334,0.52
0,0.0019248540588849637,0.017642453851906267,0.0031037974363467935,0.009791992223651373,0.0029577382037933903,0.005138953287313114,0.0,0.0
0,4.992232427103883e-06,0.2928121172920032,0.2928121172920032,0.005076318201557981,0.0007825204711065617,0.0007607120918816421,0.0,0.31
0,0.0027138896613131016,0.00010332368973202963,8.043643540649032e-05,0.021220099546419832,0.0036377324436464766,0.005872896477971649,0.0,0.0
0,2.722842836299642e-12,1.0462823080272172e-08,1.0462823080272172e-08,0.275559336278669,0.06342253012428331,0.15818325923185556,0.0,0.02
0,0.0004281438239997759,0.021265336193109743,0.006659244876389833,0.07225383235530018,0.03757907331749498,0.05681323000274917,0.0,0.0
0,2.502761857886508e-57,0.007199102928811033,0.007199102928811033,0.07464561807489543,0.017360512105983605,0.023976872162933403,0.2,0.02
0,0.05553178876503365,0.127513931663167,0.034937196387728235,0.06971759382004386,0.05062854503791194,0.058208235112417656,0.0,0.01
0,0.034568821288338214,0.6595165745700949,0.23100230590869397,0.04827699426665205,0.045576229078282876,0.042639252929381075,0.8333333333333334,0.47
0,4.78307525419765e-13,4.171471245716064e-09,4.171471245716064e-09,0.15569999976526458,0.029701376915022455,0.07918333298499225,0.0,0.01
0,8.928416060026697e-12,2.819939220077483e-07,3.792656114245905e-08,0.00021136154294774422,1.1977142732221052e-05,1.5747461552865304e-05,0.0,0.02
0,7.57351113332138e-09,0.4302047521117806,1.617336731978109e-09,3.1168179527838962e-06,3.7109842221216606e-08,2.7380271014416375e-07,0.4,0.16
0,2.179511131423351e-36,2.802609477930982e-24,1.5858497249056518e-27,2.5936879187734256e-06,5.993917159321812e-11,6.5856542026578264e-09,0.0,0.0
0,0.0013688638494034875,0.005428141202709398,0.010315866042114829,0.004247690665424139,0.0013087131103325113,0.0019181428221433515,0.0,0.03
0,1.5499308110219165e-31,0.2928121172920032,0.2928121172920032,3.487838008741678e-14,7.005927285631242e-19,1.0356866744418304e-19,0.42857142857142855,0.21
0,0.0008029457668606528,0.0014620550880882028,0.0006885730655837316,0.007236356509728025,0.0016295160824098354,0.002199108493412811,0.0,0.06
0,0.12064359408771752,0.009843740713551855,0.009843740713551855,0.21132325045884587,0.14999219073468273,0.1804774569389924,0.0,0.03
0,0.5196141702113664,0.3564672139179601,0.3564672139179601,0.5432053860379232,0.5394228903867907,0.5401006447426744,1.0,0.61
0,0.00036262731622857785,0.008832833514871645,0.0013625104658245137,0.054476340792513275,0.01983835179498345,0.033443015286907185,0.0,0.03
0,0.05751699310286173,0.2928121172920032,0.2928121172920032,0.09566680081763188,0.08333577205938476,0.07805276394825474,0.0,0.0
0,0.05058879464482608,0.44082848959620596,0.24868273970202978,0.06517713349344527,0.055734805301064595,0.053093284855885464,0.0,0.0
0,0.05058879464482608,0.44082848959620596,0.24868273970202978,0.06517713349344527,0.055734805301064595,0.053093284855885464,0.0,0.0
0,0.05058879464482608,0.44082848959620596,0.24868273970202978,0.06517713349344527,0.055734805301064595,0.053093284855885464,0.0,0.0
0,0.005554528474791377,0.0021419087269658054,0.0021419087269658054,0.031974620960135744,0.011561579581681155,0.013752650560553975,0.0,0.02
0,0.05529815992230696,0.44082848959620596,0.24868273970202978,0.06709882488778798,0.058035550639874055,0.055497121397799734,0.0,0.0
0,0.0018781411125870441,0.0006476549297991621,0.00034250508504017786,0.013822432009476858,0.003369260665285807,0.004422606795531242,0.0,0.02
0,0.0029080443678723773,0.05761136641126316,0.012451669877485206,0.06697251690307211,0.02114041300768195,0.036088540837423154,0.0,0.18
0,4.392128824812364e-09,6.151537588021947e-06,8.093590161480233e-07,0.018725339004186742,0.0017705259463479462,0.004846070421090593,0.0,0.03
0,1.7582514834487364e-05,0.01905562432349854,0.03453214880271942,0.034448970508749205,0.0072385588767483935,0.017537395667265462,0.0,0.0
0,0.0008677717346605812,0.008738644407554745,0.008738644407554745,0.006555512202214089,0.0029612494756438425,0.0022570205409908665,0.0,0.03
0,0.03316985476186793,0.010524890523590139,0.012032183985454296,0.16463382904007137,0.05130345842675227,0.09496045843517568,0.0,0.05
0,0.00029731261493321794,0.013696130534988065,0.0008404022383045343,0.41276536328738617,0.18196095856175606,0.2784375612523584,0.0,0.06
0,0.00011216077179055086,0.0017712155218023381,0.00015568068905833082,0.0052223771711124,0.0004885606699330736,0.0014050713120830388,0.3333333333333333,0.01
0,3.705977813292525e-119,8.25018781977097e-87,1.0345894418891116e-97,2.413769708535224e-10,2.668857574047635e-26,1.3605673254061889e-18,0.0,0.0
0,0.10659497945953934,0.44082848959620596,0.15943300169833807,0.08971100970530224,0.10092879840852975,0.09879202394271545,0.0,0.02
0,0.012047173346163061,0.20378011363183027,0.12214472555294181,0.07839715352754335,0.057795156897353435,0.057779597405799396,0.0,0.08
0,3.2192390774271035e-05,0.008198039956234105,0.003136645944900539,0.0006469748071732634,0.00013098229259908426,8.831295964795883e-05,0.0,0.07
0,0.014873009930479,0.44082848959620596,0.07857119458121707,0.03387216363099486,0.022499247529494844,0.0212085579204901,0.5555555555555556,0.19
0,5.693501663528851e-13,4.918673759423246e-05,1.1260934187119397e-11,0.0010611176853985286,2.885744371376676e-06,1.3787714087197292e-05,0.0,0.02
0,1.7740372168953385e-10,0.0008421847027443431,0.0008421847027443431,2.594057537049895e-06,3.121840708809539e-08,2.5734300038892107e-08,0.0,0.06
0,1.3760155387917643e-19,2.07065975282331e-08,1.0256662640812365e-13,4.185620554806498e-05,9.878966611449382e-08,2.7482314798595336e-06,0.0,0.01
0,0.001795783450360274,0.44082848959620596,0.012521871887223793,0.023593312793318236,0.008349482588427517,0.009297784044999955,0.4,0.05
0,2.0402680929310826e-05,0.001545383572910642,0.0007957494610201223,0.0008861069126253402,0.0001222884370687549,8.638913826416027e-05,0.0,0.03
0,0.17318765321201035,0.2928121172920032,0.2928121172920032,0.18999899343361912,0.2021960772048044,0.19793157547003756,0.0,0.0
0,0.03571079611170343,0.44082848959620596,0.029338753838281294,0.05456332175897472,0.04083245592628594,0.04112951192977635,0.0,0.02
0,0.11591882178040229,0.0054930105542979136,0.0054930105542979136,0.5972765493549332,0.5176958152283169,0.5709886756541809,0.0,0.01
0,2.3972680579684365e-08,0.06084927380430621,0.06084927380430621,6.661797416545471e-05,2.5305549227578015e-06,1.8907050485651468e-06,0.0,0.08
0,0.8107574919100589,0.5805476760810623,0.5805476760810623,0.7449988047720868,0.785414756395093,0.7807790650512607,1.0,0.79
0,0.012581775702057211,0.030217055176447256,0.02115150527581362,0.030611133374970335,0.01670955651363145,0.016272843211609822,0.0,0.02
0,6.982285260741993e-13,1.8229355048084966e-09,2.375733103841756e-10,1.7792979926535153e-06,3.4375417550956884e-09,5.9201997805408364e-08,0.0,0.0
0,9.602381042560282e-09,5.236165900620036e-06,9.705134778178187e-07,0.0017821717443577778,5.9698788235381964e-05,0.0003191970143862817,0.0,0.01
0,8.19750371202335e-06,0.00057503096614261,0.00016695473814699486,0.002571174252957428,6.852167641196689e-05,0.0004338807477401655,0.0,0.11
0,1.95660089691411e-09,2.38974661838778e-07,9.01744253161709e-08,4.3841166969005424e-05,7.365068314109141e-08,1.285441071040511e-06,0.0,0.03
0,6.777931811685537e-10,5.922247756324974e-06,1.104862768024709e-06,0.0007076181014099372,2.506259538816516e-05,0.00015342499276037086,0.0,0.0
0,0.21040920636735458,0.011533776785789047,0.011533776785789047,0.24042047031382718,0.18835869806625838,0.2093547052412962,0.0,0.02
0,6.192464643775701e-27,4.144913362393037e-13,5.464146092266441e-15,3.209085186795642e-08,8.354703839473051e-12,5.392591788816539e-11,0.0,0.01
0,0.16737716295236885,0.14012998840677895,0.10909650549711634,0.15894377505575305,0.13076170334455892,0.13193712157152968,0.0,0.05
0,0.009430504677097514,0.44082848959620596,0.24868273970202978,0.008331014739001538,0.009112273972009251,0.007840797176498422,0.0,0.0
0,0.14707204469618979,0.4302047521117806,0.20382261026903037,0.14431199646927012,0.14991555113483662,0.14681072908166676,0.0,0.0
0,0.07489904424292208,0.08775151887540521,0.07925381593059246,0.1069580565444198,0.08511503141785981,0.08569194911865691,0.0,0.0
0,0.03128567534932915,0.44082848959620596,0.05837854849090776,0.02705484352007386,0.02823543580934446,0.02463793397689329,0.0,0.0
0,0.13224853748759516,0.018104995295191873,0.018104995295191873,0.13782565245291012,0.12058951569567337,0.12733855767585514,0.0,0.01
0,1.8292959319760405e-25,0.0004183464555208241,1.975322477471308e-27,0.00021807448853712974,2.630687208712286e-06,2.754439329351844e-05,0.0,0.0
0,0.1912257122694309,0.47818464921753406,0.27458003484628124,0.19655283626155418,0.19988428038652978,0.19384424551648274,0.0,0.09
0,2.459352338949927e-06,0.4302047521117806,2.5961387546548854e-08,0.018411579076342298,0.014144852634052815,0.01671025668371542,0.0,0.2
0,1.2459582028672854e-29,1.5653012192838912e-21,1.5653012192838912e-21,0.35907041912805376,0.004582834969295927,0.06410965998514011,0.0,0.02
0,0.020293153027886746,0.0032731212166769367,0.0020913938332250575,0.06186688700791975,0.023618998225546566,0.030950810064260655,0.0,0.01
0,0.013565125220001546,0.04462248333709178,0.04462248333709178,0.04188851909658942,0.0327150114814963,0.02815849340433348,0.0,0.2
0,2.798373538598825e-07,3.199309885349674e-05,4.302608493072538e-06,0.00016067006421012785,1.2720578778210324e-05,5.387708587824769e-05,0.2,0.02
0,0.0034516602674745205,0.2921716233659611,0.13704500937388714,0.011871887031939529,0.007229124382806494,0.006047629100662643,0.0,0.02
0,0.0013608920627466003,0.2928121172920032,0.2928121172920032,0.003801220865769147,0.003002737927601482,0.002378152335728801,0.0,0.0
0,1.9814589799464714e-09,3.295777224388761e-05,6.366240505371919e-06,0.05654558844227091,0.006766344085020529,0.027604642581664958,0.0,0.04
0,0.21862227717810803,0.5068810271658156,0.27249224335407995,0.21511351932223455,0.22971316090179425,0.22410364904224134,0.0,0.07
0,0.18818879952454964,0.2928121172920032,0.2928121172920032,0.19148354869929526,0.20407773586156647,0.1993084462743875,0.0,0.0
0,0.27755559424314885,0.44082848959620596,0.24868273970202978,0.20017953144341197,0.24840044422500657,0.23487359411895903,0.0,0.06
0,0.3774345045660773,0.4302047521117806,0.2852818321273704,0.179754106698529,0.28958410463217904,0.24664252701381587,0.0,0.17
0,2.3403050538494567e-21,6.009564849516874e-23,2.5500926494424956e-24,1.3176168571184485e-11,9.30294021035417e-19,1.3955582107103423e-15,0.0,0.03
0,0.14518519271711222,0.4302047521117806,0.20407281831694768,0.14368696733190003,0.14895405849264182,0.14601176069297056,0.0,0.0
0,0.14830318183649144,0.2928121172920032,0.2928121172920032,0.14233070059235145,0.16115475903783405,0.15432509987557208,0.0,0.0
0,3.3232474959078736e-05,0.4302047521117806,3.863947110076841e-05,0.0009632816859377079,0.00011911762357793326,0.0002580841674392695,0.0,0.01
0,2.538226060689213e-06,0.002046606086080444,0.00019521695191526272,0.16510196856453727,0.025929507967683688,0.07210996115362996,0.4,0.2
0,0.022488545992247606,0.06996542726199706,0.012440888719240508,0.04103940393811061,0.02489952371651656,0.0297024844711612,0.0,0.01
0,0.010805868568872801,0.44082848959620596,0.5934481637293618,0.01687603984480934,0.011778361426020838,0.010523996147471548,0.0,0.02
0,0.6781682279088124,0.2928121172920032,0.2928121172920032,0.5609871136011526,0.6146077947148492,0.628492341023659,1.0,0.45
0,0.04613416987219508,0.2928121172920032,0.2928121172920032,0.07381802934846339,0.07217695813069593,0.06507784795358786,0.0,0.0
0,0.1639240105237588,0.4302047521117806,0.205327283733492,0.16596852606174686,0.16799099128712572,0.16569432381990873,0.0,0.01
0,3.292939746792595e-43,1.374884743618906e-14,1.374884743618906e-14,0.00013588205520076395,9.346656733314996e-06,7.967617201729958e-06,0.0,0.08
0,0.1183838690559854,0.4302047521117806,0.23271442045544907,0.09698509128850166,0.11346095999617034,0.1071471449948451,0.0,0.02
0,0.10612868160590652,0.4302047521117806,0.1456325219760507,0.10922741661523389,0.10836859319721676,0.10752850921009836,0.0,0.05
0,2.835645819236674e-21,2.3883692839958997e-14,2.3883692839958997e-14,0.015885239357765035,0.000453627765921743,0.002469703858920694,0.0,0.01
0,0.3272113138086451,0.7503932889742785,0.498706573091795,0.36660912846888577,0.35094577359022006,0.3552808974247181,0.0,0.09
0,0.14865126998023204,0.4302047521117806,0.20407281831694768,0.14500729594331058,0.15075757485339225,0.14758303116890908,0.0,0.0
0,0.19190397099828332,0.2928121172920032,0.2928121172920032,0.1924558531104938,0.2048865706226557,0.2002169050851028,0.0,0.01
0,2.114542206103937e-11,1.4914271834281246e-07,1.6010287997741557e-08,0.0005308609929816963,3.2592189434912996e-05,4.386295733812934e-05,0.0,0.04
0,0.25458290942394146,0.2928121172920032,0.2928121172920032,0.33640899538226143,0.2882038597507413,0.2868829867908704,0.0,0.0
0,2.530540538347621e-05,0.009748038755997173,0.0007650181989445041,0.03305527618750535,0.014251839672736542,0.024674190014025137,0.0,0.01
0,4.16454624282621e-214,1.2432458930895577e-153,1.2432458930895577e-153,4.4389570311458246e-07,1.6068308666223188e-21,4.867218049160133e-13,0.0,0.0
0,0.3724502434920148,0.42932333502446873,0.42932333502446873,0.3722682893999071,0.4237644726330351,0.4222846505139104,0.0,0.05
0,2.3045081781107753e-19,6.23168388165152e-11,6.23168388165152e-11,0.0024666540622545453,5.853992699181369e-05,0.00018656089962945912,0.0,0.13
0,0.1832806508758888,0.2928121172920032,0.2928121172920032,0.15690521914267885,0.18270646158767578,0.1760770585180115,0.0,0.0
0,0.010940886657100855,0.061079280034739926,0.01972802332519813,0.13650520640036398,0.11332735826747269,0.12764685237915535,0.0,0.04
0,0.07738605908494325,0.4302047521117806,0.053222555849814945,0.11366961078110352,0.0958503090369035,0.1048001844383697,0.8,0.24
0,0.000644602696385501,0.022220032482925953,0.02882506867502499,0.24598736892638493,0.1191875413425477,0.18763699170119527,1.0,0.36
0,0.03402219951110573,0.44082848959620596,0.24868273970202978,0.02775912650078606,0.023588667343908583,0.022997745295186528,0.0,0.02
0,4.272739139900421e-214,1.2432458930895577e-153,1.2432458930895577e-153,4.4544749792492094e-07,1.6127900508762818e-21,4.883043824358799e-13,0.0,0.0
0,1.1513520999870496e-89,2.5414400331101947e-65,1.3607959181721587e-73,4.306588146907117e-08,4.769034346926452e-20,2.886227690178226e-14,0.0,0.0
0,4.272739139900421e-214,1.2432458930895577e-153,1.2432458930895577e-153,4.4544749792492094e-07,1.6127900508762818e-21,4.883043824358799e-13,0.0,0.0
0,0.07150008678867194,0.0602285363598787,0.022537046625567766,0.07972987859160391,0.06431231641801229,0.06816450186002103,0.0,0.0
0,0.009193217343184505,0.0009127916212927184,0.0009127916212927184,0.06323799589423658,0.01449151870559289,0.021544809917476235,0.1111111111111111,0.04
0,0.0016458232692677169,0.004211836201736593,0.0009955855882667459,0.0034546653801348433,0.0007841731391611158,0.0013510162146206026,0.4,0.06
0,0.07588977443984582,0.6809565557785509,0.2104784688563066,0.06289120748808927,0.08680906442007101,0.07557442321474986,0.2857142857142857,0.01
0,5.757449227815007e-08,0.11612395832360249,0.025374748729786106,0.03459547396905955,0.010736293851870748,0.012553794627421786,0.0,0.01
0,0.00569913801151558,0.012031699897191817,0.012031699897191817,0.027878405633836978,0.010297971803845058,0.011528337715704016,0.0,0.11
0,2.33531458800189e-17,1.244147744631285e-10,1.0308528509773402e-11,2.1010833417582336e-05,3.478955546929276e-08,1.2080249338741747e-06,0.0,0.03
0,0.01119865577965491,0.0420334998934891,0.006244241178319051,0.048416754918251544,0.017179295220232208,0.0282727974435607,0.0,0.0
0,0.16622793282493656,0.44082848959620596,0.24868273970202978,0.12518739069781132,0.15189680817110754,0.14019807431377473,0.0,0.02
0,7.887273056494549e-15,3.6804379296850784e-08,8.270882423349594e-09,0.020017464850843717,0.0006714405511677787,0.007763024473760038,0.0,0.08
0,2.7184653884836846e-05,0.016002114253004976,0.003023144455383579,0.0017316212402038972,0.00017942382285972112,0.00044497571049224497,0.0,0.0
0,2.2475328942249366e-05,0.4302047521117806,0.0020988356539942514,0.0027090403654770625,0.0001959512705585919,0.0006304261625648455,0.0,0.06
0,0.052205492099369755,0.4940426419101688,0.4940426419101688,0.12057280021824657,0.10117653548597513,0.09576016509795165,0.0,0.05
0,2.197031449446812e-06,6.550732736116836e-05,2.3647904290163013e-05,0.0009816014911493269,0.0001019833224194792,0.00014843948855655623,0.0,0.05
0,0.8285491947341268,0.4796999031682064,0.4796999031682064,0.783079868952511,0.7932341499422039,0.8177121695524783,0.4,0.41
0,0.04250716983523546,0.019702123062973892,0.019702123062973892,0.10418096318827212,0.05602068343989158,0.059347196097216615,0.0,0.09
0,0.059988134881288444,0.44082848959620596,0.33322760405784096,0.07173651860960994,0.06155461298667256,0.057180430409460005,0.0,0.08
0,6.948404028403456e-18,1.0267867055321496e-10,6.250609996733466e-12,0.0006783320669744751,3.016755412986518e-06,1.7644585270792665e-05,0.0,0.07
0,4.918701613000995e-25,1.862291128647231e-18,1.862291128647231e-18,0.011185485729279817,0.00023814515616400246,0.0017036837970158198,0.0,0.02
0,5.354659854177101e-06,2.2203153931107343e-05,2.2203153931107343e-05,0.1733702101643195,0.1381802631191215,0.14126304982657964,0.0,0.0
0,0.005994905853593507,0.026330115639578097,0.026330115639578097,0.027902588209634278,0.01246629605449226,0.013706034712230242,0.0,0.04
0,0.9179482808068987,0.44082848959620596,0.24868273970202978,0.6548277450868387,0.8047037460732211,0.7671332951705557,0.0,0.1
0,3.5729198193622875e-11,4.5551264692248136e-06,4.5551264692248136e-06,0.006028327506134923,0.0015065795781131752,0.0020360129158342637,0.0,0.13
0,0.5843562551673775,0.516886635302035,0.6879938102656464,0.5972589608261915,0.5974733213252538,0.6110527892464184,0.6,0.84
0,5.498745534245211e-08,0.00044997589840512094,2.652254585383253e-05,0.03413486945209718,0.004821172991428229,0.016765080443346778,0.0,0.14
0,3.0521256517670187e-13,2.1776092764130126e-07,1.1158654734292525e-07,0.0352296010365091,0.001919401604707216,0.01696099503700522,0.6,0.19
0,0.0003928973014958266,0.44082848959620596,0.20350779814149783,0.08445347581799087,0.03863852625555916,0.03612461870010269,0.0,0.35
0,0.003284129653193484,0.00036569438606598394,0.00014972503190452746,0.03606885706602531,0.00481883352970057,0.00880185036868804,0.0,0.11
0,0.0005366803400051685,0.004035896745865423,0.0006897124654695834,0.004634425083054976,0.0009917877296188355,0.001812623499459549,0.0,0.0
0,0.00029358923763197624,0.01905562432349854,0.007001129608741302,0.10811355909969013,0.05857615164792728,0.08973378636240846,0.0,0.02
0,0.022705346748654237,0.4302047521117806,0.13431383801388072,0.041752803749541115,0.03171230794508623,0.03810607652064182,0.0,0.09
0,3.0351826247654193e-05,0.0002292493029322331,0.00011565787281524988,0.0005252149764288565,7.359970597823461e-05,8.373440246310057e-05,0.0,0.03
0,0.0013838279270799874,0.2928121172920032,0.2928121172920032,0.003821776416781639,0.0030186980522406348,0.0023914944103993587,0.0,0.01
0,4.815716987055795e-34,3.436728931291333e-23,1.0137777640006263e-24,1.78174178215344e-16,4.990615934036259e-24,3.379332953811939e-20,0.0,0.0
0,0.0063165496991242215,0.4302047521117806,0.011486464401156795,0.03501874919420976,0.014501173959821489,0.024064763062041226,0.0,0.09
0,0.0011261601650220208,0.062048710915068396,0.00967057210832698,0.019699216566334977,0.0036542908806470546,0.009467469898032592,0.0,0.0
0,0.0004895900592398842,0.44082848959620596,0.23493570471256134,0.11568619183408606,0.09598171534585856,0.09252702047089187,0.0,0.13
0,0.05160194456865297,0.040083294240384836,0.040083294240384836,0.16752876051872434,0.10135769963213179,0.10981900561928855,0.0,0.07
0,0.017162030280576553,0.2928121172920032,0.2928121172920032,0.028863452313716766,0.027466244689817253,0.023976336336386583,0.0,0.0
0,0.0009322718944398262,0.2928121172920032,0.2928121172920032,0.004808081266625086,0.002800236046641424,0.0021909993504398697,0.0,0.0
0,0.00015345426365923285,1.0845640958576594e-05,9.027805431376335e-06,0.021442044813230744,0.0005163664059271728,0.00348751966015885,0.6666666666666666,0.1733333333333333
0,0.8272268654123964,0.44082848959620596,0.931916611477712,0.735691217021839,0.8147677658655254,0.8084943618325066,0.0,0.54
0,0.32507922045147764,0.23607553105675527,0.4243559848989735,0.2606189328485779,0.2611291458379992,0.2579335850051488,0.0,0.17
0,2.256299524044554e-05,0.0007554182029984599,0.00013554928607985048,0.0918281123021263,0.03345383596573028,0.05678043589916412,0.0,0.05
0,0.00306508381364399,0.030217055176447256,0.012533433491354079,0.008557307134045681,0.004880320054499436,0.003997989963885057,0.2,0.08
0,0.09852286121288006,0.4302047521117806,0.4415472643423776,0.056636603936053735,0.10225050781914427,0.09234597710328202,0.0,0.36
0,0.0038056531465436205,0.02708079644244334,0.02708079644244334,0.01610725016232362,0.0073226153240445796,0.007065976872884174,0.0,0.0
0,0.2214213568268161,0.06499023648628305,0.06499023648628305,0.23443202482574083,0.213654378535462,0.223120305331325,0.0,0.01
0,3.029784340981331e-05,0.013996128276708283,0.0003373216858234623,0.03988835277257408,0.01313763098312429,0.02453708252838687,0.0,0.06
0,1.6535735773625484e-06,0.44082848959620596,0.24868273970202978,5.498879048145976e-06,5.828543790302849e-06,2.9131478244321735e-06,0.0,0.01
0,5.636417294700721e-44,2.133443536507005e-12,2.133443536507005e-12,4.992967135913556e-07,2.5763101020775008e-08,7.701512302167849e-09,0.0,0.0
0,7.337156353053184e-10,3.504911860585964e-08,4.139912734578653e-09,0.13927490133448472,0.01500916971054987,0.05388755169823235,1.0,0.4
0,2.1699789632386733e-45,1.2958501820635061e-31,1.2958501820635061e-31,0.0012236420189858763,1.2827780987929234e-06,5.465680746179315e-05,0.0,0.05
0,4.95537704360253e-12,4.114476054841369e-06,4.114476054841369e-06,0.0004673426564419429,7.484633337512782e-05,9.171802701553997e-05,0.0,0.04
0,0.05898427852153036,0.10741554927160002,0.11888187282112975,0.08601787170903323,0.07263708066968527,0.07164636571886819,0.0,0.0
0,0.2737911771913506,0.1635399500788418,0.1635399500788418,0.220180956526884,0.2123694094140742,0.20854353112899854,0.0,0.0
0,0.007728762527810629,0.0028167050077834255,0.0028167050077834255,0.035884707329328074,0.010944761452101064,0.014617639812417916,0.0,0.07
0,0.020138561630565786,0.011627360026647836,0.009535727330657873,0.033967482817339564,0.013920688032300949,0.01523447932442038,0.0,0.05
0,0.00827525181286684,0.013035010536496762,0.042426292890711564,0.03550514253424485,0.014545914597428143,0.02037324295673557,0.0,0.016
0,8.915927728011846e-18,5.3070997276501625e-08,1.6224037182254405e-10,0.00014115114836253456,1.152538414034886e-06,2.110584373533811e-05,0.6,0.14
0,0.001035412549791525,0.007523518571639255,0.0028753448304274514,0.004034294050514175,0.00149673696712375,0.0015805849318055545,0.0,0.0
0,0.1258787746201033,0.07998146025045176,0.047194883657046195,0.18487748079858338,0.13845966894108658,0.1536605979485907,0.0,0.02
0,0.4088030619863076,0.3986935668583262,0.7237147922615872,0.3040668797540843,0.3578021608980505,0.3367271772369626,0.0,0.21
0,1.3473697217021987e-17,2.4457119810072413e-08,2.6828486891402677e-12,8.435021869388373e-08,3.147420759116509e-11,1.8210218500214913e-09,0.0,0.04
0,0.3888440624791392,0.4302047521117806,0.35318657722429303,0.3823692376559986,0.3959434247797899,0.38759177732169386,0.4,0.39
0,2.400557344772289e-08,0.4302047521117806,5.297037012802724e-06,0.00012523019609141946,9.311003333321093e-07,6.542099887487163e-06,0.0,0.05
0,1.3064964711186354e-08,0.003016219982164426,0.003016219982164426,4.155521132040802e-05,2.2789309750467504e-06,1.7627232011068548e-06,0.0,0.01
0,0.013814046903687111,0.6650370359984893,0.25119293122660646,0.012251907353393796,0.016722312271214516,0.012147039965372421,0.0,0.12
0,0.16396468956442414,0.44082848959620596,0.19000791524437935,0.15978706489552913,0.1668235324019724,0.1644622737664229,0.0,0.04
0,0.328312273624211,0.44082848959620596,0.24868273970202978,0.32261698559984003,0.32341219196404786,0.32325044124400126,0.16666666666666666,0.27
0,2.2698615139782562e-11,0.002571009178306071,0.002571009178306071,1.5425670547933804e-06,3.126602831374798e-08,2.3153247094445684e-08,0.0,0.0
0,3.6712417199138923e-56,1.7243987147282464e-29,2.206825720040228e-46,1.1490012834925904e-10,4.287726560752192e-20,7.91892292181645e-17,0.0,0.0
0,3.669101709049458e-56,1.7243987147282464e-29,2.206825720040228e-46,1.148444834965098e-10,4.285964028941991e-20,7.915405428691875e-17,0.0,0.0
0,9.247847010685441e-20,0.2928121172920032,0.2928121172920032,4.153478873105761e-08,2.671461250335799e-11,2.5172557675955273e-11,0.0,0.0
0,0.0008544121750663395,0.00769913344694467,0.006739188520415712,0.008616319758567517,0.0026088459463991963,0.0020048693658891673,0.0,0.09
0,1.7481067196326158e-07,6.20943940107126e-05,1.886503668642614e-05,0.00017708022709587434,2.4890336385550286e-06,1.699294707283021e-05,0.0,0.0
0,6.941435468930788e-08,1.3680538053017391e-05,7.343975422687577e-06,2.0876632949791525e-05,1.1395255117249467e-06,6.32426218393506e-07,0.0,0.0
0,4.010638790784188e-13,3.5542389349278606e-07,1.513948740721644e-07,0.0001766324850514764,1.0929744746110803e-05,2.6339811167427065e-05,0.0,0.12
0,0.21908949138645448,0.4302047521117806,0.20357263053155777,0.2070491111906224,0.21928018941321017,0.2101089637829278,0.0,0.08
0,0.0,4.277842043984464e-16,4.277842043984464e-16,5.970425973405143e-08,5.606383533984487e-13,9.152315718171565e-12,0.0,0.18
0,5.021079028169934e-05,0.010811035684082473,0.00348817174137639,0.0789546935813318,0.030386166147811935,0.055675142979745004,0.0,0.01
0,0.024524016822870955,0.01944450380855533,0.007111446516105063,0.04797262302035896,0.02653572396624535,0.03079850087778229,0.0,0.02
0,0.060738607375084575,0.44082848959620596,0.2543534853570759,0.08437386343673654,0.08094749415366229,0.07436696588798752,0.0,0.07
0,0.006889777452407556,0.37930902577087033,0.37930902577087033,0.04094912988821413,0.023655610148275892,0.018319906425098013,0.0,0.04
0,8.919486267251862e-12,2.2514934926261294e-06,4.397469854200927e-07,3.5650638096367387e-06,6.997573319632417e-08,5.312993868718791e-07,0.0,0.01
0,0.004722982976808064,0.01867299369955524,0.009618323415722944,0.017794937398624474,0.007152051541484621,0.0077302000585551325,0.0,0.03
0,0.001852812268424566,0.0004036008227037611,0.0004036008227037611,0.01694582459113944,0.0033511399094794288,0.004908445639470068,0.0,0.02
0,0.13119846450444683,0.4302047521117806,0.18905995568182646,0.10837939554973441,0.12460030823670941,0.11917619320870095,0.0,0.01
0,0.0010224506595813648,0.3625550498825057,0.3625550498825057,0.008246737522235278,0.008331732659427174,0.006083793047581406,0.0,0.02
0,0.002323662579262612,0.4302047521117806,0.005338537954386685,0.009150926174503948,0.0033401572369413275,0.004451194966126917,0.0,0.26
0,0.5745474553732849,0.2964961704031687,0.2964961704031687,0.4403471919958132,0.5621916094142446,0.5282760090914314,0.0,0.24
0,0.002175855618040204,0.002940797457165805,0.0012456223439116622,0.010313262726962487,0.003054681430229202,0.00343243538446695,0.0,0.01
0,2.738694003693093e-19,1.5312352952076758e-12,2.368750723767614e-14,0.00036724570531492114,2.3559564939170474e-06,2.141037487713194e-05,0.14285714285714285,0.03
0,5.580776826299553e-05,0.44082848959620596,0.24868273970202978,0.010565082380532272,0.0017267893011460435,0.0013059771592285696,0.0,0.38
0,0.1098437592403357,0.1851034432101588,0.10585975439402416,0.14302257594976786,0.1145623005501245,0.11899658675424225,0.0,0.0
0,0.2559464176286017,0.2928121172920032,0.2928121172920032,0.28993700334700806,0.2893615340031794,0.28893010969977867,0.0,0.24
0,0.003299808569360683,0.006428860213929803,0.019663927362272564,0.06689659885216474,0.009511866170017454,0.024309829173497905,0.0,0.08
0,0.09232053021620838,0.4758048894463533,0.1957734170227291,0.10119371045357911,0.10043924973983145,0.10370861352712062,0.0,0.04
0,1.742798804943359e-10,2.6819621502126458e-05,1.6441945028149395e-06,2.07519166065482e-06,7.018262632607479e-08,8.660821358263117e-08,0.0,0.0
0,0.17684373932761552,0.44082848959620596,0.24868273970202978,0.17399446302630278,0.18369891586243037,0.1800667300079809,0.0,0.0
0,4.0634056162194855e-137,2.3557668047020017e-26,2.3557668047020017e-26,1.519852220084734e-10,2.953399331446138e-11,1.9841498447943833e-13,0.0,0.03
0,0.00018753458523020045,0.09975413897410575,0.0002836307623075343,0.0021260186735701124,0.0005555211582216493,0.0009822781842732699,0.0,0.09
0,0.9999253625739838,0.5398284640204558,0.999173833277616,0.9990637739473841,0.9998332979578913,0.9996103600009426,1.0,1.0
0,0.1812063732183309,0.14660152102978644,0.7884607546033634,0.8813666507295933,0.8287093446057101,0.8621781657859381,1.0,0.61
0,5.588458149009962e-159,0.06981515359208865,0.06981515359208865,0.005786810273689756,0.00042691280605366023,0.0006549826989506981,0.0,0.26
0,0.15358381587583672,0.47744557764668627,0.19054356100289518,0.12451588130101614,0.1433661239398844,0.13703633790487638,0.0,0.04
0,0.14907434145925408,0.4512768344436537,0.24953816770487244,0.14507597161806174,0.1479239170246958,0.1452617957367945,0.2,0.2
0,5.541557393582671e-18,0.4302047521117806,4.277341290870985e-22,0.014479369393507305,0.001396303017462826,0.004972907616265051,0.0,0.04
0,3.7068909238618686e-25,0.44082848959620596,0.01987979630294528,0.0012644032873027045,6.295324870146027e-05,7.349685001471075e-05,0.0,0.02
0,4.3966325097135183e-16,4.4049069981088125e-08,4.4049069981088125e-08,1.2959115720951314e-05,1.9939650313476248e-07,3.3655246366336165e-07,0.0,0.0
0,0.19170671763055824,0.44082848959620596,0.24868273970202978,0.17767899085052913,0.1886074540647837,0.18588099258220733,0.0,0.0
0,1.126794293672438e-09,3.0633321239568837e-08,1.0531171249891157e-08,2.16803428361012e-06,9.858250976296508e-09,6.946099474113651e-08,0.0,0.06
0,0.310378756937082,0.2928121172920032,0.2928121172920032,0.3556704359811734,0.3450127102148767,0.347574208295926,0.2,0.03
0,2.399337392463159e-13,1.706034478120656e-07,1.706034478120656e-07,0.0022775871857977264,0.00011123896844426802,0.00019458264678113587,0.0,0.02
0,0.006019758484911579,0.007930788424225566,0.007930788424225566,0.026678376547766412,0.009576709327154225,0.011868713481804355,0.0,0.05
0,4.944491611993584e-23,4.884676118861003e-14,4.956367273831206e-16,4.609127732813671e-05,5.323849128615765e-08,6.207092956615498e-07,0.0,0.04
0,1.5655936945128553e-12,1.7177713786515965e-08,1.7177713786515965e-08,0.05589960316953592,0.010071031264869005,0.02242911028939656,0.0,0.14
0,0.23623127055850726,0.18569614113472147,0.21572463515671272,0.2937598128894409,0.2627547428060055,0.2694552696573593,0.0,0.14
0,1.3776651228961255e-05,0.0006321949527769617,0.00011097998736709615,0.08141774409390666,0.02701767389873297,0.04758185457085223,0.0,0.02
0,0.14322892463363926,0.4302047521117806,0.2020775457001436,0.14258020879171626,0.1475705090596252,0.14476402389694717,0.0,0.01
0,1.646223034541478e-19,1.0533565161258078e-10,9.910907633609975e-12,0.01290592257735035,9.533362406627269e-05,0.002448150448534952,0.0,0.0
0,2.105501581283503e-05,0.2928121172920032,0.2928121172920032,0.002242517377408253,0.0007932573633468944,0.0006221293520992259,0.0,0.1
0,0.03855587225280556,0.1658809720502365,0.1658809720502365,0.12828304109133984,0.09284893694668128,0.09630084583124025,0.0,0.0
0,0.02015648533501493,0.10337719963759376,0.10337719963759376,0.12620711522382608,0.07916405869128317,0.08604909149503878,0.0,0.01
0,5.152421741192521e-23,0.09478918035586197,0.09478918035586197,0.023936966418733406,0.010234290325967914,0.010663839205242939,0.0,0.02
0,0.046904150222296825,0.09694435568501786,0.08814064598048636,0.062064191652009076,0.05019095860653264,0.04908998148903014,0.0,0.0
0,0.0032702155315494684,0.013595481186493922,0.0037005424106938503,0.007750932144878107,0.004287279784075447,0.005209754262727973,0.0,0.01
0,0.7360439949688385,0.4302047521117806,0.20482481247459985,0.7328061889974914,0.7345079467172517,0.7270671132968546,0.0,0.03
0,0.4018008738832527,0.44639567682785225,0.40674162137180747,0.3422787458106851,0.3721747840205391,0.3591075866694776,0.8,0.62
0,9.265709870494965e-08,2.272495113317224e-05,3.4014192322139136e-06,0.044822815686318296,0.0071684468763383285,0.016808737803492884,0.0,0.01
0,2.6027470182054144e-08,1.0999540451101812e-05,1.0999540451101812e-05,0.13717086439141188,0.042934622868107064,0.07203242392835275,0.3333333333333333,0.1
0,0.021576135971474744,0.004251095280035572,0.004251095280035572,0.06721109912854756,0.027249651852562316,0.03486885010578143,0.0,0.02
0,3.593620318997159e-15,2.001257132825433e-09,2.945774075908705e-11,0.0027911065487035537,4.079973782178078e-05,0.00026046426411110323,0.0,0.02
0,0.057415053414951095,0.0032867330090896037,0.0034749691376968713,0.17275624021908026,0.05944812977240969,0.10362319928827843,0.0,0.09
0,2.886846934679117e-17,1.8461896770345096e-08,1.5579808100868688e-09,0.0003167278194352085,6.825123699396449e-06,1.7696413476112786e-05,0.0,0.05
0,3.036737821404891e-22,3.3406487236975714e-12,2.603651703699542e-13,0.00884760102388506,3.0641890076635775e-05,0.0012947176319076355,0.0,0.0
0,1.0465640351211834e-08,1.3839705617165356e-19,8.437464854194727e-21,0.00021511944513791034,2.2516688152708373e-08,2.3247635268214278e-06,0.0,0.01
0,0.29116153730656064,0.3319084303008548,0.27353296064118154,0.2781704196828847,0.27415469000755244,0.27477221863573076,0.8333333333333334,0.52
0,0.021554430684816283,4.5737433223183667e-14,4.5737433223183667e-14,0.0005560698905932485,0.0001708657103543916,0.000790128643492397,0.0,0.06
0,0.0003498850338156618,2.8374395015701602e-05,2.8374395015701602e-05,0.01113990717509536,0.0009478152213293331,0.0017576272716891721,0.0,0.04
0,2.588518851943392e-10,1.1582494664042612e-05,2.2364467450440656e-06,0.042511905978811,0.004175401428969508,0.019659326007479556,0.0,0.01
0,0.2012772731115826,0.3319636166831429,0.6529628433080794,0.2865152142962737,0.2913489315915724,0.2923639687445835,0.0,0.04
0,0.998450573281248,0.2928121172920032,0.2928121172920032,0.9740567775984306,0.9767884201934146,0.9779232102511206,0.4,0.6
0,0.009009275713884941,0.13524219198251022,0.13524219198251022,0.03507756144366675,0.0212426511313103,0.01840243336982797,0.0,0.04
0,1.1625912653817581e-14,9.197700762881638e-09,2.0847750195516785e-09,5.747277110750884e-07,1.4035538755894969e-08,6.580921988955896e-09,0.0,0.02
0,0.17930087139369133,0.44082848959620596,0.24868273970202978,0.1660322235914902,0.18151468510348026,0.1757887443607271,0.0,0.0
0,5.210657586953174e-07,0.3058079345844293,0.08946571978003666,0.021927731249086983,0.008481922775700744,0.00844810089470285,0.0,0.01
0,5.505913805583075e-13,8.300767425186826e-08,8.300767425186826e-08,0.005371636110467764,0.0009283861993595943,0.0014922630564352137,0.4,0.03
0,0.08492375951504227,0.46141725241462556,0.37541236428482694,0.15149080057147335,0.13077509644861712,0.11933664802734202,0.0,0.345
0,0.01925262538134132,0.016002114253004976,0.00364310833977934,0.04165191638330259,0.021429886018638284,0.027072129002211884,0.3333333333333333,0.06
0,1.5240404735245967e-05,0.2928121172920032,0.2928121172920032,0.00037715528373431773,9.606306992017676e-05,6.515160856376164e-05,0.0,0.07
0,8.896369342307463e-12,0.4302047521117806,2.1115272652991368e-05,4.889267325170561e-06,4.163141927301177e-09,8.097988658218737e-08,0.42857142857142855,0.18
0,1.0208469166909138e-10,2.3457369657841734e-06,2.3457369657841734e-06,0.025753674863201344,0.003924055839357086,0.006010247344808349,0.0,0.11
0,0.10041299217058047,0.009400069495883717,0.009400069495883717,0.19779830878282198,0.08533240658075401,0.10982164183172445,0.0,0.06
0,1.632516193720753e-06,0.24378155084797787,0.12472179793361826,0.09994977295163796,0.055419917628679705,0.05781168496075211,0.0,0.11
0,4.955497779229806e-13,5.601647838734801e-06,1.5004007950731667e-10,4.277311198675354e-08,2.9345461109868815e-11,5.155357892206451e-10,0.0,0.01
0,1.258679741961083e-22,4.32882751870902e-07,1.5091391905480827e-07,7.874881044988134e-05,3.235219542919964e-07,7.331495094089879e-07,0.0,0.02
0,1.4224073392588507e-05,0.0006711861963840921,0.0002452399307137438,0.0004301686425583504,6.89703303869386e-05,5.0439141695231275e-05,0.0,0.0
0,0.00013300531335258756,7.747076658825015e-06,5.396747824130438e-06,0.005255718687931721,0.00046118238772880417,0.0008786939348293907,0.0,0.03
0,1.302333929128718e-23,3.329843512660126e-14,1.0384823470885484e-14,1.2589884370217872e-10,2.2223805872488144e-13,6.261324772568466e-14,0.0,0.08
0,5.658488017387031e-24,0.2928121172920032,0.2928121172920032,1.282677648185526e-10,3.249462927239038e-14,6.9056916285634276e-15,0.0,0.01
0,0.0007849368009834947,0.2928121172920032,0.2928121172920032,0.005249997551627756,0.0024936544876076093,0.001949215251760812,0.0,0.0
0,0.7885633114025843,0.4302047521117806,0.7898615758805668,0.6584817554483934,0.7138636226962469,0.6884558976252213,1.0,0.89
0,0.0001749358888045446,0.09182065747632136,0.09182065747632136,0.005760143139323093,0.0012004020227140487,0.0010199727398471367,0.0,0.03
0,0.0017245210163500768,0.4302047521117806,0.0038867187025128946,0.016228435659760492,0.0035650853914919096,0.006713020115031446,0.1111111111111111,0.15
0,0.023839184273387153,0.06926853767205862,0.099201202196457,0.08371116734129073,0.035663349660641816,0.04888595909217215,0.0,0.12
0,2.5335382988006863e-14,0.014138776207106648,1.2383999411047216e-08,3.422302067538861e-06,5.329096440665955e-09,1.2360487198277146e-08,0.0,0.0
0,2.8623762425055112e-21,3.6574991744412325e-16,3.6574991744412325e-16,0.0003662960972204893,4.914677336380414e-06,2.5402586791435857e-05,0.0,0.0
0,0.01485374794395339,0.7326485999104877,0.4067224459791552,0.08294255862079444,0.03529190647458561,0.050117458634268044,0.0,0.17
0,0.01135845644028254,0.031160448579902328,0.014603506166969442,0.022501767224345586,0.013329892131292745,0.011848377321194849,0.0,0.03
0,2.3044954677952806e-05,0.0008778795518129246,0.0004299006339300474,0.0007293547807062697,0.00012462426680506848,8.63835428625144e-05,0.0,0.0
0,0.002562529538395398,0.0029784278259537486,0.002828023244074138,0.053239151961949505,0.006386119191350272,0.01815439820371867,0.0,0.18
0,1.6665499700751606e-07,0.2928121172920032,0.2928121172920032,0.0004351828650869675,5.7263303069999005e-05,3.741549000217108e-05,0.0,0.15
0,8.537346445557294e-29,1.3530927701256485e-19,1.3530927701256485e-19,0.0038052149604137038,7.73328896428183e-05,0.0006051911219394474,0.0,0.01
0,0.8522539808421515,0.4445737473567971,0.7861241504470987,0.5282058412657735,0.6621465512553174,0.6028755131731034,0.2,0.31
0,0.0076461737287745095,0.0035679429828834306,0.004395196542195748,0.028681600659096466,0.011648493822596792,0.014163477604565565,0.16666666666666666,0.13
0,5.976002826735064e-10,8.427940868339294e-12,8.427940868339294e-12,9.99588146275991e-06,1.9570003560942014e-08,7.865934604794874e-08,0.0,0.07
0,0.00021332548345024725,0.0018897049783507046,0.000198686428751503,0.006487857044521186,0.0006304216341542343,0.0019054536745015582,0.0,0.0
0,1.223145851400123e-06,0.07868062839776864,0.07868062839776864,0.000630861011783203,6.67104008920944e-05,4.1554245447428274e-05,0.0,0.12
0,0.5504111493360927,0.2391690095173077,0.2391690095173077,0.41564414724967513,0.5738577735463936,0.5493384959599554,0.0,0.22
0,5.256938043932463e-57,0.4302047521117806,1.821638574800639e-70,2.2276727321379766e-06,1.001681106411771e-09,7.714702100330096e-08,0.0,0.03
0,4.577781016429201e-11,3.3102461778438224e-09,4.542936044863801e-09,3.0511976107580286e-08,2.8588804153855484e-10,3.5802038196292814e-10,0.0,0.0
0,1.5848755051535568e-23,3.551324143358316e-07,3.551324143358316e-07,0.006273388227711641,0.004311308754305398,0.0026272596985796727,0.0,0.06
0,0.1646127910365916,0.2928121172920032,0.2928121172920032,0.1640276304474632,0.18544688773199935,0.17636111231994323,0.0,0.03
0,0.275105386810899,0.3514181193329337,0.19404805055358637,0.12074283486857973,0.11382196818347776,0.11458392874712776,0.0,0.03
0,3.675441609815112e-05,0.01944481732741581,0.0001373094684048429,0.029066353185487604,0.006304035087437701,0.0097237590266833,0.0,0.04
0,0.07145418903459402,0.4302047521117806,0.027610781578044936,0.18240137173023904,0.11803298035884517,0.14031117374696747,0.0,0.08
0,0.17985192626870344,0.44082848959620596,0.24868273970202978,0.16338770966092778,0.17916541889230433,0.1735679984390896,0.0,0.0
0,0.22964724419483504,0.5856527797557318,0.5856527797557318,0.2668477554156356,0.2746003336143289,0.2633092512421482,0.6,0.56
0,7.277241319594335e-25,1.3401858074756467e-08,1.3401858074756467e-08,0.10862949285030311,0.037170234500529614,0.047484597108234654,0.2,0.2
0,0.35524008958873815,0.4302047521117806,0.6215893067417408,0.43185431427800286,0.38962615424090574,0.40170186229570887,0.0,0.0
0,7.047282448279111e-40,5.485836798476786e-23,5.485836798476786e-23,0.0004322952546700734,1.4971906135949557e-06,2.2821962008344544e-05,0.2,0.03
0,0.10191444675397841,0.13809495721650514,0.12351201873689048,0.13894028457761368,0.11153151367644377,0.11230663469491674,0.0,0.01
0,8.104731398846416e-05,2.1701380924746625e-05,1.45956052645929e-05,0.0025096354430825746,0.00026409952623346095,0.00041125680596113424,0.0,0.01
0,0.020933415205362738,0.1376864362734011,0.1376864362734011,0.08450522411856744,0.05135270032711434,0.05309439911784668,0.0,0.02
0,0.03571322080222698,0.06536869035671919,0.08170871426620437,0.0626751613305519,0.044819362312950126,0.050208500572513234,0.0,0.0
0,0.04276278705283874,0.1028136768918816,0.2134884572183048,0.1304462757821903,0.09540437253052572,0.10690800859686894,0.0,0.07
0,0.0023766211867772054,0.2071709509820525,0.2071709509820525,0.005479541813056648,0.004094427450256473,0.003395419956038261,0.0,0.0
0,0.041645215422854855,0.2928121172920032,0.2928121172920032,0.033732365634957684,0.04889042822578711,0.04150784630077274,0.0,0.13
0,0.00021731265819179582,0.0008174646840667913,0.0008174646840667913,0.004985857651760642,0.0008715973897410349,0.0011140556435732076,0.0,0.04
0,0.00011860050828139748,8.665784450061627e-05,6.147401220725914e-05,0.004152966998459326,0.000405908832583233,0.0006105417908739953,0.0,0.04
0,6.629180727831954e-07,4.842097996626742e-06,4.05496748865426e-06,3.0330612734134525e-05,1.8163076447647865e-06,2.222909119177762e-06,0.0,0.0
0,1.1970482498551938e-13,4.251177677486021e-20,2.2919672638324063e-19,3.3101843616420664e-08,1.845002724583626e-12,2.3075135660430668e-11,0.0,0.03
0,0.7051991989097478,0.5948131652077138,0.5948131652077138,0.7054260069064572,0.7058812784806363,0.7056978808784927,0.0,0.81
0,2.227077284615641e-76,5.0752743550310205e-15,5.0752743550310205e-15,1.240476632329817e-06,5.661290130766101e-07,3.445892004305596e-08,0.0,0.0
0,1.955529557855363e-14,1.0697753453991335e-09,1.0672977009206978e-10,1.6354547604844966e-07,1.7692337032250672e-10,5.718858957805213e-09,0.0,0.0
0,8.079840887036491e-05,0.020965740473903035,0.004556524754863195,0.021712982457386464,0.004019949280123379,0.00522846421857878,0.0,0.04
0,1.7670359825573542e-13,5.392376817308726e-09,8.404349354719799e-10,0.0001542552653469338,3.7045325442554975e-06,6.6880408708796805e-06,0.0,0.05
0,0.0003527334719958581,4.334423072370099e-05,1.9028700093547904e-05,0.027195841551237502,0.0010634140894401653,0.005712009103807951,0.0,0.20833333333333331
0,4.137112584022697e-09,2.450139473009844e-07,2.450139473009844e-07,0.8864189000985642,0.6136037597211405,0.8444392886415264,0.0,0.26
0,0.03127610516736772,0.21330126397555946,0.06118234454765387,0.07125071546236848,0.04588793318816032,0.045104786594413276,0.0,0.06
0,9.147517163922137e-09,1.0555834030729433e-05,2.224662453275573e-07,0.0006255633702009661,8.430830789162095e-05,0.00011478571210102785,0.5,0.1
0,5.4095821050644564e-17,9.466869426717966e-09,1.270179442533348e-09,4.289027577082978e-07,9.189545118251579e-09,1.0777974475542601e-08,0.0,0.04
0,0.077040368199644,0.16362937556154758,0.0934283837334988,0.09315924404638326,0.07436996590923077,0.07569430277187576,0.0,0.03
0,0.14331204473100972,0.4302047521117806,0.20232615592663913,0.1426656985073496,0.14765470998729,0.14484869707944356,0.0,0.01
0,0.16133191729124505,0.2928121172920032,0.2928121172920032,0.1573893866317144,0.17327701920636165,0.16430861364333163,0.0,0.12
0,4.877212823563265e-39,0.004239296458560127,3.468852370640342e-05,3.7418781787556232e-06,1.641511025539914e-08,2.1481262910427407e-08,0.0,0.01
0,0.020321362447979392,0.7588201891633906,0.8896990058810696,0.12487487206157341,0.04813974833204061,0.07458388089330933,0.2,0.25
0,0.010239255500806564,0.47233880668474987,0.47233880668474987,0.08312798145425482,0.04714390254503949,0.03698192803032667,0.2,0.1
0,6.276448285014271e-23,3.701777943575588e-11,3.4443082157532812e-12,9.750901002741129e-06,1.945476480195269e-07,3.7348978461148658e-06,0.14285714285714285,0.04
0,0.03227982509561716,0.4302047521117806,0.09059800313790854,0.058455529039407435,0.043078687866900826,0.04286071139390739,0.1111111111111111,0.11
0,0.22834798539473322,0.2928121172920032,0.2928121172920032,0.28275371396004334,0.27112781014810355,0.2679500890554107,0.0,0.15
0,0.7998733619466494,0.44082848959620596,0.24868273970202978,0.7492099977570877,0.7632625746540231,0.7595187293167607,0.0,0.16
0,0.0747668628782623,0.4302047521117806,0.2118817196708371,0.08083777774512964,0.0843274276545009,0.08363336143690882,0.0,0.08
0,5.780917464794372e-08,0.0006156965918832658,3.2158914384338965e-06,0.006312253014534134,0.0018475479460448904,0.00437767117974043,0.0,0.01
0,0.01743759166604445,0.2928121172920032,0.2928121172920032,0.060492365650469226,0.03872133352209937,0.03348261504079306,0.2,0.14
0,7.078378774506625e-31,0.7826646012092291,0.7826646012092291,0.6810307613286567,0.6876492941440683,0.699170188630173,0.0,0.26
0,0.14436361857168908,0.4584662556793636,0.1736763796649293,0.10136282268605777,0.11286775249760664,0.10504783501550546,0.0,0.07
0,7.197903302082148e-05,0.03456262937052458,0.03456262937052458,0.003742862350028799,0.0007824576258942416,0.0007307650896729672,0.0,0.01
0,0.06490013436789535,0.0015383129755145008,0.0024837709375297185,0.19066427980286,0.05706570645758392,0.11323657453073149,0.0,0.41
0,2.094758420544408e-11,9.962190722705508e-05,1.132433913564306e-10,1.0763451182545761e-07,4.006873952318761e-10,2.3046980447046824e-09,0.0,0.0
0,0.0032164344077618093,0.4302047521117806,0.0052323905206418915,0.02404149133644332,0.008758812288818212,0.013447933919583852,0.0,0.08
0,0.009936681123558578,0.4302047521117806,0.023416113638107104,0.017362641768027424,0.011837781681756292,0.01284790692528929,0.0,0.03
0,0.2686880752415068,0.2928121172920032,0.2928121172920032,0.2677524275104838,0.2938082945606632,0.2801578736729708,0.0,0.03
0,0.1436449268589775,0.4302047521117806,0.2033228790886355,0.14300808472865298,0.14799191095813058,0.14518780123926642,0.0,0.0
0,1.8407893662083328e-05,0.010830190649177639,0.0027159608312433067,0.07404699753032971,0.02580740744127103,0.035638592804979684,0.0,0.0
0,8.018894847648765e-12,0.44082848959620596,0.09205054249242556,0.0206433065912292,0.006154341502508511,0.006014773108409758,0.0,0.08
0,1.911624577408328e-07,0.30311550085526245,1.596114588856054e-08,0.024200220251704447,0.005945790054846577,0.011733349012883983,0.0,0.0
0,8.017880229696919e-14,2.6781320072409152e-06,2.407059854641951e-07,0.009429165843598642,0.000234467732920678,0.0007236702094669729,0.0,0.02
0,0.0489450581904254,0.23687190540290307,0.25978768754248854,0.16965387556621114,0.15366502218198216,0.16543143188933626,0.0,0.03
0,1.4652262258821344e-24,5.268592056340378e-18,5.268592056340378e-18,0.08591831023047442,0.0018964770630051594,0.014956064411378754,0.0,0.33
0,0.000212539769056338,0.030907944559192827,0.008961374478626891,0.0853260959274582,0.042623047167431656,0.052191298389845354,0.0,0.01
0,2.56102980166635e-24,9.197700762881638e-09,3.882795396409517e-13,3.2725855074170164e-08,2.3717878072067867e-12,9.681070918943837e-12,0.0,0.0
0,1.4746220495713228e-31,0.6809565557785509,1.1931918488287516e-38,0.0002286330062873027,1.0807013679691614e-06,1.7841582519188634e-05,0.0,0.02
0,1.4207136126596993e-28,2.3796428922749366e-08,2.3796428922749366e-08,6.254367671042801e-05,9.303568030446617e-06,4.290642289641055e-06,0.0,0.02
0,0.174674745343338,0.44082848959620596,0.24868273970202978,0.1612897189946687,0.17745174772773456,0.17120031714074918,0.0,0.0
0,2.47762358503113e-14,0.2928121172920032,0.2928121172920032,5.078620887076268e-07,8.494221011578056e-09,3.2282163052187523e-09,0.8,0.23
0,0.0005260871789816337,2.3984210707670414e-05,1.6285005471452624e-05,0.024480216822543963,0.0010852827571436524,0.005353383264655876,0.0,0.0575
0,0.013422203306412887,0.00042700891409283657,0.0002579004441029244,0.15443119967938868,0.026208330307427825,0.07339816755704258,0.0,0.2
0,0.012848106982355353,0.012179697795684504,0.003924105415017204,0.17677909787366847,0.162695418590258,0.16072852109323105,0.0,0.0
0,0.00041709366769224703,0.00575780614626688,0.0029470551245895237,0.040470194722280486,0.02121805288760952,0.03215357401591229,0.0,0.06
0,6.879273347333309e-07,0.0004995560378386861,0.0005691685868125594,0.1646483343458958,0.040459217067125526,0.10392790522630768,0.1111111111111111,0.03
0,4.18277654807427e-05,0.00019603837323990531,3.509577602719336e-05,0.05210499983822694,0.020713920921158573,0.025994982792000167,0.0,0.18
0,1.4917740805645717e-09,0.00031209829568618877,7.633700576501139e-07,0.01131999219611917,0.0005693833513697564,0.002962521889053599,0.0,0.02
0,1.3080957176738437e-07,0.1813735865497386,0.010342559175581925,0.04287849212342954,0.01229773318997393,0.01418131666779182,0.0,0.06
0,0.0011463049286152174,0.024771166519372664,0.024771166519372664,0.005038803557262027,0.0022617413484201064,0.0018649869914593876,0.0,0.09
0,4.2279000813490204e-10,3.4073309572640144e-07,3.794763755123629e-08,0.002159435988357877,0.00023962330374361935,0.000477424668063477,0.5,0.03
0,0.01765227202050572,0.2928121172920032,0.2928121172920032,0.03251906272160108,0.028849230385211352,0.025541682679493517,0.0,0.05
0,1.8815366883553218e-09,3.9661710855385455e-06,8.884188576818614e-07,0.0024295097726238853,0.00030679640139480186,0.0011647504894890489,0.0,0.02
0,0.3364269831922342,0.44082848959620596,0.24868273970202978,0.32319620357814255,0.3325824072798249,0.3309262567016592,0.0,0.01
0,0.11026773763292139,0.23891878365020008,0.19176636334455757,0.10778497651787006,0.11633287210015368,0.1095922790783305,0.0,0.1
0,1.389304186444843e-17,1.146282503313778e-06,2.7315782311263147e-15,0.0004830224910447359,7.0569159640003e-06,8.415259053805165e-05,0.0,0.02
0,0.00023752155530797103,0.2928121172920032,0.2928121172920032,0.02323460031424087,0.006487941480201789,0.0063711842465682175,0.0,0.1
0,0.03128567534932915,0.44082848959620596,0.05837854849090776,0.02705484352007386,0.02823543580934446,0.02463793397689329,0.0,0.0
0,0.03128567534932915,0.44082848959620596,0.05837854849090776,0.02705484352007386,0.02823543580934446,0.02463793397689329,0.0,0.0
0,0.03128567534932915,0.44082848959620596,0.05837854849090776,0.02705484352007386,0.02823543580934446,0.02463793397689329,0.0,0.0
0,1.1744562652152072e-38,2.5410490087443013e-12,2.5410490087443013e-12,9.579560241020467e-05,1.5185187749838853e-05,7.939797636149607e-06,0.0,0.04
0,0.025300989525409105,0.057015669652700135,0.057015669652700135,0.024673989949892713,0.02467946387204266,0.02084633446501967,0.0,0.0
0,0.03128567534932915,0.44082848959620596,0.05837854849090776,0.02705484352007386,0.02823543580934446,0.02463793397689329,0.0,0.0
0,0.0005950797024359684,0.029599237118518917,0.029599237118518917,0.0021480100295994315,0.0013521582746478117,0.0007151602806427724,0.0,0.08
0,6.3219792143694e-07,0.44082848959620596,0.0006357203603344121,0.001522834041610807,6.643559817348409e-05,7.732004598467448e-05,0.0,0.04
0,3.8598878949754944e-14,1.860515517484149e-10,7.594043650664755e-12,0.00020081489022870434,1.740175548257414e-06,8.235066020741274e-06,0.0,0.01
0,0.01304914403584492,0.02519210850245237,0.0067366806773794,0.02964269062637641,0.015569592313463283,0.01960114827325058,0.0,0.01
0,2.9129189885548326e-08,6.172262229690836e-05,6.641209399519202e-06,0.007997497627846045,0.0018178201771392114,0.0052801973681748365,0.0,0.03
0,2.6339670849050127e-08,4.5348991590033025e-07,4.249633252811776e-08,0.006254800691816513,0.0011035422992250817,0.0016855725952910697,0.0,0.21
0,0.0027295158659498046,0.002912599231093408,0.0019218336225083324,0.019485152920841988,0.004883853238528359,0.005789557221627142,0.0,0.02
0,7.900762642196814e-22,2.3163517726734104e-16,2.3163517726734104e-16,0.15838869647429024,0.009094947573866639,0.06074853135561655,0.7777777777777778,0.27
0,7.187511499845606e-08,1.979993510295225e-06,1.7456708190547617e-06,2.881308869783859e-05,6.907379629377154e-07,9.012839399177456e-07,0.0,0.02
0,0.022990997145087854,0.4302047521117806,0.0405840187363299,0.030409438929411257,0.02757768312525243,0.029025909999910112,0.0,0.0
0,9.868206144288561e-55,2.6609407228881115e-09,2.6609407228881115e-09,0.04101501354550271,0.04267834379947125,0.012362736424729456,0.0,0.26
0,1.0381334527918187e-66,3.0286575619773876e-11,3.0286575619773876e-11,0.03282828768456599,0.032920582955069666,0.007165009947984897,0.0,0.26
0,4.704162876132414e-11,4.105449919252019e-08,4.2339839525159045e-09,0.010309816633383543,0.0004762023606798037,0.001774465045693812,0.0,0.06
0,1.0888006491990745e-35,1.190678167807562e-09,1.190678167807562e-09,0.038281432467374886,0.01496107020241758,0.012928417545396177,0.2,0.11
0,5.353924553960484e-05,0.44082848959620596,0.24868273970202978,0.00014561956163198144,7.4369526659847e-05,6.080300699974265e-05,0.0,0.02
0,3.413109471501518e-17,2.1398801069188505e-12,2.1398801069188505e-12,0.0702307539889769,0.006891228696198381,0.027187716402026826,0.0,0.03
0,0.025300989525409105,0.057015669652700135,0.057015669652700135,0.024673989949892713,0.02467946387204266,0.02084633446501967,0.0,0.0
0,0.022990997145087854,0.4302047521117806,0.0405840187363299,0.030409438929411257,0.02757768312525243,0.029025909999910112,0.0,0.0
0,6.508373857045969e-45,8.942844019248583e-08,8.942844019248583e-08,0.023369613632221193,0.01599145014884857,0.006089230746717968,0.0,0.09
0,0.03128567534932915,0.44082848959620596,0.05837854849090776,0.02705484352007386,0.02823543580934446,0.02463793397689329,0.0,0.0
0,0.1935702921002943,0.44082848959620596,0.24868273970202978,0.17894728822289688,0.19073878864082225,0.1878246150534412,0.0,0.0
0,0.1893023128156996,0.6296436960611705,0.5790581104778497,0.7214862821235097,0.6453424223100003,0.6930445151311387,1.0,0.54
0,0.18597868072179255,0.2928121172920032,0.2928121172920032,0.1922835751844462,0.2045897814803534,0.20016576885213674,0.0,0.0
0,0.022990997145087854,0.4302047521117806,0.0405840187363299,0.030409438929411257,0.02757768312525243,0.029025909999910112,0.0,0.0
0,0.6878099827740227,0.19687936460118435,0.7611739989610892,0.7665596713380673,0.7151656367577632,0.7375188728647543,0.8333333333333334,0.84
0,6.1297881156283666e-46,0.44082848959620596,6.74644371855792e-05,1.948497312941922e-06,3.791192866960666e-09,5.494211036627773e-09,0.0,0.04
0,0.0,0.0005353868579423206,0.0005353868579423206,6.0981699651531485e-05,1.929967947026478e-08,1.1480680068647049e-07,0.0,0.07
0,0.04685006785495541,0.2439733710655222,0.2439733710655222,0.0741568347355735,0.06327948766716249,0.058583728613121944,0.0,0.06
0,0.027113083959491625,0.014785583832456982,0.014785583832456982,0.08490634121186633,0.040686513809680996,0.046937995923078096,0.0,0.02
0,0.1001678556726122,0.225253852187959,0.15941404849086632,0.10465287172821369,0.095348938656499,0.09366449965540292,0.0,0.2
0,7.031268142455385e-10,2.6769382809867228e-06,4.370073056204915e-07,0.006575082224324153,0.00018980258993649227,0.001506388667210344,0.0,0.15
0,9.94491882930771e-16,0.00013490613156909995,7.775710751045704e-07,4.1224027586085546e-05,1.368103651945475e-06,1.9093439597036764e-06,0.0,0.01
0,0.025598144447475064,0.4302047521117806,0.005825835204519498,0.018792714353234305,0.021508133324904765,0.019794408864550292,0.0,0.24
0,0.022990997145087854,0.4302047521117806,0.0405840187363299,0.030409438929411257,0.02757768312525243,0.029025909999910112,0.0,0.0
0,4.490199466525202e-10,0.002086481704039026,1.9169291999249653e-07,6.482580622993917e-06,1.718796150518066e-08,2.0753338296994316e-07,0.0,0.01
0,0.022990997145087854,0.4302047521117806,0.0405840187363299,0.030409438929411257,0.02757768312525243,0.029025909999910112,0.0,0.0
0,0.03128567534932915,0.44082848959620596,0.05837854849090776,0.02705484352007386,0.02823543580934446,0.02463793397689329,0.0,0.0
0,0.03128567534932915,0.44082848959620596,0.05837854849090776,0.02705484352007386,0.02823543580934446,0.02463793397689329,0.0,0.0
0,0.022990997145087854,0.4302047521117806,0.0405840187363299,0.030409438929411257,0.02757768312525243,0.029025909999910112,0.0,0.0
0,0.022990997145087854,0.4302047521117806,0.0405840187363299,0.030409438929411257,0.02757768312525243,0.029025909999910112,0.0,0.0
0,0.14760452907031274,0.4302047521117806,0.20382261026903037,0.1445710181229521,0.1501668986670516,0.14706707526862295,0.0,0.0
0,0.18597868072179255,0.2928121172920032,0.2928121172920032,0.1922835751844462,0.2045897814803534,0.20016576885213674,0.0,0.0
0,0.022990997145087854,0.4302047521117806,0.0405840187363299,0.030409438929411257,0.02757768312525243,0.029025909999910112,0.0,0.0
0,0.03128567534932915,0.44082848959620596,0.05837854849090776,0.02705484352007386,0.02823543580934446,0.02463793397689329,0.0,0.0
0,0.022990997145087854,0.4302047521117806,0.0405840187363299,0.030409438929411257,0.02757768312525243,0.029025909999910112,0.0,0.0
0,0.025300989525409105,0.057015669652700135,0.057015669652700135,0.024673989949892713,0.02467946387204266,0.02084633446501967,0.0,0.0
0,0.03128567534932915,0.44082848959620596,0.05837854849090776,0.02705484352007386,0.02823543580934446,0.02463793397689329,0.0,0.0
0,0.025300989525409105,0.057015669652700135,0.057015669652700135,0.024673989949892713,0.02467946387204266,0.02084633446501967,0.0,0.0
0,0.025300989525409105,0.057015669652700135,0.057015669652700135,0.024673989949892713,0.02467946387204266,0.02084633446501967,0.0,0.0
0,0.03128567534932915,0.44082848959620596,0.05837854849090776,0.02705484352007386,0.02823543580934446,0.02463793397689329,0.0,0.0
0,0.03128567534932915,0.44082848959620596,0.05837854849090776,0.02705484352007386,0.02823543580934446,0.02463793397689329,0.0,0.0
0,0.025300989525409105,0.057015669652700135,0.057015669652700135,0.024673989949892713,0.02467946387204266,0.02084633446501967,0.0,0.0
0,1.1513520999870496e-89,2.5414400331101947e-65,1.3607959181721587e-73,4.306588146907117e-08,4.769034346926452e-20,2.886227690178226e-14,0.0,0.0
0,0.03128567534932915,0.44082848959620596,0.05837854849090776,0.02705484352007386,0.02823543580934446,0.02463793397689329,0.0,0.0
0,0.03128567534932915,0.44082848959620596,0.05837854849090776,0.02705484352007386,0.02823543580934446,0.02463793397689329,0.0,0.0
0,0.03128567534932915,0.44082848959620596,0.05837854849090776,0.02705484352007386,0.02823543580934446,0.02463793397689329,0.0,0.0
0,0.022990997145087854,0.4302047521117806,0.0405840187363299,0.030409438929411257,0.02757768312525243,0.029025909999910112,0.0,0.0
0,0.03128567534932915,0.44082848959620596,0.05837854849090776,0.02705484352007386,0.02823543580934446,0.02463793397689329,0.0,0.0
0,0.022990997145087854,0.4302047521117806,0.0405840187363299,0.030409438929411257,0.02757768312525243,0.029025909999910112,0.0,0.0
0,0.03128567534932915,0.44082848959620596,0.05837854849090776,0.02705484352007386,0.02823543580934446,0.02463793397689329,0.0,0.0
0,0.022990997145087854,0.4302047521117806,0.0405840187363299,0.030409438929411257,0.02757768312525243,0.029025909999910112,0.0,0.0
0,0.14347840542723667,0.4302047521117806,0.2028240610203021,0.14283680612402602,0.1478232310022244,0.14501816685307545,0.0,0.0
0,0.1442955634338208,0.4302047521117806,0.20307335592385656,0.14351530111022728,0.14815358855422922,0.14552254399801684,0.0,0.0
0,0.18662054452156304,0.2928121172920032,0.2928121172920032,0.19209487769964112,0.20469424775300787,0.2000795151595,0.0,0.0
0,0.04257963191992902,0.4302047521117806,0.05232672504495297,0.06581926783679244,0.047995879184904465,0.05138063622669954,0.0,0.02
0,1.002445520425731e-89,2.5414400331101947e-65,1.3607959181721587e-73,4.143784291787461e-08,4.529730924816774e-20,2.7199302919890493e-14,0.0,0.0
0,0.20391678594637988,0.04571052668525303,0.06619327021507204,0.4938496372691092,0.42357272246680183,0.4776005757211519,0.0,0.3
0,2.072451602396662e-33,2.6020237406103073e-18,9.137006021034054e-20,0.001829217358101657,2.902868802736988e-07,9.327420103860444e-05,0.125,0.0
0,1.454984426520909e-09,0.0002122251217996623,0.0002122251217996623,0.00033847191783512015,4.340063175130016e-05,3.475357878834921e-05,0.0,0.04
0,1.686355412551679e-43,2.5592256911124157e-22,2.516502239837057e-25,4.397351925015525e-11,4.189748372822748e-17,1.2434749497022344e-15,0.0,0.0
0,2.1941032214282601e-07,0.0008547919810468762,0.0008547919810468762,0.0023892546288013243,0.0003913755619856906,0.0003755660491292515,0.0,0.22
0,3.4405460106035023e-81,0.44082848959620596,0.24868273970202978,2.1507207689135522e-05,2.79935382468675e-09,4.9263546794899396e-09,0.6,0.28
0,0.0009156555747188313,0.39845482940868415,0.39845482940868415,0.017724707066933368,0.004607366637186882,0.0038124460306615655,0.2,0.34
0,2.9123780955549125e-16,1.1980482924305694e-08,2.846895758546022e-09,2.625162831831889e-07,1.1981182971660266e-08,3.3363979850105385e-09,0.0,0.02
0,5.0207413001302795e-09,4.795913892325527e-11,4.795913892325527e-11,4.317244575809363e-05,1.0662733472720959e-07,4.626698555367874e-07,0.0,0.0
0,0.00021364527194561297,0.015597222069223931,0.0016071418718493376,0.024201194620684242,0.003759282464315804,0.009228256238955611,0.0,0.0
0,3.022210709797322e-11,5.437153350701147e-08,5.437153350701147e-08,0.013223263521829828,0.002345889053286289,0.004386960119946003,0.0,0.0
0,0.002641242546380835,0.002571009178306071,0.002571009178306071,0.02869854734564753,0.00803699995239206,0.009827219142079046,0.0,0.07
0,2.175639811480803e-07,0.0004887911134008834,0.000160630296944197,0.00483213518420315,0.0004727087700099022,0.0016507786365923885,0.0,0.0
0,0.0002587726395992095,0.004721493507954399,0.004721493507954399,0.13218188129501907,0.0876370232979643,0.09812261750041675,0.0,0.02
0,0.02642764521099613,0.3485040970242358,0.18760439062130352,0.06052131001514468,0.03332783682127066,0.04316856474463013,0.0,0.13
0,0.9880144621678186,0.44082848959620596,0.24868273970202978,0.9766070018305619,0.9794183022286916,0.9787657253282682,0.2,0.31
0,1.0618760570704613e-17,1.0590407214447363e-21,7.061145110978308e-21,1.939757499480553e-11,2.5644963092714465e-16,3.4990620462646408e-15,0.0,0.06
0,1.2490660449003493e-70,1.1117572830309225e-38,2.772692785558468e-41,9.483003177974521e-06,5.292433825038821e-14,1.4663300204242914e-08,0.0,0.0
0,3.271587531720247e-123,3.13475665510181e-88,3.13475665510181e-88,7.003682050463076e-05,4.428207126524751e-13,2.8384418702304374e-08,0.0,0.02
0,2.281106767537807e-17,6.926722500359098e-26,8.0397005946465515e-25,2.8593260008873907e-10,8.074438249172838e-16,2.174131783655321e-14,0.0,0.08
0,7.59836020348925e-17,4.249187549797822e-10,4.249187549797822e-10,0.002392484136434401,0.0003557479629251157,0.0008061408808620013,0.0,0.21
0,9.430813291925451e-08,0.44082848959620596,7.206975943657374e-10,4.901174607008191e-06,2.1371946779570406e-07,2.8519268046752657e-07,0.0,0.0
0,1.3043452611091925e-05,0.4302047521117806,8.814394876660883e-06,0.00013084772150038295,3.0026299708554155e-05,4.958098746610118e-05,0.0,0.02
0,4.1624165266772147e-23,6.55808288372188e-14,7.221371994282286e-24,6.468297308221431e-14,3.269605523889374e-20,7.94814396519843e-18,0.0,0.0
0,1.2859010786958356e-05,0.4302047521117806,8.78726858482297e-06,0.00013030262737027403,2.976048674723085e-05,4.925366684335732e-05,0.0,0.02
0,3.271587531720247e-123,3.13475665510181e-88,3.13475665510181e-88,7.003682050463076e-05,4.428207126524751e-13,2.8384418702304374e-08,0.0,0.02
0,2.8615983090800818e-08,4.3027617320948584e-05,4.3027617320948584e-05,0.07335323641822027,0.01242552314701761,0.02005649012842127,0.0,0.16
0,8.309953007503507e-21,1.3202059952438644e-23,1.1328355623927397e-22,7.078351577870914e-14,3.912394664820351e-19,2.8121429198093944e-18,0.0,0.01
0,4.6001639588445356e-10,3.2301454589880807e-15,2.7457922523965506e-16,0.0013879791815237979,1.9925657100257105e-08,5.0088176952524655e-06,0.2,0.09
0,0.01013415951120903,0.3567274801650142,0.040532481783885764,0.03362564396747801,0.023194093069173458,0.022893676967432004,0.0,0.1
0,9.465204012188002e-15,1.2331834688636705e-12,1.3520723592024142e-13,0.00012127582513587526,1.7814854301979333e-08,2.055755245800346e-06,0.3333333333333333,0.08
0,1.6431550046518112e-16,1.1571071950558314e-17,1.1571071950558314e-17,1.2420086316994883e-09,3.703359550377263e-14,3.4159219652064516e-13,0.0,0.05
0,0.11587036475433372,0.44082848959620596,0.24868273970202978,0.11497656857691632,0.12740382325107877,0.12017228093295412,0.2,0.03
0,0.001111799382981723,0.4302047521117806,0.2632581171437507,0.004971958231177938,0.002506848537308362,0.0037056631493070096,0.2,0.01
0,0.23879046095665266,0.2928121172920032,0.2928121172920032,0.1969906025837074,0.21038079595645245,0.20442697807031027,0.0,0.08
0,1.225331836005436e-07,0.44152483345497245,2.7358402250107162e-08,0.7311570457464582,0.4893642561294325,0.6368030292586863,0.0,0.3
0,0.08348112377203105,0.44082848959620596,0.19710213714731906,0.09497890856502464,0.1080652855788438,0.10558696750119898,0.0,0.07
0,0.0011047946135626938,0.0035114821924776872,0.0035114821924776872,0.0061019127558461055,0.0040050543185030756,0.00237698815781851,0.0,0.01
0,2.3664819042929306e-08,8.612079710412526e-06,2.2486225361148167e-07,1.321126416816233e-06,6.673406612107952e-08,2.228872185465504e-07,0.0,0.0
0,1.5652934147206847e-15,0.008198039956234105,1.188207640765526e-10,1.7077785016153184e-06,8.44821654646126e-10,2.79613651429267e-09,0.0,0.05
0,0.0004966943848859229,0.2928121172920032,0.2928121172920032,0.0076997345322852295,0.004299858800189198,0.0027604816617608895,0.6,0.19
0,0.1769286345811644,0.44082848959620596,0.24868273970202978,0.17406409306457374,0.18376057715181152,0.1801323350667923,0.0,0.0
0,6.2505224721705065e-50,0.009018125316208126,1.7616713588985403e-05,1.6416758028282222e-06,1.7293704498969998e-09,2.7261011384890504e-09,0.0,0.01
0,0.10393818234560918,0.044140839586023106,0.024547532242899968,0.2628193464707953,0.11815513262326369,0.1778545931591431,0.4,0.1
0,0.9909532147131893,0.9976434001617112,0.9976434001617112,0.9788614788856617,0.9919693480302711,0.9915090439616268,1.0,0.6
0,0.0005321976822473492,0.02453191904068755,0.007578787005035431,0.03248304829237645,0.020613419963788748,0.025068671453885475,0.0,0.03
0,0.4767351740961803,0.02359878482585363,0.1269277604801916,0.5949900298271359,0.46663523561068915,0.5497726685827863,0.0,0.20333333333333337
0,0.15705105478993037,0.44082848959620596,0.24868273970202978,0.1547814971407557,0.16697306708645637,0.15915089466378157,0.0,0.06
0,0.023781347943475677,0.2928121172920032,0.2928121172920032,0.03912726455302249,0.037087942502154976,0.03320438325957342,0.0,0.0
0,0.17667404477791368,0.44082848959620596,0.24868273970202978,0.17385526891256675,0.18357564138950389,0.17993557583240835,0.0,0.04
0,0.07387016966457685,0.49302159082015434,0.2444749611501833,0.0504482321604517,0.07519443438960541,0.06330808626474498,0.0,0.05
0,0.029078906253414392,0.4349051998955389,0.4349051998955389,0.027758655089218334,0.025406063167981784,0.02186915348992035,0.0,0.06
0,0.006054597196922034,0.10902844833554069,0.015324665118461298,0.029377186057286165,0.010716247807016624,0.017159317159642803,0.0,0.01
0,5.701561933364776e-68,2.851594112877616e-19,2.851594112877616e-19,1.9557995476319946e-05,1.927063979520222e-06,6.572233595187058e-07,0.0,0.0
0,0.007390265759851489,0.007498140318461737,0.007498140318461737,0.029264272834974292,0.012973055261219925,0.015015370740573672,0.0,0.0
0,7.400221426244593e-06,0.0008016193137561463,5.9272433171987196e-05,0.12728740563783483,0.029412163888725435,0.05738627567023402,0.0,0.08
0,0.8422741394457146,0.07455215074224568,0.07455215074224568,0.9374903826231843,0.9441710692295658,0.9542781088377276,0.4,0.64
0,0.012948165907399488,0.006887929413715206,0.008761277361593288,0.05990671893386142,0.01907030819199747,0.02205132440562714,0.0,0.06
0,0.004984057670918877,0.02121680147730575,0.02790847481707384,0.12390475623484767,0.04822794100088995,0.07734092937816979,0.0,0.1
0,0.08438924847518911,0.0824226007182879,0.12577248653729173,0.14119742156763268,0.11658157607434393,0.1156404911732738,0.0,0.01
0,0.16056526973754826,0.11789814965382031,0.7761058568730199,0.2629942674006541,0.19712337062023805,0.22110533594788462,0.0,0.07
0,0.035259272161313526,0.05514934824067027,0.05514934824067027,0.08727023342835523,0.06004644364320414,0.06010315984389271,0.0,0.0
0,0.06730966029565225,0.0928140748636103,0.0858267022385781,0.0979141879933803,0.07678405749427918,0.07708331464923603,0.0,0.0
0,0.2507453364055977,0.05140758178021613,0.05140758178021613,0.2873669825518282,0.21626301700642955,0.24140061709405367,0.1111111111111111,0.63
0,9.974187722619721e-18,2.2203153931107343e-05,2.2203153931107343e-05,0.3254147794775872,0.24561897761521542,0.23601986793651236,0.0,0.29
0,0.186539596334247,0.4302047521117806,0.20357263053155777,0.19579378419584387,0.19237641371151085,0.19124503052483607,0.2,0.23
0,0.02353547829521018,0.06518296741448988,0.02199801244727648,0.04705212989726085,0.02788898031888743,0.03787735215307261,0.0,0.01
0,0.005096201533406651,0.003002587381980632,0.0014072964835685482,0.03850838671020897,0.009794724472040588,0.013227045843875605,0.0,0.04
0,3.8479903635859386e-17,4.239537885898581e-13,4.239537885898581e-13,0.017727912013925318,0.0006461545333118375,0.0025789899761061684,0.3333333333333333,0.11
0,0.0007290828545815303,0.006299376632900288,0.0010644213162718792,0.21667262141241575,0.11356595326205653,0.15019797131743381,0.0,0.08
0,2.3103313643542794e-05,0.004711994666812988,0.0014715572910742251,0.09423353845463776,0.03800286503666682,0.0709445416514627,0.4444444444444444,0.04
0,0.31769827847004495,0.1367347262072823,0.1367347262072823,0.26367413899878994,0.31094935689706954,0.30956116716999266,0.0,0.01
0,1.4044918321763525e-17,1.4632378657665228e-11,2.9839188298679265e-13,0.0007764606702785238,6.24748673723756e-06,5.2627079155628174e-05,0.0,0.0
0,3.6840830637436785e-06,0.0012294384255603827,0.0012294384255603827,0.00013328264146203673,2.4265429583853396e-05,2.066229232449675e-05,0.0,0.03
0,1.045378745767287e-19,0.44082848959620596,0.3146638127030517,0.03818466192499822,0.00512726393616008,0.005721052588535054,0.0,0.03
0,0.35279905827538016,0.44082848959620596,0.593721526941152,0.40110594600753713,0.35582060363466467,0.3504491722819814,0.0,0.01
0,0.0009039299995181987,0.2643962579911763,0.004962796995437963,0.004678182335245414,0.0015055350467251271,0.002286245194306076,0.0,0.0
0,6.1576249310080626e-12,1.4417189011650372e-11,1.8694639137831545e-12,9.260914922211442e-07,2.0563216292745764e-10,1.107830063004207e-08,0.0,0.01
0,1.359842553962951e-171,3.972432016193338e-123,3.972432016193338e-123,6.143879284908553e-06,1.7455921898881185e-17,1.0596205459426552e-10,0.0,0.0
0,3.082596751838792e-14,0.2928121172920032,0.2928121172920032,4.412313288432021e-06,2.6288685463553402e-08,2.4993507320824135e-08,0.0,0.0
0,1.112031761669391e-89,2.5414400331101947e-65,1.3607959181721587e-73,4.264796441116216e-08,4.7075845917590706e-20,2.8434250719367084e-14,0.0,0.0
0,0.04236996912448767,0.44082848959620596,0.05688436378765281,0.06506641999230162,0.04011991125186311,0.04406342451953293,0.0,0.11
0,1.5852506828115138e-06,0.002156228607542971,0.0005624682888670906,0.037529832632481976,0.010672474714045376,0.02451377159131743,0.2,0.2
0,0.44054802936084986,0.4302047521117806,0.21844910415177218,0.35793810057138986,0.4296542778592223,0.40852231364115493,1.0,0.47
0,1.3617244589922272e-171,3.972432016193338e-123,3.972432016193338e-123,6.148667831241096e-06,1.7472596146905945e-17,1.0606233789243713e-10,0.0,0.0
0,0.21499829786002508,0.44082848959620596,0.24868273970202978,0.1839559420813812,0.19764473864654516,0.1959654326608254,0.0,0.07
0,0.2036196793259191,0.9398722392399176,0.9398722392399176,0.2677386869498981,0.3078027941072512,0.29931399667264397,0.6,0.12
0,0.06820293839178686,0.4302047521117806,0.11280279212994429,0.08361842069637158,0.07337591070576742,0.07548609106661949,0.0,0.0
0,0.03144353793479162,0.44082848959620596,0.24868273970202978,0.0030725312276572844,0.016446405932457935,0.005408035114558804,0.0,0.01
0,0.28559057936742044,0.9975915402266387,0.7318326993712942,0.30440335585318573,0.32044007817691633,0.3277813674349073,0.0,0.13
0,3.3800722479421398e-06,0.0006784064690696189,8.90810244706657e-06,0.00032361793556244284,1.547611552824365e-05,7.14109311188257e-05,0.0,0.07
0,0.005064975233243988,0.44082848959620596,0.07534500406908846,0.013437160202999685,0.00808161669323336,0.007403356024955959,0.0,0.07
0,0.934743527934674,0.9999266846027723,0.9999266846027723,0.9580415950139651,0.9706588353802591,0.9737303374464852,0.6,0.2
0,2.680000108226418e-05,0.2928121172920032,0.2928121172920032,8.301398968477678e-05,4.1942717372190675e-05,3.0231395299267944e-05,0.0,0.0
0,0.00037250468739863916,0.005664154721192675,0.0013062864476463222,0.10916836228986117,0.05956258542736123,0.08354421090768728,0.0,0.07
0,1.1701992237377682e-208,1.310764549553949e-39,1.310764549553949e-39,1.4680607866369667e-15,1.2340296183039337e-16,5.97265071840557e-20,0.0,0.0
0,4.677124700977047e-62,2.0109849340474193e-52,2.20756417686334e-46,0.6997597087189269,9.469717465206227e-07,0.024331053800837155,0.8333333333333334,0.14
0,7.185577148905154e-23,1.6468844663926202e-08,1.6468844663926202e-08,0.004915576282831078,0.001090608399014528,0.0010579370447426288,0.0,0.03
0,6.533847753948416e-10,8.928160971403196e-07,1.2157763644287246e-06,1.740457647579898e-05,9.248428094785744e-07,6.715611333118659e-07,0.0,0.07
0,0.19254811120383947,0.7233514563982449,0.7233514563982449,0.23843680466005612,0.22629764451156037,0.22248862539761952,0.0,0.1
0,0.0,1.2883512661794921e-43,1.2883512661794921e-43,4.2515682830874397e-13,2.721428807822488e-24,6.530971925952998e-21,0.0,0.06
0,0.0,3.528633997254345e-16,3.528633997254345e-16,1.496224979112729e-06,2.657588865533377e-10,1.0837798042237855e-09,0.0,0.0
0,0.37458127605806224,0.19277833511402723,0.19277833511402723,0.3823928265884241,0.3874161368648118,0.38848014426343674,0.0,0.05
0,0.05538227264094059,0.2928121172920032,0.2928121172920032,0.027590735655777857,0.05285553343193327,0.02839830514597581,0.0,0.02
0,2.634264152935547e-49,1.8882009324888931e-07,6.340664382978502e-10,3.0002149759771614e-07,1.6465056601864687e-10,3.0152860034929817e-10,0.0,0.0
0,5.99733982548633e-05,0.001967997394263646,0.001967997394263646,0.005492042483580043,0.0007432370779483663,0.0009541974566025177,0.0,0.03
0,0.023399344324764,0.02770193826458775,0.04175943987502737,0.06952968607257895,0.03234468456680847,0.033575054466609404,0.0,0.01
0,6.302247180156975e-16,8.487222821979487e-12,8.487222821979487e-12,0.03817312744484533,0.002999607563028571,0.010894056359225667,0.4,0.02
0,0.00034186255894686965,0.01905562432349854,0.03453214880271942,0.11335492963183409,0.056717307347563944,0.08690303434067964,0.0,0.0
0,0.023391394114319813,0.500941321666954,0.23108914560522587,0.02709745059660319,0.030258750332793065,0.026221540264657003,0.0,0.01
0,0.008437551124486325,0.07213403164907643,0.02670704350692845,0.16041912735429198,0.11017356298212808,0.1277551458534239,0.0,0.165
0,0.12494335964275262,0.2928121172920032,0.2928121172920032,0.11732142919686328,0.1365228605066541,0.12014035490893903,0.0,0.01
0,0.0026302809127896625,0.0010916885867700763,0.001394810516892365,0.04448649977272074,0.005495360063584839,0.015986917412920788,0.0,0.02
0,0.023309662237433113,0.20019098128915191,0.20019098128915191,0.05873769293172671,0.042662215576374576,0.03949976017930535,0.0,0.03
0,0.009799472130614603,0.1569326191718499,0.1569326191718499,0.04232820997803133,0.02364042206810074,0.02162926777032298,0.0,0.01
0,1.776672026669161e-05,0.00020626269406751827,2.8179540997551928e-05,0.0022583314328477617,8.938972342763534e-05,0.0003975234563834146,0.0,0.04
0,5.5463625630438185e-295,9.054654983915652e-14,9.054654983915652e-14,5.024449480141022e-05,5.280925932009619e-08,2.1668629202664883e-07,0.0,0.0
0,0.007788446141895187,0.07634014055435775,0.02080620167059755,0.03405538757300796,0.013241067953430722,0.02128321516765215,0.0,0.02
0,7.281071277251073e-10,1.1785856424631668e-06,2.50001550099383e-07,0.00012570769276378492,1.624184005071734e-05,1.4652232838812355e-05,0.0,0.0
0,2.3780708518760273e-25,1.0209792462748514e-07,1.3400197350804028e-09,0.004910920165451384,4.259858347800021e-05,0.00019896330427821398,0.0,0.03
0,0.47897353606115134,0.2928121172920032,0.2928121172920032,0.4902707063730789,0.48559624589772754,0.486358020263867,0.0,0.23
0,0.13328390775734758,0.44082848959620596,0.17624448079864444,0.11969137105400127,0.13241641206714533,0.12788754175139624,0.0,0.13
0,4.1893054936408084e-41,4.906431803872895e-25,3.1403718751511825e-26,2.9896590509918387e-18,6.910989195201304e-23,8.121926861696122e-24,0.0,0.0
0,0.4478499891981834,0.2928121172920032,0.2928121172920032,0.09892224339478793,0.21834949165132309,0.1584954769952593,0.0,0.24
0,2.8487035786764482e-05,0.007104737147313054,0.00392217604380491,0.00017718038142856054,5.199331470800136e-05,3.846601211622086e-05,0.0,0.0
0,0.9999405666817541,0.4302047521117806,0.9996395668810815,0.9998432484560392,0.9999345858695857,0.9999214233797356,0.6,0.36
0,0.9996320806814007,0.44082848959620596,0.9999930578216311,0.99955475945063,0.9996430978751112,0.999669673621549,0.8,0.4
0,0.3357970519019653,0.473246251247357,0.2438590144454842,0.4078754398297055,0.3572084241794709,0.34617726272775623,0.3333333333333333,0.21
0,0.00017928436677505573,0.035334236917829345,0.035334236917829345,0.0028618336363752227,0.0007407516760616757,0.0006341038753240199,0.0,0.06
0,2.737375586306851e-07,9.394397465789193e-05,3.157618035430736e-05,0.002015952307372123,0.0003486995499932463,0.00034448040454147154,0.0,0.0
0,5.701415209080523e-10,9.878971133054576e-07,1.9047389912425255e-07,0.0007948254007925027,6.423039501464187e-05,8.342332347972005e-05,0.0,0.0
0,9.696153665205244e-09,1.3460379276384718e-06,4.6968256974847993e-07,0.00021430296323076054,9.39203491703769e-06,1.620459776461478e-05,0.0,0.0
0,0.05523192165696408,0.06350970172467817,0.056729542993812644,0.0893950325451829,0.06264810649135202,0.06393172737158735,0.0,0.0
0,0.010626960926174118,0.1567611502352051,0.1567611502352051,0.03623360264473919,0.024876601947763286,0.022091478431773472,0.0,0.02
0,0.09141962590512501,0.30784798140207875,0.13628837166685773,0.10726754104843766,0.09944540988217769,0.09693897951137323,0.0,0.0
0,0.06488971646429047,0.22244267204879747,0.22244267204879747,0.06930300225764517,0.07628420536523331,0.06484044219263214,0.2,0.03
0,1.0406426601772787e-17,1.3387799815147988e-10,5.6512004699578845e-12,3.6104703565386154e-07,3.9131163866779247e-10,1.5864424241332632e-08,0.0,0.02
0,0.0489039322935528,0.11456618334986685,0.11456618334986685,0.10263393085166203,0.07799157591448282,0.0794672592816642,0.0,0.0
0,1.1512126809129585e-05,0.4302047521117806,8.639559322248493e-06,0.00011380615388697878,2.6671793254199997e-05,4.364003726491523e-05,0.0,0.0
0,0.9647563518282101,0.4302047521117806,0.5777376515632445,0.7969996462091401,0.9089095680580761,0.877753531658748,0.0,0.57
0,0.12907613170968008,0.4302047521117806,0.2020775457001436,0.12484695104362979,0.13242055812355094,0.1285251817239096,0.0,0.02
0,0.027508215574498094,0.07881529919381448,0.04306541811422998,0.06442506107021034,0.048822253944799374,0.052958417636391475,0.0,0.0
0,0.03175930889659005,0.04503931896133562,0.07836370275594162,0.07749027125604806,0.055157574143211756,0.056447122925012215,0.0,0.0
0,0.0020768337161901555,0.0005853238973844708,0.00040070778900518794,0.01940509860476145,0.004291206531259656,0.006221733217695141,0.0,0.01
0,0.3289839245523252,0.18706665563114036,0.18706665563114036,0.2418267708348965,0.24089627514100417,0.23581519329642667,0.0,0.01
0,0.00029565539337925015,0.0048136617155334765,0.0048136617155334765,0.0019107651134658843,0.001106860593487801,0.0006406879696556,0.2,0.02
0,0.03679432864543705,0.4302047521117806,0.07535164057012925,0.04980695816929058,0.040656620801668215,0.04267766905776529,0.0,0.0
0,0.22609441212290357,0.6147913140122883,0.6147913140122883,0.31214161528920026,0.2836299553824754,0.27932450885490073,0.0,0.15
0,0.17675887606108423,0.44082848959620596,0.24868273970202978,0.17392485497638413,0.18363727060867652,0.1800011435970127,0.0,0.0
0,0.6555221189665633,0.1977630432832113,0.32957125692071754,0.5069428501259358,0.533980598644862,0.5257862489464379,0.8333333333333334,0.27
0,8.383986537135738e-06,0.2928121172920032,0.2928121172920032,6.110576461863385e-05,3.5235900789360994e-05,2.2660309863856074e-05,0.0,0.0
0,1.1169365615253063e-11,2.053559006377715e-08,2.330387276631237e-09,0.019061169557868272,0.0009926323895701498,0.003896334389218163,0.0,0.01
0,0.03289579872497996,0.00384657605009846,0.002310110309019239,0.14201964335619033,0.03661700402230187,0.07180220905128099,0.0,0.05
0,1.178760590615739e-26,3.078290733407219e-16,3.903166348401045e-17,4.0086598295348524e-12,4.666102440148548e-15,1.1800856858019787e-15,0.0,0.0
0,0.03560290515526453,0.12302522845278822,0.12302522845278822,0.07743629001182069,0.06000068175499858,0.05631647001334527,0.0,0.01
0,0.0021425984265867645,0.010037023027863993,0.010037023027863993,0.01962823578899551,0.0071557554408105024,0.007502628693234102,0.0,0.01
0,0.1871323105616829,0.2928121172920032,0.2928121172920032,0.19345899827362859,0.20604252200281672,0.20163950977209472,0.0,0.02
0,0.3375896996571284,0.7163579382202102,0.36282357750168953,0.36963393396426353,0.349740711086625,0.35795358189044707,0.4,0.19
0,0.26063909339154756,0.44082848959620596,0.6507187343354323,0.09762374798001985,0.07717200085625617,0.06081765010893784,0.0,0.24
0,0.9062255118168427,0.5234529704971637,0.7484145926309488,0.8568395878752499,0.8976194213972778,0.8914492969783716,1.0,0.9
0,0.3476543825494738,0.4988059461502449,0.31596505552389437,0.3693114946315982,0.3535268212333635,0.3568787433124581,1.0,0.61
0,0.18387589806209304,0.44082848959620596,0.24868273970202978,0.17631212843528374,0.18699904223787064,0.1836157475749797,0.0,0.0
0,0.9999383601373829,0.4302047521117806,0.9999854173000607,0.99917784042062,0.999786930595077,0.9995530155804611,0.8,0.53
0,0.8628834281861725,0.6392695870363968,0.6392695870363968,0.7866780272531367,0.8600603537414361,0.8546991547489184,0.4444444444444444,0.52
0,0.0037975613054985185,0.44082848959620596,0.347358818356132,0.055806532967870304,0.028547520606865433,0.02799463248491044,0.0,0.11
0,5.009826284432875e-05,0.006761538332749556,0.0007478717330850224,0.06483249299327508,0.01944538847667965,0.03095704334628733,0.0,0.03
0,1.9047562808473769e-16,2.7349202384422974e-11,1.1996873744673473e-11,5.0086743064509425e-08,7.722749961107805e-11,1.6055849662758136e-10,0.0,0.03
0,0.2035926863508295,0.4302047521117806,0.2768961069285971,0.18208555687164765,0.19815746194200462,0.18972046231747658,0.0,0.4
0,8.90468403614213e-08,7.417978333002366e-05,1.3426999306858992e-05,0.0008453485037095756,5.708428860962119e-05,0.00021950652408711272,0.0,0.0
0,7.5918650583495e-50,8.964233960516978e-14,8.964233960516978e-14,3.663634448484036e-08,1.3573516114111883e-09,3.2244838912759977e-10,0.0,0.0
0,1.9635481522355528e-213,0.012264363742091689,0.012264363742091689,0.00018171796766125876,3.1593883126313463e-06,5.7686958724130656e-06,0.0,0.02
0,0.02919587852859825,0.44082848959620596,0.24868273970202978,0.01802923662474198,0.02591758580639041,0.021802277767973,0.0,0.0
0,4.217132923795331e-07,0.00326712974618575,7.551077808807524e-05,0.04353475509466674,0.0073240627278072555,0.023115225654812742,0.0,0.15
0,0.006815443453791431,0.006542660117986552,0.006542660117986552,0.03390976135984216,0.012123010480232144,0.01239206217116678,0.0,0.04
0,2.2877777613062488e-05,0.0007435774880316172,0.0007435774880316172,0.11560615384595206,0.07150305873330665,0.09178183303720777,0.0,0.01
0,0.00018014675838879938,0.008332643388636684,0.004217145011128751,0.008102940648453233,0.002212975437150866,0.0024414592792550353,0.0,0.01
0,0.3987350012949388,0.18306264467856148,0.14469294232917204,0.38340969514407586,0.36343857087979903,0.3791200958972933,0.0,0.24
0,7.776827637503218e-08,2.9497402052000015e-05,3.4822466417851055e-06,0.00044589949285494797,2.205613359655617e-05,9.065784396970843e-05,0.0,0.0
0,8.972020544406292e-07,0.0001460795919218891,2.2416541560996697e-05,0.0003651326717742352,5.549490872306428e-05,5.8657390837135914e-05,0.0,0.0
0,0.051045207596186304,0.003819810068821704,0.003819810068821704,0.16497358880167767,0.05867334308253381,0.07883573835636132,0.0,0.09
0,9.366738255354743e-15,1.2178309338349674e-10,1.215699761561813e-11,2.872045411918149e-05,2.5566846225579844e-07,1.0806583259957459e-06,0.0,0.0
0,4.316484895226787e-17,1.314744494715924e-11,1.314744494715924e-11,0.0004638368663632233,9.719269341813131e-06,2.707954720558463e-05,0.0,0.02
0,9.772316436015444e-12,9.793307022988546e-09,9.793307022988546e-09,0.18048117713558517,0.04182298418770428,0.10210473913877317,0.0,0.02
0,0.0008809452957782466,0.00026946694856550587,0.000215112931987989,0.004594504024771848,0.0011091765131847242,0.0014383885675713188,0.0,0.01
0,0.19337335852707258,0.2928121172920032,0.2928121172920032,0.19747320158623408,0.20999767071133416,0.20605420108542102,0.0,0.0
0,0.010766440402627834,0.4302047521117806,0.11161007278034438,0.03881029550052496,0.020904453387448042,0.02992336548531815,0.0,0.14
0,9.963736928808775e-08,1.331487592219544e-05,1.456315520523319e-06,0.09377701326280173,0.014047803025037464,0.03624480534707711,0.0,0.0
0,0.18340449333753137,0.2928121172920032,0.2928121172920032,0.19304389179046483,0.20559803364187165,0.20127902754818205,0.25,0.18
0,2.0494129003665178e-13,8.210558676708972e-05,8.210558676708972e-05,0.00943352565001496,0.003341836158784996,0.0030065416849043044,0.0,0.0
0,0.19427669736725467,0.40251268808306356,0.2562713066176634,0.14162761322937156,0.1608259080773495,0.14435628493432884,0.0,0.13
0,0.0004341539493319146,0.16680904758743703,0.005901829896240737,0.003931060497620251,0.0007827452629311828,0.0015381455205220396,0.4,0.17
0,0.0027302494380259355,0.0024055969123010393,0.0024756966766010208,0.016980647524086498,0.0044596662316147345,0.00507638729640932,0.0,0.05
0,3.324320738364423e-36,0.44082848959620596,0.006640902163629723,2.7829990037365254e-06,4.997080713918349e-08,4.534876670302328e-08,0.0,0.04
0,0.19803313247892057,0.44082848959620596,0.24868273970202978,0.18149687653433566,0.19408808216064471,0.19114895459434028,0.0,0.0
0,5.156887132698793e-306,0.0026743120073860057,0.0026743120073860057,9.739261988695672e-06,2.7934915300724712e-08,6.756888859444445e-08,0.0,0.02
0,2.501883593956428e-32,0.44082848959620596,0.010600299803455622,1.591450506760841e-05,4.207553597787163e-07,3.976390151191828e-07,0.0,0.0
0,0.17684373932761552,0.44082848959620596,0.24868273970202978,0.17399446302630278,0.18369891586243037,0.1800667300079809,0.0,0.0
0,0.1927879802018056,0.2928121172920032,0.2928121172920032,0.19538981702281172,0.20809662442671456,0.20374629780804,0.0,0.0
0,1.217054114135895e-34,0.44082848959620596,0.0060919264965709615,0.0005629885213069054,9.01718026501303e-06,1.1528439195932745e-05,0.0,0.02
0,0.05362018673672402,0.4302047521117806,0.2033228790886355,0.026309980984515428,0.044696548045734405,0.035333454816759036,0.0,0.0
0,0.06182407905028661,0.44082848959620596,0.24868273970202978,0.01209042001495808,0.038359797129822376,0.018200376007777026,0.0,0.01
0,2.771263038595948e-23,2.8440055373045143e-16,1.6008298869945476e-17,0.00018079999632727618,1.752920543045095e-08,3.7955486129603288e-06,0.0,0.02
0,3.9845452360614294e-05,6.7397152249920325e-06,2.4878699671193655e-06,0.006676361637658934,0.00013928186754997104,0.000975060017430813,0.0,0.01
0,0.5582090425873402,0.4302047521117806,0.3597491560310793,0.5582186826819308,0.5628695534149585,0.5517506134214263,0.0,0.29
0,2.055204734752435e-06,0.4326366310840954,0.4326366310840954,0.0018305968063447064,0.0003141036057808828,0.00024053482461608517,0.4,0.28
0,0.018039078188429102,0.008789043384568635,0.008789043384568635,0.06853051183601766,0.0287336497806648,0.034075397673731515,0.0,0.01
0,0.0024188464406877954,0.018110928044501266,0.000948297738399664,0.03863969411479431,0.008536061871034815,0.010800156188169402,0.0,0.02
0,3.558581161095102e-08,0.00012833081562245476,3.9060386903387904e-05,0.09135727197581275,0.01560910008580915,0.05084405384264831,0.4,0.05
0,3.7977606840856996e-05,0.007004240977583292,0.007004240977583292,0.000763308925706885,0.00019770629262493402,0.00018024923643438878,0.2,0.08
0,0.1085849378689744,0.05471486559958264,0.05471486559958264,0.20369689022277154,0.14135161809607272,0.15672001100172755,0.0,0.08
0,0.19803313247892057,0.44082848959620596,0.24868273970202978,0.18149687653433566,0.19408808216064471,0.19114895459434028,0.0,0.0
0,0.0005802332157912133,0.4302047521117806,0.001683584284484989,0.0007109616756662057,0.0005886234800907173,0.0005497347858806534,0.0,0.04
0,2.3687217753735724e-09,1.3373459112371816e-06,1.3373459112371816e-06,0.15819437334371106,0.04105606435645244,0.07100669432741681,0.0,0.18
0,4.1893054936408084e-41,4.906431803872895e-25,3.1403718751511825e-26,2.9896590509918387e-18,6.910989195201304e-23,8.121926861696122e-24,0.0,0.0
0,0.11543364057617188,0.4302047521117806,0.21297402065549695,0.06949114570374684,0.09905627183594355,0.08873039743832047,0.0,0.03
0,1.6751313337449286e-20,6.758217141964356e-13,6.758217141964356e-13,8.29866187291687e-06,1.012449471623083e-07,2.660904910348058e-07,0.0,0.0
0,2.872091154459684e-12,1.9768529268764195e-08,1.9768529268764195e-08,0.05924057853859235,0.01584645458235358,0.03203104420837471,0.0,0.03
0,1.1675960899104228e-14,5.2490025644112e-07,5.276736616203095e-11,0.00013277480422584144,4.446681524254346e-07,8.725642720430161e-06,0.2,0.02
0,3.5543580309197272e-06,0.0014201984067239142,0.0007091947618136034,0.14000602845819177,0.04178858081384405,0.09376913982432113,0.0,0.17
0,3.6699525544455816e-20,5.996851586007976e-12,2.691411076558096e-13,4.721897271250114e-07,3.522794110763076e-09,7.620906513284905e-09,0.0,0.0
0,1.3259760236971755e-45,3.773729503338323e-30,3.773729503338323e-30,4.0149706485570144e-05,3.054110924078985e-08,8.514167834510772e-07,0.0,0.0
0,2.0290793543858088e-16,3.087169110389829e-11,3.087169110389829e-11,0.01322274833541157,0.0014017252702342357,0.004477542311958069,0.0,0.09
0,0.913837294762388,0.7711024432479036,0.8147018635051927,0.87565582621815,0.9058054731981947,0.8970255500847014,1.0,0.97
0,9.197387288574078e-19,2.6997522177329433e-10,2.682666414871413e-11,0.014332879082987929,0.0001302416716094263,0.002919105781650272,0.125,0.13
0,0.03725610883281406,0.04592959834971752,0.07228369210406013,0.11702912631825035,0.07569818622035318,0.08780738381479446,0.0,0.0
0,0.048700005055630144,0.06478573979576605,0.1080262923437875,0.13655878374920505,0.09524756384273192,0.10705419932260735,0.0,0.0
0,4.650753628902246e-72,2.0109849340474193e-52,4.083183086359358e-59,9.095743400885041e-07,2.485923315086564e-16,1.0379350174172512e-11,0.0,0.0
0,0.5631351735004119,0.44082848959620596,0.684210494732646,0.5401641999430433,0.5416006122028552,0.532773113808444,0.0,0.12
0,0.9999778958391761,0.44082848959620596,0.98685257141727,0.886042391743568,0.9661940103825788,0.9806456303632691,0.8333333333333334,0.55
0,0.17191686900991898,0.5267332424164364,0.23040409121704114,0.19196095873841032,0.18579907542197208,0.18789943782810126,0.0,0.1
0,0.010157004379060952,0.06705430122100593,0.06705430122100593,0.06720066294588857,0.03768164340807013,0.039424300217246605,0.0,0.0
0,0.0744180978825166,0.061440374994997604,0.17881389811177437,0.11982459864590689,0.08221916336678001,0.09326087072624159,0.0,0.01
0,0.02753357328708468,0.04065308868517361,0.06530213308235494,0.0699186204422444,0.04456317219046799,0.05249201215367607,0.2,0.02
0,0.002376276373901306,0.03370068597734811,0.0030072152214381124,0.0131337276584586,0.004324710075605764,0.007778647555855428,0.0,0.02
0,0.0007266684717283587,0.0002615422779914753,5.41750088338061e-05,0.01594259539362927,0.0017973519736039754,0.0030872680151893253,0.0,0.12333333333333332
0,0.2315249263906604,0.4302047521117806,0.24828920814305563,0.20381603853894836,0.2333313898935947,0.22436977746875847,0.0,0.07
0,4.1840380378194396e-05,0.000774324909844414,0.0002547295822228721,0.00043172609336775613,0.00011814268957885323,0.0002515983410850395,0.0,0.01
0,2.0317883005320562e-13,1.631338674047328e-08,2.3103542861699506e-09,4.4801344147981755e-06,1.4022113754886886e-08,2.342137019525919e-07,0.0,0.0
0,0.985720734906478,0.44082848959620596,0.24868273970202978,0.5701190620115058,0.8746697874621651,0.8186158187269036,0.0,0.16
0,0.16946381932395396,0.4302047521117806,0.2599995506197672,0.1899460704273732,0.18683967619192227,0.1872471357572465,0.0,0.1
0,3.183221384342339e-18,6.279943833532602e-15,8.839009823062718e-16,7.790014442695427e-07,1.0579505049037982e-09,6.59616998193008e-09,0.0,0.02
0,0.35040868830358757,0.4920317891755513,0.4089391041119836,0.36755443615442374,0.36661983731222664,0.36663600128500834,0.8,0.5
0,8.091074649585615e-22,1.309146570233018e-09,1.309146570233018e-09,0.000991801505626584,0.00012625483158793056,0.00014633866161245412,0.0,0.03
0,0.015416426801017397,0.03770380059022533,0.019390780154426458,0.03336978979569887,0.018525407937805112,0.017926749933337306,0.0,0.04
0,9.533980501755827e-11,0.007738327016388368,0.0008636390276011695,0.008324927790349245,0.0012102940558157455,0.0016930446223215824,0.0,0.05
0,7.978721344784575e-28,2.392004914737831e-12,2.392004914737831e-12,1.482484784721966e-05,6.800508480543561e-07,6.88765685092697e-07,0.0,0.04
0,2.2426177072597618e-20,0.4302047521117806,0.20307335592385656,5.128275678821933e-09,4.473758389352263e-14,5.272257014259441e-12,0.0,0.0
0,0.19984951807049828,0.44082848959620596,0.24868273970202978,0.1987095572187445,0.2054212973122968,0.2024961379524031,0.0,0.0
0,0.07820220753478535,0.151702641843648,0.151702641843648,0.4038497620165442,0.18164684283059984,0.2353054558343207,1.0,0.49
0,0.016353471538214565,0.2928121172920032,0.2928121172920032,0.02758938353500899,0.026543019957140965,0.022934849181134524,0.0,0.01
0,5.240313240297855e-06,2.2203153931107343e-05,2.2203153931107343e-05,0.1721280744812814,0.13725016463048195,0.14018389217832725,0.0,0.0
0,0.0018606015052309815,0.4555181697084981,0.1883515720895425,0.06239405566761451,0.04330971438932946,0.04070108235075583,0.0,0.14
0,3.04131286427905e-07,0.0012142659614671734,0.0003182967943331378,0.08239807474835098,0.010876375971885595,0.03950149135268184,0.2857142857142857,0.27
0,9.659864209491741e-30,2.0001271594283688e-21,2.0001271594283688e-21,0.03892307406483074,0.000516130369953324,0.006757658895841303,0.0,0.0
0,0.14490269354197627,0.4302047521117806,0.20357263053155777,0.14349054767835814,0.14871591246703503,0.1457943987114334,0.0,0.0
0,9.00033963522147e-16,1.927959510789561e-05,3.7825245746499887e-06,0.016670172262527927,0.0007278244905231394,0.0016268933872233997,0.0,0.14
0,0.18003735085841296,0.44082848959620596,0.24868273970202978,0.17518239925749704,0.1853497204966112,0.1818106044649695,0.0,0.0
0,0.06812752980398766,0.44082848959620596,0.3516120136586399,0.0845430330847017,0.08111436854065228,0.07661722127066237,0.0,0.02
0,0.10923317943515394,4.5737433223183667e-14,4.5737433223183667e-14,0.0009154651223364085,0.0004329155038629392,0.0019818778927286366,0.0,0.14
0,1.2580925003958034e-06,1.8252412603242592e-05,9.300888635006292e-06,0.00010270948620805564,6.171962903333023e-06,8.892190080152392e-06,0.0,0.07
0,0.17675887606108423,0.44082848959620596,0.24868273970202978,0.17392485497638413,0.18363727060867652,0.1800011435970127,0.0,0.0
0,0.00011095649019609002,0.001539594623065058,0.00030163242823924867,0.20291331591144596,0.0789180508793221,0.12858145800784573,0.0,0.04
0,0.18190624102071704,0.2928121172920032,0.2928121172920032,0.18075707539493663,0.1951863147763998,0.18882509458903424,0.0,0.03
0,0.08831611234636898,0.10242643932412658,0.05604513808525965,0.1556369639227724,0.14083108619639842,0.11972869980756097,0.0,0.14
0,0.18003735085841296,0.44082848959620596,0.24868273970202978,0.17518239925749704,0.1853497204966112,0.1818106044649695,0.0,0.0
0,0.18003735085841296,0.44082848959620596,0.24868273970202978,0.17518239925749704,0.1853497204966112,0.1818106044649695,0.0,0.0
0,0.0032151396468687574,0.05503845210551517,0.03194655098647166,0.17843264222762545,0.12240421727912347,0.1601221099673102,0.0,0.05
0,0.060471808037124875,0.12376104288015084,0.05420194664248248,0.0824974836058473,0.061969825767576744,0.0641733939866339,0.0,0.0
0,3.0434346914947713e-09,0.5157689535918242,0.5157689535918242,6.527942744728213e-05,3.815947288586612e-06,3.270451602432321e-06,0.0,0.01
0,0.11550971191096679,0.44082848959620596,0.14506873083731178,0.1060384229022724,0.11322915546687792,0.11156084133057324,0.0,0.06
0,7.20164556326745e-11,8.543325390373869e-08,5.036526377214514e-09,0.03819695927477654,0.0022413786737604502,0.009132264409910232,0.0,0.01
0,0.0003050736791125877,0.0027543522346338773,0.0016028634599519205,0.0022020664032642297,0.0007621439117245673,0.0007671390900825354,0.0,0.0
0,0.1506331518685411,0.4302047521117806,0.10846069476267102,0.1180481930468129,0.1301843148191756,0.1216653281405441,0.0,0.19
0,9.792340611745492e-23,7.557772367165419e-14,1.1538777104295849e-14,1.831647786879838e-10,6.208996514198202e-13,1.927804541247457e-13,0.0,0.0
0,0.010334440714343019,0.18942696993107289,0.18942696993107289,0.021020420024346006,0.015592544409352403,0.011635042664089197,0.0,0.09
0,0.00012628874089852329,0.06518296741448988,0.02695934923881938,0.0001878678230516368,0.00016825604721565512,8.00902459323827e-05,0.0,0.02
0,0.007700383673851493,0.008937636177998762,0.006019280474740951,0.04731038940209036,0.015628974933810352,0.01804538860290467,0.0,0.02
0,0.0001215719726116599,0.2928121172920032,0.2928121172920032,0.052227324821694225,0.011706356163201943,0.011720186562170068,0.3333333333333333,0.21
0,0.0007063741200635917,0.4856556147795483,0.001365196235699009,0.012397806953659994,0.0015911070934651037,0.0039879211382313285,0.0,0.05
0,0.0024060439323838508,0.12342686424743432,0.010837967502544642,0.06628184845305564,0.032232842912020596,0.03651154252089941,0.0,0.05
0,0.0001249012305320421,0.2928121172920032,0.2928121172920032,0.05317331126671781,0.011958936248855426,0.011976096956679004,0.3333333333333333,0.21
0,0.0002783969844197253,0.08848296057474163,0.0010390659026524379,0.005772234679782755,0.0008700968206018732,0.0020205959085901042,0.0,0.01
0,0.18340451987848455,0.44082848959620596,0.24868273970202978,0.1772094419969065,0.1881820879316809,0.18455587440569599,0.0,0.0
0,1.132847716670236e-06,1.5933296566325672e-06,5.699272386415319e-07,0.0008235798247857463,7.875444837446358e-06,7.461668011414632e-05,0.0,0.01
0,1.053732858953053e-11,6.050537395159376e-07,9.661678091311747e-08,8.760203326338466e-05,2.4027891151262203e-06,4.858236475843564e-06,0.0,0.01
0,0.922129375036903,0.9994667195599573,0.9692302498271314,0.9108234714152401,0.9194700955751117,0.9242134849831236,0.0,0.3
0,0.0032449661504950515,0.0006399093760506718,0.0002749216539459405,0.03024723890925588,0.0050012370738049755,0.008163724904899299,0.0,0.04
0,0.35279905827538016,0.44082848959620596,0.593721526941152,0.40110594600753713,0.35582060363466467,0.3504491722819814,0.0,0.01
0,4.5028972756202093e-13,1.1604958318373105e-06,3.893960579853431e-08,0.006369122827441879,0.00025885922494335833,0.0019146892783012065,0.0,0.01
0,0.0002118142882352119,0.05016995156514659,0.05016995156514659,0.0033241998419817694,0.0018616920694657809,0.0010464231479889714,0.0,0.03
0,0.10450472110653264,0.4302047521117806,0.24573038124254507,0.14578700078904724,0.12129410009435768,0.12833467045295566,1.0,0.41
0,0.0025016476762135475,0.2323254364059957,0.007738019147119978,0.046261879546003,0.015833034439808755,0.025489414760083373,0.4,0.15
0,0.14662359407951278,0.44082848959620596,0.44853713188094985,0.16420733308993546,0.14933351218525862,0.14371854139940912,0.0,0.19
0,0.02505642068405246,0.44082848959620596,0.24868273970202978,0.009939962070696298,0.0202270207834681,0.015459039407876433,0.0,0.27
0,0.0464606990082249,0.16887660828295692,0.11180606100065239,0.05324350379403611,0.05278451299763233,0.0459689360441758,0.0,0.03
0,2.8803115122868197e-22,9.963127031534267e-14,6.249783937399448e-16,4.561457050512817e-05,8.73839712773922e-08,1.0366135404662297e-06,0.0,0.02
0,0.11902413443843779,0.2928121172920032,0.2928121172920032,0.11832669224642177,0.13612761009548913,0.1282878019305809,0.0,0.04
0,1.9320800685024309e-147,0.013072086988831175,0.013072086988831175,0.0002973603568359797,1.1508582416193348e-05,1.6471384186005304e-05,0.0,0.03
0,0.1563978884564263,0.5197414944678262,0.3549023135546749,0.2093986078030788,0.1880168394930221,0.18334739471001735,0.0,0.27
0,0.16516019166241772,0.7764121474793524,0.27746388513397363,0.17726536077735244,0.17494031595167797,0.1741314809516342,0.0,0.01
0,0.26788618519823015,0.4302047521117806,0.49127444204147463,0.3068307502517923,0.2842278940755397,0.28941281529018414,0.0,0.04
0,0.021392330340392104,0.0010613567174452099,0.0018756755064031736,0.0888197341732528,0.02702707284757354,0.038334268222752946,0.0,0.24
0,0.7152226734134078,0.4302047521117806,0.8697454487130962,0.7195625831554926,0.7137330705898198,0.7173065974233815,0.3333333333333333,0.36
0,0.0016804879244937232,0.0313737190138214,0.0313737190138214,0.007061025581066309,0.0025305221368158467,0.0025064841660077885,0.0,0.06
0,0.024943892053432976,0.44082848959620596,0.24868273970202978,0.009872224277787101,0.02010843953667122,0.015363115229682627,0.0,0.27
0,0.5699338787084781,0.21330126397555946,0.5293314379917657,0.5352204127344282,0.5521359662240697,0.5256885831391288,1.0,0.5525
0,0.00016625692702380436,0.005489101197658815,0.0030734866907392152,0.0008596079812324311,0.000257299231645227,0.00023510881311085245,0.0,0.0
0,0.2637297777415734,0.2928121172920032,0.2928121172920032,0.2599690426008793,0.27874048107946586,0.27067711619388,0.6,0.4
0,0.00032903832809968206,0.0009441952238596155,0.00042463138193880005,0.007291721987556455,0.0007926478594743858,0.0020950433720349506,0.0,0.05333333333333333
0,0.9925804214890595,0.44082848959620596,0.8292071874569955,0.9888293004315168,0.9881117108532002,0.9878317339217197,0.16666666666666666,0.42
0,0.004421327866423964,0.2928121172920032,0.2928121172920032,0.009611375948366063,0.00814405468379485,0.0067639312436692635,0.0,0.01
0,0.6598958716817,0.4302047521117806,0.7036452585922277,0.615788315281191,0.6281986532259469,0.6145394613416897,0.0,0.32
0,7.433509231010268e-25,7.961803899596253e-14,2.789475444482582e-15,2.2970722795478288e-09,4.0108692858907746e-13,4.273681989791795e-11,0.0,0.0
0,0.008932640777020927,0.0019864171567153016,0.0019864171567153016,0.04709385706840533,0.013225516317175171,0.018178695397253336,0.0,0.02
0,0.00021217490863908596,0.0008837930600879162,0.00033679056594012273,0.004365051463934027,0.0005247874856942021,0.0013287525268630646,0.0,0.04
0,0.1590598283734517,0.4302047521117806,0.20887016756736196,0.1493804774651626,0.15713521728741436,0.1529793081992657,0.42857142857142855,0.19
0,0.00014921267820154586,0.004002587348748833,0.003036243063217107,0.003268303351043285,0.0008620025249390213,0.0008023728457557125,0.0,0.01
0,0.12028552199184268,0.16316259047745996,0.08786955990765767,0.036950268012405516,0.034618392860996786,0.035605574147129226,0.0,0.12
0,0.00036084424751216157,0.037015990010909945,0.00796019348424983,0.0006818317203197574,0.00047370150717016815,0.00039674248141843556,0.0,0.02
0,0.09385279602033562,0.44082848959620596,0.13721880120916854,0.08664934218980382,0.09479633184610102,0.09261907631235061,0.0,0.07
0,2.984006916617948e-05,3.067754859826375e-05,3.6128447091239096e-05,0.0008879418799897259,4.6605187802820575e-05,6.192727751089648e-05,0.0,0.27
0,1.290074042956177e-22,0.2928121172920032,0.2928121172920032,1.4298129043103828e-11,4.586594075760438e-16,1.847445251627061e-16,0.0,0.0
0,4.049957905148726e-129,0.049267924922662784,0.049267924922662784,0.00034130095084109775,1.996599890411077e-05,2.37762489103242e-05,0.0,0.04
0,1.3958975831336406e-59,3.0649961549249775e-39,3.0649961549249775e-39,5.144601791021728e-07,4.904496936792469e-11,4.217957828341259e-09,0.0,0.0
0,2.094073621861441e-10,0.4302047521117806,0.0002684230520922596,1.8826258289966725e-09,1.4053509491590725e-09,1.3010172682303728e-09,0.0,0.01
0,1.0306280905661575e-89,2.5414400331101947e-65,1.3607959181721587e-73,4.179242219693643e-08,4.5824308879695286e-20,2.7553051419322223e-14,0.0,0.0
0,7.431227582037228e-05,0.008644438818950669,0.008644438818950669,0.001954693976959015,0.000434358303321268,0.0004106817889194783,0.0,0.0
0,1.378983925617525e-26,1.8831156749015766e-13,4.014035903577907e-16,0.00015861112048251596,1.3703948520015894e-07,1.105569875922056e-05,0.0,0.01
0,1.8949990004749864e-09,2.6781320072409152e-06,2.407059854641951e-07,0.018789261810411313,0.001656670978193157,0.004870886120477542,0.0,0.0
0,2.0724730798280342e-14,1.2031984640622338e-08,5.58001707936884e-10,0.0005596002137584212,1.4625433428560102e-05,5.9965388168934196e-05,0.0,0.02
0,0.11590664978689526,0.4302047521117806,0.07017439563017898,0.1406108778473419,0.12435122163105236,0.1315547147488202,0.2,0.15
0,1.3336647818178284e-13,0.4823704220715926,3.031324993308209e-16,0.008244738253566935,0.0014237991909508746,0.0037719788244747563,0.0,0.08
0,1.6065187854817545e-15,3.487011324211161e-09,3.1129013772639495e-10,2.5409356909458154e-06,5.6065469699420405e-09,1.2717289380863086e-07,0.0,0.0
0,1.3390571744311156e-10,1.607863706385144e-05,1.958543384499161e-06,0.00043540252460401294,1.1339009191388977e-05,7.717373067472701e-05,0.0,0.01
0,0.06461187044419994,0.08533455316987733,0.11857474498903256,0.13145836605929145,0.1098944964582786,0.11011706162534729,0.0,0.07
0,0.150349911067098,0.4302047521117806,0.2060827036136339,0.14650580203608363,0.15177885134968291,0.14884225210804944,0.0,0.11
0,2.831987327813366e-07,7.221080604284472e-07,7.221080604284472e-07,0.09810076897267289,0.01186880523732447,0.024840514555722126,0.0,0.25
0,0.3167492059029149,0.44082848959620596,0.16327704829643233,0.15140494241849514,0.2189208798587598,0.19884241368533212,0.0,0.01
0,0.3901501641552986,0.44082848959620596,0.8615245474701385,0.3271140505745538,0.3864255767600836,0.3688446123787234,1.0,0.585
0,3.903358527504689e-14,7.780757807713359e-09,9.204012536310887e-10,8.475065157599701e-06,4.727578373077317e-08,7.075851008619568e-07,0.0,0.0
0,1.3113995887854767e-168,3.5373175352019606e-32,3.5373175352019606e-32,7.994622469177627e-13,1.0981522423089884e-13,2.3101579519191124e-16,0.0,0.0
0,1.4528712926281394e-171,3.972432016193338e-123,3.972432016193338e-123,6.215979336438354e-06,1.7663059725321083e-17,1.0715763242863755e-10,0.0,0.0
0,9.012029918094796e-108,2.2688492130195277e-77,2.2688492130195277e-77,0.00032139434025613676,2.010674441618071e-11,3.4554156497571283e-07,0.0,0.0
0,6.596713094233349e-08,1.284058601445417e-05,6.251956841458582e-06,8.862659689966084e-05,9.707750896387608e-06,8.217597859986896e-06,0.0,0.01
0,1.9803685566224747e-22,1.250007160299321e-15,1.250007160299321e-15,0.01320585343878708,0.0005715323457566901,0.0032658233322972532,0.0,0.01
0,0.02533582474607743,0.44082848959620596,0.24868273970202978,0.010023698912283456,0.0203790827086657,0.0155895872709055,0.0,0.27
0,2.4618857863279244e-18,8.004356981641073e-13,8.004356981641073e-13,0.02733138675349455,0.002153296301272057,0.008844881362793426,0.0,0.0
0,3.067321254895901e-37,1.0272101202402419e-11,1.0272101202402419e-11,9.751509862103715e-05,1.119364386938476e-05,6.578949370578374e-06,0.2,0.0
0,0.05878329921054373,0.12376104288015084,0.05420194664248248,0.08155320212120337,0.061298253356872126,0.06334278652330275,0.0,0.0
0,0.4870291678474891,0.44082848959620596,0.24868273970202978,0.475337384884442,0.4585002434454209,0.4676142182023908,0.0,0.12
0,0.4870291678474891,0.44082848959620596,0.24868273970202978,0.475337384884442,0.4585002434454209,0.4676142182023908,0.0,0.12
0,9.55616659372425e-12,6.228475778934136e-07,1.6275821298460355e-07,5.704369458456577e-06,3.834432297967139e-07,2.1457507957305728e-07,0.0,0.0
0,1.4482049172677241e-05,0.00048740012804062143,2.551450390838958e-06,0.0007314177523529515,5.580352947020586e-05,0.00019349470048305852,0.0,0.0
0,0.01203571719382702,0.14866998394747943,0.08069626301671307,0.12441558424260665,0.09934024163128528,0.11642304326840373,0.0,0.09
0,8.300653808284557e-05,5.8926554437217205e-05,0.0001984435345750867,0.0493253946195393,0.008187788910313808,0.013931628371329767,0.5,0.28
0,0.0019295983448228736,0.050081339462076026,0.050081339462076026,0.052034732420636186,0.040086968054933864,0.039426586806111275,0.0,0.08
0,0.03596002876549864,0.04072126974514811,0.014738522819178784,0.10274686146939042,0.04609424183418068,0.07034180427032113,0.0,0.04
0,0.006191399370238264,0.0013862202251906477,0.0013862202251906477,0.03764501613706775,0.009550878945135797,0.01296638193391951,0.0,0.10666666666666666
0,0.0016792379705800004,0.0003619274687584156,0.00018233180966063998,0.014394926692625893,0.002646681918016206,0.007776155837347186,0.2,0.08
0,0.03266839179691548,0.2156697330639551,0.2156697330639551,0.08169958494301781,0.06966821233125832,0.055449471138349686,0.0,0.03
0,0.012787746958131932,0.012179697795684504,0.003924105415017204,0.17658131787347317,0.1625152522210169,0.16049302807591767,0.0,0.0
0,0.0001487088715160719,0.0004078191796509037,0.0004078191796509037,0.002575430919185473,0.00036855970015495617,0.0004547222760090347,0.0,0.04
0,0.09190700222476073,0.30784798140207875,0.13628837166685773,0.10746223398716254,0.09962256622072542,0.0971505396334133,0.0,0.0
0,1.258853595412204e-27,0.0004149639380644182,0.0004149639380644182,0.44335141177295306,0.4787804108897436,0.3318475803192104,0.0,0.39
0,0.14720217956710666,0.31305107343035293,0.3074865370727456,0.1432261655511733,0.14890810005256966,0.1374170512469635,0.0,0.06
0,5.5741863094179765e-50,0.2928121172920032,0.2928121172920032,0.035233516295234975,0.015259513125870849,0.016625556294130577,0.0,0.01
0,3.309462764439034e-07,0.4302047521117806,9.743230179798632e-09,0.030839293755731786,0.017124470006862905,0.023095030422400364,0.0,0.0
0,5.733490941091533e-05,0.0005734482998736732,0.0002790806188265635,0.001361878595096771,0.0003406207921598604,0.0004269027900521538,0.0,0.01
0,0.025792119821324608,0.06126508142541243,0.03841297591092312,0.09522369572523921,0.034436799620537424,0.05667843057067327,0.0,0.14
0,0.2561053149526315,0.35096680672052527,0.35096680672052527,0.3139351798748441,0.28780167117147426,0.28948749181745626,1.0,0.59
0,4.174784219299042e-15,9.939310139437124e-08,2.14195220044479e-09,0.00464729184380805,9.839263518456105e-05,0.0010745106550555364,0.0,0.01
0,0.0008303101300137763,0.011930321979700759,0.002012519799656779,0.002976280813936652,0.0012571690038018664,0.0017431325918847967,0.0,0.0
0,1.7277717172210888e-84,2.8937039877622792e-46,2.6930326442361303e-49,1.3351203523159698e-06,1.6372948313409206e-16,5.620529799457392e-10,0.0,0.0
0,1.002445520425731e-89,2.5414400331101947e-65,1.3607959181721587e-73,4.143784291787461e-08,4.529730924816774e-20,2.7199302919890493e-14,0.0,0.0
0,6.662093901036116e-05,0.011834596649822832,0.011834596649822832,0.0011856964049018336,0.00037816639015860165,0.0003062766302984698,0.375,0.06
0,0.23382572410193847,0.05861632927983813,0.04735266821058113,0.32039481436057404,0.22391290660024296,0.24379589909653324,0.0,0.23
0,0.006779549168107376,0.011549867798515077,0.023303999489246392,0.033309174707830624,0.012237488685926341,0.012059901309861693,0.0,0.05
0,0.35617469407202457,0.4163619823495539,0.4163619823495539,0.3209176017290309,0.3351570877664353,0.32601505263948677,0.5555555555555556,0.22
0,1.0481178371575144e-07,2.9405565756690107e-05,2.9405565756690107e-05,0.07738942026360142,0.035607441990769186,0.05308799805015068,0.0,0.04
0,0.27462209794961934,0.2928121172920032,0.2928121172920032,0.29127724929743937,0.2909691944013978,0.2899309554246852,0.0,0.14
0,0.13326781792570605,0.4302047521117806,0.20583066857181653,0.1270284196403029,0.13485661301217441,0.13084737778035854,0.0,0.06
0,2.9992327501512425e-88,2.7591881443937363e-17,2.7591881443937363e-17,2.383340452478589e-07,1.3332212234859575e-07,4.756401175433846e-09,0.0,0.0
0,0.1725641868617931,0.2928121172920032,0.2928121172920032,0.17750681065416873,0.19240846148357663,0.18572548675756573,0.0,0.01
0,0.0003745731890353818,0.4302047521117806,0.0014006829689108958,0.00421143722875551,0.0010681287809850828,0.0017630504196878435,0.0,0.03
0,1.6251611013202516e-171,3.972432016193338e-123,3.972432016193338e-123,6.290847485218584e-06,1.789696627666817e-17,1.0829368009856003e-10,0.0,0.01
0,1.1180445128838176e-173,1.3104066944271114e-16,1.3104066944271114e-16,3.038416873508831e-06,2.6276644206923077e-05,5.1637739732823884e-08,0.0,0.01
0,2.8151859581074197e-06,0.4302047521117806,3.956781329852812e-06,0.00017543667850207224,1.246314885623173e-05,3.198560869929525e-05,0.0,0.0
0,8.701335316254137e-08,0.00377904517767324,0.002160399859044852,2.9851085243185722e-05,2.9033042654536504e-06,1.2865471295937778e-06,0.0,0.04
0,0.1733857734669348,0.2928121172920032,0.2928121172920032,0.19011892575519507,0.20235013670614244,0.19808179396040335,0.0,0.0
0,0.2029717943571397,0.0022044981303049292,0.00048719913519872137,0.002258964631774324,0.0034007843084069072,0.0030751849437304075,0.0,0.02
0,0.02801303340080133,0.022152868898377046,0.022152868898377046,0.08129545834885513,0.04815820314519012,0.049945997076036176,0.0,0.16
0,0.01094397948510255,0.002212114500227087,0.004139804042566746,0.08793164035494834,0.017677829001575447,0.0408927127810432,0.0,0.022666666666666665
0,0.1380170892525909,0.42179847989334524,0.42179847989334524,0.14565381373389813,0.1532140077984983,0.13650347769644774,0.0,0.18
0,0.047889676801815204,0.08125112219964128,0.1037109706926815,0.1293084640885002,0.0898034304898667,0.10228312759200048,0.0,0.0
0,0.005618854063717795,0.3858313518845174,0.01043975072504379,0.20785900760038803,0.1967999737104792,0.21222554784951939,0.2,0.12
0,8.45534204703131e-08,3.426217435872873e-07,7.496144347157838e-08,0.06813188920291564,0.0044826856274358265,0.014410019953739995,0.0,0.11
0,0.00047307159821706956,0.15226019535727628,0.15226019535727628,0.005614309150761346,0.0021868369167559764,0.0017206776339376397,0.0,0.16
0,0.18047857361049344,0.4302047521117806,0.20633496708570861,0.18168616416833075,0.1826236513885626,0.18021186474283485,0.0,0.03
0,1.8981440996371436e-05,0.00014990436578531615,0.00013623554155617278,0.0009247377449157905,8.606421387581286e-05,0.00010253170902028531,0.0,0.01
0,0.04047981316394721,0.043369756299904944,0.02394802177314716,0.08107958986193402,0.04999621622895669,0.05534908303572335,0.0,0.02
0,0.08022878186103272,0.30202237902061563,0.1539578413512423,0.10427426158400226,0.0874082888710899,0.09382233607927967,0.0,0.01
0,0.4791136859048351,0.4302047521117806,0.3602453280379964,0.35452849082893034,0.39538678404792355,0.3788909170984884,0.2,0.58
0,0.004387665815167488,0.004742795842352012,0.004742795842352012,0.012288173347455038,0.009895305060822408,0.010307847439917067,0.16666666666666666,0.06
0,0.46931244061255273,0.2928121172920032,0.2928121172920032,0.30667306584201565,0.35154521490027224,0.33925136483074203,0.2857142857142857,0.46
0,1.409761672978114e-12,3.3982651207882385e-06,9.654029579742617e-07,4.255457557949093e-05,5.035656993703023e-07,8.131965584486883e-07,0.0,0.03
0,3.0111144477029795e-08,0.00012833081562245476,2.9675932726571258e-05,0.06519162454456205,0.011611753675037856,0.037108471309830006,0.0,0.03
0,6.095454259171167e-10,0.000811557243682755,1.0981349457280504e-08,5.578891568262192e-06,5.1785298580166786e-08,1.0532002553638826e-07,0.0,0.0
0,0.010481295726687266,0.2928121172920032,0.2928121172920032,0.06782238291856997,0.03369720672664495,0.03100394055869462,0.42857142857142855,0.21
0,0.11267484090615648,0.31305107343035293,0.14771814939896905,0.1885416867869633,0.15216124743743772,0.1597686839559101,0.0,0.13
0,6.166556039726498e-05,0.003352954729862387,0.0003698970354275193,0.1649381275118956,0.052978409424178016,0.0893115236325137,0.0,0.04
0,0.0005179462053367424,0.013695033554607624,0.003280477419339393,0.07639223596908501,0.039630297799888,0.05389960635060802,0.0,0.01
0,1.4625440501609622e-175,1.83868950133399e-33,1.83868950133399e-33,2.687151438498373e-13,3.406862744284182e-14,5.538733237777913e-17,0.0,0.0
0,1.076438818475062e-32,2.898466159750012e-22,9.47403559957662e-24,7.4193113712682925e-16,4.285720081434294e-23,2.010298864332389e-19,0.0,0.0
0,7.391910112534575e-36,3.4077496665426215e-11,4.770959944623782e-43,3.93886369218778e-09,6.624214779032516e-14,1.2415289148235081e-11,0.0,0.01
0,4.66051308808837e-05,0.2928121172920032,0.2928121172920032,0.0014726837268837266,0.0006422963829855843,0.0003743411200356215,0.4,0.1
0,0.24482739003521875,0.4889420474687308,0.3547171332894598,0.23606476971760068,0.2401009861319588,0.23427672790011608,0.0,0.11
0,0.03018823062458415,0.3954519114478554,0.3954519114478554,0.07268479711026224,0.055587278832807216,0.05269790083119811,0.0,0.01
0,0.35524008958873815,0.4302047521117806,0.6215893067417408,0.43185431427800286,0.38962615424090574,0.40170186229570887,0.0,0.0
0,8.851411352589789e-16,1.7177713786515965e-08,1.7177713786515965e-08,0.0018301002139589346,8.93906608988841e-05,0.00019186477360422157,0.0,0.06
0,0.00039691191361059257,0.005252416153769429,0.0007628106657425395,0.006635982853266033,0.000995727480405271,0.0022284764079224927,0.0,0.01
0,1.3543173664956094e-20,1.406187257251984e-13,7.339334303096958e-15,5.646741399672479e-10,8.911945650106294e-14,4.491814762831419e-12,0.0,0.0
0,0.026709766703287126,0.002280033178878939,0.0017908204226801307,0.10007005134268745,0.033417426065794634,0.0458648036292835,0.0,0.07
0,0.009842847858334426,0.44082848959620596,0.22192048273860882,0.010649492761726963,0.010456462309197938,0.007749976098955708,0.0,0.0
0,0.09887804660343509,0.17678913497066562,0.0647542910817321,0.13343846171328944,0.10831947429301549,0.12273642586127838,0.0,0.07
0,0.009754664304350938,0.59999404170321,0.59999404170321,0.025501399609190446,0.02173613103728391,0.016986088444762616,0.8,0.36
0,0.00029581723713060837,0.43953768852933284,0.43953768852933284,0.016293223494188103,0.005313264034138317,0.00513982787096361,0.0,0.01
0,1.0135759281572602e-78,1.4450213107659243e-56,1.4450213107659243e-56,0.001974659224918906,1.166502461164138e-08,1.3918149501956257e-05,0.0,0.0
0,0.14339520499219668,0.4302047521117806,0.20257499436054272,0.1427512309477469,0.14773895063174583,0.14493341139476526,0.0,0.0
0,1.3617244589922272e-171,3.972432016193338e-123,3.972432016193338e-123,6.148667831241096e-06,1.7472596146905945e-17,1.0606233789243713e-10,0.0,0.0
0,0.03495066717716999,0.4302047521117806,0.06508341166331164,0.04883700839652529,0.03851231985154269,0.04050099848067658,0.0,0.03
0,7.549532004126141e-52,1.1457691800731802e-37,1.4890948198088017e-42,3.114610752048078e-05,4.713604547518623e-12,9.321953877994174e-09,0.0,0.0
0,0.1863751502259491,0.4302047521117806,0.3660292035506377,0.1897696626142449,0.1958160233248799,0.19295256086438353,0.0,0.1
0,1.3617244589922272e-171,3.972432016193338e-123,3.972432016193338e-123,6.148667831241096e-06,1.7472596146905945e-17,1.0606233789243713e-10,0.0,0.0
0,1.3617244589922272e-171,3.972432016193338e-123,3.972432016193338e-123,6.148667831241096e-06,1.7472596146905945e-17,1.0606233789243713e-10,0.0,0.0
0,4.650753628902246e-72,2.0109849340474193e-52,4.083183086359358e-59,9.095743400885041e-07,2.485923315086564e-16,1.0379350174172512e-11,0.0,0.0
0,0.14339520499219668,0.4302047521117806,0.20257499436054272,0.1427512309477469,0.14773895063174583,0.14493341139476526,0.0,0.0
0,1.3617244589922272e-171,3.972432016193338e-123,3.972432016193338e-123,6.148667831241096e-06,1.7472596146905945e-17,1.0606233789243713e-10,0.0,0.0
0,0.030054628293768294,0.12986055540808583,0.023091243357328352,0.052814508159396076,0.034864625141290864,0.043225045812437975,0.0,0.0
0,4.650753628902246e-72,2.0109849340474193e-52,4.083183086359358e-59,9.095743400885041e-07,2.485923315086564e-16,1.0379350174172512e-11,0.0,0.0
0,4.650753628902246e-72,2.0109849340474193e-52,4.083183086359358e-59,9.095743400885041e-07,2.485923315086564e-16,1.0379350174172512e-11,0.0,0.0
0,7.553935283672841e-52,1.1457691800731802e-37,1.4890948198088017e-42,3.116119807170284e-05,4.715542939418221e-12,9.326096421122639e-09,0.0,0.0
0,4.650753628902246e-72,2.0109849340474193e-52,4.083183086359358e-59,9.095743400885041e-07,2.485923315086564e-16,1.0379350174172512e-11,0.0,0.0
0,1.3617244589922272e-171,3.972432016193338e-123,3.972432016193338e-123,6.148667831241096e-06,1.7472596146905945e-17,1.0606233789243713e-10,0.0,0.0
0,0.14356164604615726,0.4302047521117806,0.20307335592385656,0.14292242404729527,0.14790755110794815,0.1451029634645277,0.0,0.0
0,0.14347840542723667,0.4302047521117806,0.2028240610203021,0.14283680612402602,0.1478232310022244,0.14501816685307545,0.0,0.0
0,1.3617244589922272e-171,3.972432016193338e-123,3.972432016193338e-123,6.148667831241096e-06,1.7472596146905945e-17,1.0606233789243713e-10,0.0,0.0
0,4.650753628902246e-72,2.0109849340474193e-52,4.083183086359358e-59,9.095743400885041e-07,2.485923315086564e-16,1.0379350174172512e-11,0.0,0.0
0,1.3617244589922272e-171,3.972432016193338e-123,3.972432016193338e-123,6.148667831241096e-06,1.7472596146905945e-17,1.0606233789243713e-10,0.0,0.0
0,4.650753628902246e-72,2.0109849340474193e-52,4.083183086359358e-59,9.095743400885041e-07,2.485923315086564e-16,1.0379350174172512e-11,0.0,0.0
0,1.7277717172210888e-84,2.8937039877622792e-46,2.6930326442361303e-49,1.3351203523159698e-06,1.6372948313409206e-16,5.620529799457392e-10,0.0,0.0
0,0.17298971196397822,0.2928121172920032,0.2928121172920032,0.1898791190307609,0.20204210528681063,0.19778144280340798,0.0,0.0
0,0.15909222717349553,0.2928121172920032,0.2928121172920032,0.16934034798122866,0.18437018446645154,0.17722106434800697,0.0,0.0
0,1.7289421298835358e-84,2.8937039877622792e-46,2.697186172755644e-49,1.3360540886576282e-06,1.6383908769487214e-16,5.62437411944548e-10,0.0,0.0
0,4.650753628902246e-72,2.0109849340474193e-52,4.083183086359358e-59,9.095743400885041e-07,2.485923315086564e-16,1.0379350174172512e-11,0.0,0.0
0,0.17298971196397822,0.2928121172920032,0.2928121172920032,0.1898791190307609,0.20204210528681063,0.19778144280340798,0.0,0.0
0,0.20150944244425226,0.44082848959620596,0.24868273970202978,0.18257666863093272,0.19518437104416855,0.19250424347349682,0.0,0.05
0,0.1733857734669348,0.2928121172920032,0.2928121172920032,0.19011892575519507,0.20235013670614244,0.19808179396040335,0.0,0.0
0,0.1727919496693735,0.2928121172920032,0.2928121172920032,0.18975930254103018,0.20188822094761388,0.19763139595410037,0.0,0.0
0,4.650753628902246e-72,2.0109849340474193e-52,4.083183086359358e-59,9.095743400885041e-07,2.485923315086564e-16,1.0379350174172512e-11,0.0,0.0
0,4.650753628902246e-72,2.0109849340474193e-52,4.083183086359358e-59,9.095743400885041e-07,2.485923315086564e-16,1.0379350174172512e-11,0.0,0.0
0,0.1769286345811644,0.44082848959620596,0.24868273970202978,0.17406409306457374,0.18376057715181152,0.1801323350667923,0.0,0.0
0,1.4211752565866247e-171,3.972432016193338e-123,3.972432016193338e-123,6.1918524609368e-06,1.7593742106192092e-17,1.067576150850352e-10,0.0,0.0
0,4.650753628902246e-72,2.0109849340474193e-52,4.083183086359358e-59,9.095743400885041e-07,2.485923315086564e-16,1.0379350174172512e-11,0.0,0.0
0,2.7088494853430643e-08,3.8464847670351156e-10,3.8464847670351156e-10,9.640153773762082e-05,4.1443293850527427e-07,1.5691862490286208e-06,0.0,0.0
0,0.14552933497888657,0.4302047521117806,0.2033228790886355,0.14370173507412798,0.14899126337311222,0.14603964235523714,0.0,0.0
0,1.7277717172210888e-84,2.8937039877622792e-46,2.6930326442361303e-49,1.3351203523159698e-06,1.6372948313409206e-16,5.620529799457392e-10,0.0,0.0
0,3.0439582168465425e-20,0.2928121172920032,0.2928121172920032,1.8339973054865623e-12,3.813363818727225e-14,2.084376926623085e-15,0.0,0.0
0,0.14865126998023204,0.4302047521117806,0.20407281831694768,0.14500729594331058,0.15075757485339225,0.14758303116890908,0.0,0.0
0,1.7277717172210888e-84,2.8937039877622792e-46,2.6930326442361303e-49,1.3351203523159698e-06,1.6372948313409206e-16,5.620529799457392e-10,0.0,0.0
0,0.17298971196397822,0.2928121172920032,0.2928121172920032,0.1898791190307609,0.20204210528681063,0.19778144280340798,0.0,0.0
0,4.650753628902246e-72,2.0109849340474193e-52,4.083183086359358e-59,9.095743400885041e-07,2.485923315086564e-16,1.0379350174172512e-11,0.0,0.0
0,1.3617244589922272e-171,3.972432016193338e-123,3.972432016193338e-123,6.148667831241096e-06,1.7472596146905945e-17,1.0606233789243713e-10,0.0,0.0
0,1.7277717172210888e-84,2.8937039877622792e-46,2.6930326442361303e-49,1.3351203523159698e-06,1.6372948313409206e-16,5.620529799457392e-10,0.0,0.0
0,1.3617244589922272e-171,3.972432016193338e-123,3.972432016193338e-123,6.148667831241096e-06,1.7472596146905945e-17,1.0606233789243713e-10,0.0,0.0
0,0.17318765321201035,0.2928121172920032,0.2928121172920032,0.18999899343361912,0.2021960772048044,0.19793157547003756,0.0,0.0
0,1.7277717172210888e-84,2.8937039877622792e-46,2.6930326442361303e-49,1.3351203523159698e-06,1.6372948313409206e-16,5.620529799457392e-10,0.0,0.0
0,1.3617244589922272e-171,3.972432016193338e-123,3.972432016193338e-123,6.148667831241096e-06,1.7472596146905945e-17,1.0606233789243713e-10,0.0,0.0
0,1.3617244589922272e-171,3.972432016193338e-123,3.972432016193338e-123,6.148667831241096e-06,1.7472596146905945e-17,1.0606233789243713e-10,0.0,0.0
0,4.650753628902246e-72,2.0109849340474193e-52,4.083183086359358e-59,9.095743400885041e-07,2.485923315086564e-16,1.0379350174172512e-11,0.0,0.0
0,1.3617244589922272e-171,3.972432016193338e-123,3.972432016193338e-123,6.148667831241096e-06,1.7472596146905945e-17,1.0606233789243713e-10,0.0,0.0
0,1.7277717172210888e-84,2.8937039877622792e-46,2.6930326442361303e-49,1.3351203523159698e-06,1.6372948313409206e-16,5.620529799457392e-10,0.0,0.0
0,1.3617244589922272e-171,3.972432016193338e-123,3.972432016193338e-123,6.148667831241096e-06,1.7472596146905945e-17,1.0606233789243713e-10,0.0,0.0
0,0.1850609975319129,0.44082848959620596,0.24868273970202978,0.1764572222842516,0.18719338130403704,0.18391398763421704,0.0,0.0
0,1.7277717172210888e-84,2.8937039877622792e-46,2.6930326442361303e-49,1.3351203523159698e-06,1.6372948313409206e-16,5.620529799457392e-10,0.0,0.0
0,1.1687743799235817e-12,0.2928121172920032,0.2928121172920032,7.270824470216879e-09,1.6515807813270292e-10,6.134105030554597e-11,0.0,0.0
0,0.1727919496693735,0.2928121172920032,0.2928121172920032,0.18975930254103018,0.20188822094761388,0.19763139595410037,0.0,0.0
0,9.522724036905385e-13,0.44082848959620596,0.24868273970202978,4.535157869807352e-09,1.335630776770738e-10,7.553547796424537e-11,0.0,0.0
0,1.2490660449003493e-70,1.1117572830309225e-38,2.772692785558468e-41,9.483003177974521e-06,5.292433825038821e-14,1.4663300204242914e-08,0.0,0.0
0,1.2482204858212365e-70,1.1117572830309225e-38,2.768422980723713e-41,9.476375787150533e-06,5.288893309200883e-14,1.4653277681545271e-08,0.0,0.0
0,0.1733857734669348,0.2928121172920032,0.2928121172920032,0.19011892575519507,0.20235013670614244,0.19808179396040335,0.0,0.0
0,4.650753628902246e-72,2.0109849340474193e-52,4.083183086359358e-59,9.095743400885041e-07,2.485923315086564e-16,1.0379350174172512e-11,0.0,0.0
0,4.650753628902246e-72,2.0109849340474193e-52,4.083183086359358e-59,9.095743400885041e-07,2.485923315086564e-16,1.0379350174172512e-11,0.0,0.0
0,1.3617244589922272e-171,3.972432016193338e-123,3.972432016193338e-123,6.148667831241096e-06,1.7472596146905945e-17,1.0606233789243713e-10,0.0,0.0
0,4.650753628902246e-72,2.0109849340474193e-52,4.083183086359358e-59,9.095743400885041e-07,2.485923315086564e-16,1.0379350174172512e-11,0.0,0.0
0,1.7289421298835358e-84,2.8937039877622792e-46,2.697186172755644e-49,1.3360540886576282e-06,1.6383908769487214e-16,5.62437411944548e-10,0.0,0.0
0,1.3617244589922272e-171,3.972432016193338e-123,3.972432016193338e-123,6.148667831241096e-06,1.7472596146905945e-17,1.0606233789243713e-10,0.0,0.0
0,1.3617244589922272e-171,3.972432016193338e-123,3.972432016193338e-123,6.148667831241096e-06,1.7472596146905945e-17,1.0606233789243713e-10,0.0,0.0
0,1.7277717172210888e-84,2.8937039877622792e-46,2.6930326442361303e-49,1.3351203523159698e-06,1.6372948313409206e-16,5.620529799457392e-10,0.0,0.0
0,1.7277717172210888e-84,2.8937039877622792e-46,2.6930326442361303e-49,1.3351203523159698e-06,1.6372948313409206e-16,5.620529799457392e-10,0.0,0.0
0,4.650753628902246e-72,2.0109849340474193e-52,4.083183086359358e-59,9.095743400885041e-07,2.485923315086564e-16,1.0379350174172512e-11,0.0,0.0
0,4.650753628902246e-72,2.0109849340474193e-52,4.083183086359358e-59,9.095743400885041e-07,2.485923315086564e-16,1.0379350174172512e-11,0.0,0.0
0,1.3617244589922272e-171,3.972432016193338e-123,3.972432016193338e-123,6.148667831241096e-06,1.7472596146905945e-17,1.0606233789243713e-10,0.0,0.0
0,1.7277717172210888e-84,2.8937039877622792e-46,2.6930326442361303e-49,1.3351203523159698e-06,1.6372948313409206e-16,5.620529799457392e-10,0.0,0.0
0,1.7277717172210888e-84,2.8937039877622792e-46,2.6930326442361303e-49,1.3351203523159698e-06,1.6372948313409206e-16,5.620529799457392e-10,0.0,0.0
0,1.3617244589922272e-171,3.972432016193338e-123,3.972432016193338e-123,6.148667831241096e-06,1.7472596146905945e-17,1.0606233789243713e-10,0.0,0.0
0,4.650753628902246e-72,2.0109849340474193e-52,4.083183086359358e-59,9.095743400885041e-07,2.485923315086564e-16,1.0379350174172512e-11,0.0,0.0
0,4.650753628902246e-72,2.0109849340474193e-52,4.083183086359358e-59,9.095743400885041e-07,2.485923315086564e-16,1.0379350174172512e-11,0.0,0.0
0,1.3617244589922272e-171,3.972432016193338e-123,3.972432016193338e-123,6.148667831241096e-06,1.7472596146905945e-17,1.0606233789243713e-10,0.0,0.0
0,1.3617244589922272e-171,3.972432016193338e-123,3.972432016193338e-123,6.148667831241096e-06,1.7472596146905945e-17,1.0606233789243713e-10,0.0,0.0
0,2.5584131458703234e-10,9.506207276598195e-15,2.523026157223316e-14,2.393690415442294e-06,2.002724033558079e-09,1.2298268388007378e-08,0.0,0.0
0,1.7277717172210888e-84,2.8937039877622792e-46,2.6930326442361303e-49,1.3351203523159698e-06,1.6372948313409206e-16,5.620529799457392e-10,0.0,0.0
0,1.3617244589922272e-171,3.972432016193338e-123,3.972432016193338e-123,6.148667831241096e-06,1.7472596146905945e-17,1.0606233789243713e-10,0.0,0.0
0,1.7277717172210888e-84,2.8937039877622792e-46,2.6930326442361303e-49,1.3351203523159698e-06,1.6372948313409206e-16,5.620529799457392e-10,0.0,0.0
0,1.3617244589922272e-171,3.972432016193338e-123,3.972432016193338e-123,6.148667831241096e-06,1.7472596146905945e-17,1.0606233789243713e-10,0.0,0.0
0,1.3617244589922272e-171,3.972432016193338e-123,3.972432016193338e-123,6.148667831241096e-06,1.7472596146905945e-17,1.0606233789243713e-10,0.0,0.0
0,0.1727919496693735,0.2928121172920032,0.2928121172920032,0.18975930254103018,0.20188822094761388,0.19763139595410037,0.0,0.0
0,0.17684373932761552,0.44082848959620596,0.24868273970202978,0.17399446302630278,0.18369891586243037,0.1800667300079809,0.0,0.0
0,0.18742798960792326,0.44082848959620596,0.24868273970202978,0.1774446751768948,0.18863467957414692,0.1853769365392189,0.0,0.0
0,1.3617244589922272e-171,3.972432016193338e-123,3.972432016193338e-123,6.148667831241096e-06,1.7472596146905945e-17,1.0606233789243713e-10,0.0,0.0
0,1.7277717172210888e-84,2.8937039877622792e-46,2.6930326442361303e-49,1.3351203523159698e-06,1.6372948313409206e-16,5.620529799457392e-10,0.0,0.0
0,4.650753628902246e-72,2.0109849340474193e-52,4.083183086359358e-59,9.095743400885041e-07,2.485923315086564e-16,1.0379350174172512e-11,0.0,0.0
0,1.3617244589922272e-171,3.972432016193338e-123,3.972432016193338e-123,6.148667831241096e-06,1.7472596146905945e-17,1.0606233789243713e-10,0.0,0.0
0,9.584917205593075e-67,2.8221088079561624e-33,1.4279800632227645e-35,1.872679564349298e-11,4.706235909496756e-18,2.211652460776012e-14,0.0,0.0
0,3.466568760604526e-10,0.44082848959620596,0.24868273970202978,1.9960549356053346e-09,9.093001676410779e-10,1.388460136883695e-10,0.0,0.01
0,0.015055991561162593,9.46519603098843e-09,9.46519603098843e-09,0.27180706307219643,0.03669951523157809,0.10756735326639491,0.0,0.02
0,1.3617244589922272e-171,3.972432016193338e-123,3.972432016193338e-123,6.148667831241096e-06,1.7472596146905945e-17,1.0606233789243713e-10,0.0,0.0
0,0.17982376739721137,0.44082848959620596,0.24868273970202978,0.17520095948082937,0.1853505971827729,0.18178984791248998,0.0,0.0
0,0.015343093243302639,0.2928121172920032,0.2928121172920032,0.06705408991304891,0.04631994787131746,0.03848650564952969,0.5555555555555556,0.26
0,0.1727919496693735,0.2928121172920032,0.2928121172920032,0.18975930254103018,0.20188822094761388,0.19763139595410037,0.0,0.0
0,0.06298829760827884,0.2928121172920032,0.2928121172920032,0.08068911092469887,0.09799583738771003,0.08518576033223456,0.0,0.04
0,0.14339520499219668,0.4302047521117806,0.20257499436054272,0.1427512309477469,0.14773895063174583,0.14493341139476526,0.0,0.0
0,0.1727919496693735,0.2928121172920032,0.2928121172920032,0.18975930254103018,0.20188822094761388,0.19763139595410037,0.0,0.0
0,0.17684373932761552,0.44082848959620596,0.24868273970202978,0.17399446302630278,0.18369891586243037,0.1800667300079809,0.0,0.0
0,0.1727919496693735,0.2928121172920032,0.2928121172920032,0.18975930254103018,0.20188822094761388,0.19763139595410037,0.0,0.0
0,0.17675887606108423,0.44082848959620596,0.24868273970202978,0.17392485497638413,0.18363727060867652,0.1800011435970127,0.0,0.0
0,0.14347840542723667,0.4302047521117806,0.2028240610203021,0.14283680612402602,0.1478232310022244,0.14501816685307545,0.0,0.0
0,0.14339520499219668,0.4302047521117806,0.20257499436054272,0.1427512309477469,0.14773895063174583,0.14493341139476526,0.0,0.0
0,0.1727919496693735,0.2928121172920032,0.2928121172920032,0.18975930254103018,0.20188822094761388,0.19763139595410037,0.0,0.0
0,0.14339520499219668,0.4302047521117806,0.20257499436054272,0.1427512309477469,0.14773895063174583,0.14493341139476526,0.0,0.0
0,0.14577640665106706,0.4302047521117806,0.2033228790886355,0.1439000293045591,0.14907373386151404,0.14618013867516413,0.0,0.0
0,2.3698823455979525e-19,0.0010078600111778676,0.0010078600111778676,9.84120205406488e-10,1.0677719282867548e-12,5.586759336246282e-13,0.0,0.01
0,0.08333201447295908,0.4302047521117806,0.12301530611355033,0.071485641234152,0.07807125468782979,0.07536288621871032,0.0,0.16
0,0.008803992973357965,0.006378194853424813,0.006378194853424813,0.068411143198384,0.023997512518310983,0.02713991113735419,0.0,0.14
0,5.748917640725917e-15,2.3497767438553115e-19,2.382339766540638e-19,1.0247252119296864e-06,6.847482690031419e-13,8.638375977831279e-10,0.625,0.16
0,0.038043024659110615,0.44082848959620596,0.24868273970202978,0.06867568887681798,0.057139184464540374,0.04930457267922272,0.0,0.13
0,0.23705362270088803,0.12370601293031369,0.12370601293031369,0.2456013460776581,0.26015562218768384,0.25088070980524446,0.0,0.08
0,0.009003610734245888,0.44082848959620596,0.35064632677995006,0.015483397067104441,0.012483009759006606,0.00924229076754596,0.0,0.12
0,0.019931870654597485,0.34271491459582154,0.34271491459582154,0.026248787258963766,0.03495325683827505,0.027329768232323016,0.0,0.08
0,1.4931143408512008e-23,1.2178683500046515e-14,1.3382413048890266e-15,9.359225185915962e-07,5.037554795341331e-11,7.968462962550557e-09,0.0,0.01
0,1.9634098794372395e-10,1.4128637794958942e-07,1.4128637794958942e-07,0.11733593483557359,0.03417473507315114,0.07013984643269448,0.0,0.03
0,0.17605001912275772,0.2928121172920032,0.2928121172920032,0.2211693912732938,0.2241689096094699,0.2168995089169303,0.42857142857142855,0.35
0,3.863928725742045e-06,2.705364074777004e-07,2.738440923990284e-07,0.00040112377333986846,1.5539486777038116e-05,3.261893890526198e-05,0.0,0.07
0,3.359306366212881e-06,0.0013139788225935182,5.4839323974574366e-06,2.1359535290038555e-05,7.070475009217021e-06,1.3401929530513901e-05,0.2,0.01
0,1.3070944899602152e-08,0.2928121172920032,0.2928121172920032,5.7108879843823005e-05,2.0644977239588123e-06,1.4455647490562437e-06,0.0,0.05
0,1.9677217589763954e-05,0.44082848959620596,0.00011023427135190914,0.00405041726366998,0.0003883347285543235,0.0005774700863396599,0.0,0.11
0,9.021150412657745e-16,2.40347375620712e-09,2.40347375620712e-09,0.004218973358364,0.00019051583674814385,0.0004677239716470371,0.0,0.04
0,0.025501864771020455,0.20865878882935415,0.20865878882935415,0.16779886112412656,0.12421284040058339,0.1300101301524031,0.0,0.05
0,0.08713997359230516,0.08060274693825602,0.10473042104698113,0.12313359978747788,0.10862831012567284,0.10722550196220547,0.0,0.0
0,0.01622917536527118,0.06458528619040164,0.021278794036389725,0.03008895575717687,0.02217880457376683,0.024234526613553107,0.0,0.01
0,4.951419073845334e-24,2.7591881443937363e-17,2.7591881443937363e-17,3.301549738438623e-05,1.8754865539700752e-07,9.243140333993408e-07,0.0,0.02
0,0.21525911532672512,0.44082848959620596,0.45471639192736435,0.185556291903532,0.2010296461582136,0.19155935942237676,0.0,0.01
0,0.04843522996283333,0.2029677686783548,0.11275931642725052,0.09283110853181578,0.06307176831309351,0.07346025344509713,0.0,0.16
0,0.0056377061702896185,0.0020127657396541996,0.0020127657396541996,0.029412291402129365,0.009716632104088506,0.011683318357580885,0.0,0.05
0,4.0110973657670235e-13,4.07043054362699e-06,8.112813505833814e-10,0.00032753477284658733,2.4735729900867648e-05,0.00012865776981612305,0.0,0.0
0,0.00033033375485297476,0.010295507109345304,0.005152173259430454,0.0075333066094527565,0.0037857698739459716,0.004099475967606536,0.0,0.02
0,5.963113295890069e-09,3.3473907289555344e-09,3.7584018669612683e-10,0.00016709094520738686,3.0044727518163683e-07,7.3685901526265e-06,0.0,0.0
0,0.0204198466285272,0.26719694894361024,0.0427012265418265,0.050913171726282916,0.029168868212443595,0.03717814401888127,0.0,0.0
0,1.2160985946221493e-07,5.721685668143824e-07,5.721685668143824e-07,0.0018649009089671948,0.00010420057500806095,0.00019996273886214156,0.0,0.01
0,6.302320850924565e-05,0.016708447356582896,0.002885791949789142,0.09865919394667838,0.04264473467541033,0.07587537030726184,0.0,0.09
0,0.027568172913669312,0.44082907836288393,0.23647375365510756,0.20368096492182114,0.1509252645493781,0.15034558407114804,0.0,0.1
0,0.14347840542723667,0.4302047521117806,0.2028240610203021,0.14283680612402602,0.1478232310022244,0.14501816685307545,0.0,0.0
0,0.0036340794952574723,0.4302047521117806,0.027221859517483484,0.007525182069235915,0.004776793244433753,0.005389242605246875,0.0,0.02
0,0.009643877385729279,0.1569326191718499,0.1569326191718499,0.04177019086813666,0.023372603048645295,0.02134451365823606,0.0,0.01
0,9.022354003762581e-25,5.2186905370790724e-18,5.2186905370790724e-18,0.08427907403352855,0.0022913404489736926,0.019590644531113966,0.0,0.01
0,7.245811782154685e-09,0.0001501226570633026,9.021049350866071e-06,0.02013099071258547,0.002685700487635547,0.009550556948868989,0.0,0.0
0,1.554557325908048e-12,0.4920317891755513,0.013849610356716485,0.00034186616647339586,0.00010394769002047235,9.845118938059799e-05,0.0,0.15
0,9.591882642767403e-12,0.2928121172920032,0.2928121172920032,5.510679640317237e-11,1.9209015738471722e-11,4.166030078979601e-12,0.0,0.0
0,0.41789816611472,0.44082848959620596,0.24868273970202978,0.41414471648091666,0.4190548380491479,0.41824386170323713,0.3333333333333333,0.1
0,0.001259071791046744,0.4302047521117806,0.00043570458091586416,0.001662571958555299,0.001371668049875159,0.0014767768006607083,0.2857142857142857,0.08
0,0.2077925881029612,0.4119382111430059,0.3531428489075237,0.12491514509459811,0.1548259461261872,0.12898036345098707,0.0,0.07
0,2.2697015339409604e-24,0.4302047521117806,1.9082583295707636e-30,0.0014929816353369942,5.13771849293341e-05,0.0003153173117138605,0.0,0.18
0,2.9677394003564425e-05,0.0003931711303006591,0.00042033170334736903,0.22426176568160777,0.0750513617437138,0.13179099924450238,0.4,0.22
0,1.7432711940641234e-26,6.662463366071249e-15,5.339005899952344e-16,9.004615835081008e-05,4.174767896533057e-08,4.962808255351419e-06,0.0,0.03
0,0.017241441582137588,0.4302047521117806,0.05050644053916587,0.017135757334357547,0.018633863110638048,0.017686767186005887,0.0,0.0
0,0.04482968189352681,0.2928121172920032,0.2928121172920032,0.05302503476996167,0.04875387326864148,0.043566311494930676,0.5555555555555556,0.03
0,0.08923844824681024,0.44082848959620596,0.24868273970202978,0.07061650308914931,0.08355316725751419,0.07415797589168896,0.0,0.03
0,4.941847884204762e-09,1.5575362334365692e-06,1.9903840657424656e-06,0.00014354504460988127,1.5903388109123778e-05,1.1498389084050171e-05,0.0,0.07
0,0.0023277714223761395,0.010412401221243869,0.010412401221243869,0.02046583680226144,0.007565580632333054,0.007936828102711083,0.0,0.01
0,0.6281586272766202,0.8471776107136049,0.8471776107136049,0.4887347848197123,0.514425491513937,0.5183337685463396,1.0,0.58
0,4.891042897549722e-16,1.0697753453991335e-09,9.696010534850796e-11,4.910539301499946e-08,1.2261295272967856e-10,2.494868421104388e-09,0.0,0.02
0,0.0031333513984662894,0.000624959119332355,0.000624959119332355,0.028212481299825128,0.005529824585243289,0.008344324539555852,0.0,0.12
0,5.039244263841326e-06,0.003655943643516809,5.683071330244597e-06,0.0009054639038990786,2.895405927924015e-05,0.00013608366783674907,0.0,0.0
0,0.046349781091305435,0.14284211702374622,0.14284211702374622,0.08187218798996573,0.062392468916511915,0.06091679750424637,0.0,0.04
0,0.002000029510074671,0.07382361138291418,0.008374870279827865,0.07654578370946477,0.05282444032441385,0.0680410010787889,0.0,0.0
0,0.06693088019920121,0.21064319459974082,0.21064319459974082,0.0968177653256061,0.08610944637426374,0.08193957197902843,0.0,0.0
0,1.1978595529762476e-36,1.2591188260144948e-26,3.6762967934240204e-30,0.0004654808551407823,8.144024253808566e-09,1.655797787843262e-06,0.0,0.02
0,0.06910253713220221,0.596247014880145,0.14268869302300846,0.07811048774415787,0.07331774202567075,0.07341198296188105,0.0,0.02
0,0.17578372553355798,0.4302047521117806,0.2698029451551843,0.16243248340665498,0.16418020287289734,0.1585200118086162,0.0,0.06
0,3.1517062123419427e-105,1.280349491587505e-57,2.73471881956027e-61,7.158751929346916e-08,2.895931441107646e-20,4.3007143400672906e-12,0.0,0.0
0,5.08399367047297e-76,2.5756044661429387e-08,2.5756044661429387e-08,0.0006334027443684842,2.748072440828521e-05,4.042817617717553e-05,0.0,0.01
0,1.6183218077150542e-26,1.290067787193485e-08,2.7647545126856062e-30,1.8707734097717427e-06,1.0750894157228393e-09,3.534524900220284e-08,0.0,0.06
0,3.2414570612295372e-06,0.0002239719109237515,4.01778582903937e-06,0.00017575172438428973,1.7550117081612183e-05,5.2444024803630254e-05,0.0,0.07
0,0.016254372232439942,0.14972416735443272,0.05234782584512069,0.04638832549959064,0.0204060420586893,0.028342790035531154,0.0,0.0
0,2.983178954139581e-07,0.0001242272354684451,2.3203477486007782e-05,0.01629306380732111,0.0008182370044494258,0.004078435420678227,0.0,0.02
0,0.003152343953299075,0.42179847989334524,0.42179847989334524,0.005765215043142108,0.004333761539556846,0.0036116790387346167,0.0,0.09
0,0.18003735085841296,0.44082848959620596,0.24868273970202978,0.17518239925749704,0.1853497204966112,0.1818106044649695,0.0,0.0
0,0.00014771776179500686,0.039282289895089424,0.0004697625589637725,0.00334418313444777,0.00045180322317955093,0.0011269780343903589,0.0,0.02
0,0.1395830955895136,0.07239210890653862,0.07239210890653862,0.24807600870100657,0.1737224203969303,0.1905579113082758,0.2857142857142857,0.16
0,1.2327821072817559e-12,6.2500431357579375e-06,5.750364814203132e-08,0.01909712368761969,0.0007441577730306988,0.005437574000306064,0.0,0.03
0,4.3771533111988466e-21,1.183195428002058e-14,1.183195428002058e-14,0.014167524347750293,0.0007701450668628076,0.003882062430499079,0.0,0.01
0,0.9976397287904982,0.9998172854112293,0.9998172854112293,0.9485380950596428,0.9705437564043118,0.9624409507089713,0.0,0.19
0,0.0015460128078297799,0.018826631621678958,0.004659623703273437,0.019190274922914852,0.003897082022191727,0.007375895862274135,0.0,0.07
0,1.235930091613832e-10,0.44082848959620596,2.2980517906568383e-07,4.7295186059220655e-06,3.8345157606315935e-08,7.450304590505946e-08,0.0,0.0
0,0.49882381567916556,0.44082848959620596,0.24868273970202978,0.25853990816043343,0.36391358939987545,0.3330690733404479,0.0,0.05
0,0.0006747673785241709,0.44082848959620596,0.002043821802173857,0.01810712836225554,0.004381981479851384,0.00554521638996515,0.0,0.01
0,0.35524008958873815,0.4302047521117806,0.6215893067417408,0.43185431427800286,0.38962615424090574,0.40170186229570887,0.0,0.0
0,0.14339520499219668,0.4302047521117806,0.20257499436054272,0.1427512309477469,0.14773895063174583,0.14493341139476526,0.0,0.0
0,4.1912954841168387e-07,0.2928121172920032,0.2928121172920032,0.000736380536305383,5.7023396751594576e-05,4.770789881606505e-05,0.0,0.0
0,1.7761895721884046e-11,5.040610589654173e-09,6.219037011556276e-10,1.5037953028400854e-05,3.2502510128761885e-08,6.3668643063813e-07,0.3333333333333333,0.01
0,0.005319715930531726,0.4302047521117806,0.006068611719932007,0.01920183352100229,0.008489637042899841,0.011310763535019926,0.0,0.03
0,0.011876864829040495,0.6679609271525135,0.011905909328285122,0.04509309800653223,0.020152782035675977,0.02709955199173175,0.0,0.03
0,0.0007483952278167084,0.004443813296511695,0.004443813296511695,0.003953833672040576,0.001441405732362611,0.0013003144432902696,0.0,0.06
0,0.007082311314213728,0.033191712548640444,0.033191712548640444,0.03437076449953356,0.01636644497145188,0.01711039014998369,0.2857142857142857,0.04
0,1.1601514328316157e-11,0.0005290611444217546,4.230886676781607e-09,0.0002386634546956583,2.0976019451390542e-06,6.333014499184687e-06,0.0,0.0
0,0.9237418162224766,0.9241386908310237,0.9241386908310237,0.7863840046592526,0.9160319931039815,0.904224806648946,0.5,0.59
0,0.012664713876829372,0.00769823975667484,0.005364780754634412,0.11175286731580139,0.02184468633757855,0.05253806120654666,0.0,0.03833333333333334
0,0.0007854518480089704,5.309118582548179e-05,2.4941154851929603e-05,0.028777676123974135,0.0016486432258836505,0.007014964067195854,0.0,0.16
0,3.5605072533533365e-08,0.0010785168740102527,3.7620305240326466e-07,0.003907511501914948,0.00017101820022734297,0.00043471709901597385,0.4,0.21
0,0.00018571401217844767,0.44082848959620596,0.2086773476226296,0.003284271815639124,0.0010963533168024684,0.000839052258277081,0.0,0.06
0,0.028634866138691806,0.008452192324117794,0.008452192324117794,0.10735725255827873,0.04150691110628216,0.054471227335655965,0.0,0.0
0,0.01665475122465078,0.056407524177909694,0.056407524177909694,0.03571687848631088,0.026993924709469874,0.025887742577542384,0.0,0.03
0,7.901802120737408e-24,1.0533565161258078e-10,1.0363902626304335e-11,2.342075090001991e-07,8.594626832723669e-09,1.1941445925792448e-07,0.14285714285714285,0.03
0,7.307918944244465e-11,1.4128637794958942e-07,1.4128637794958942e-07,0.0732899180361187,0.016746332936717474,0.034938094891277624,0.0,0.05
0,0.41218417547210356,0.2928121172920032,0.2928121172920032,0.3890093452923794,0.4241176924175025,0.4048349478437513,0.0,0.03
0,0.027350763283587147,0.05079463241668754,0.017042616895795084,0.06812149384229448,0.03456055191495208,0.05002123952780544,0.0,0.01
0,0.0012025108762829925,0.019447617611251498,0.00886223699417507,0.013944916738088542,0.0032218825339227638,0.006221280786403724,0.0,0.0
0,4.479083437191532e-05,0.0008016116612042254,0.0007350834864083419,0.17651697940392877,0.06515203987031223,0.10702814948819689,0.4,0.07
0,0.0829397212885095,0.44082848959620596,0.21150598215804628,0.11518689540946653,0.11061835302616539,0.09951165589183779,0.0,0.08
0,9.175201321638208e-09,0.4302047521117806,1.6188500845084536e-09,2.471868635732559e-05,1.7078954212619813e-07,8.211167865076228e-07,0.2,0.1
0,0.01347175311165467,0.02361718545578546,0.010127697459049052,0.07764578384150325,0.0227061974380676,0.04279139481216431,0.0,0.01
0,0.005049089310484197,0.007523518571639255,0.012116866333229717,0.014739379677962622,0.007216457689090106,0.007062661082340705,1.0,0.16
0,0.3301066265350506,0.4302047521117806,0.48624386586235274,0.3026141034615266,0.3661516494488489,0.3572830497440145,0.25,0.26
0,0.01099532762702316,0.2928121172920032,0.2928121172920032,0.01848036442489069,0.01725659736498962,0.014324064611930792,0.0,0.01
0,4.60180497014378e-55,8.152493906248147e-11,8.152493906248147e-11,4.915239936406409e-06,1.880454409454988e-06,2.383733681867974e-07,0.2,0.02
0,0.11802490182115079,0.00932807474366122,0.00932807474366122,0.19407801538942004,0.14415646733964238,0.16420243320458897,0.0,0.08
0,0.006978036087374307,0.4302047521117806,0.00026662242213092125,0.00282631720217337,0.00444500602662326,0.0034962999394164917,0.0,0.04
0,3.3030194414579544e-19,1.4039849252987013e-12,1.4039849252987013e-12,0.003046726426219253,0.00015288392627771152,0.000563782869246938,0.2,0.11
0,0.09865126592149764,0.1851034432101588,0.19917206352344452,0.1059845638893394,0.09952331516690692,0.095494618469932,0.0,0.34
0,0.2818996049299312,0.44082848959620596,0.2879516299022928,0.24909632369845186,0.27317471669256144,0.26934713262754995,0.0,0.2125
0,0.46898910137882804,0.6064399030678821,0.6064399030678821,0.28519392631239016,0.3299490301657931,0.31652468876174056,0.8,0.23
0,0.0014252051794262815,0.0004751130259558461,0.00043367068550418357,0.018312316997994668,0.003460993115062892,0.005157447244489178,0.0,0.02
0,0.27532408550540544,0.44082848959620596,0.24868273970202978,0.26444131560909984,0.2745353556545239,0.27206464019694315,0.0,0.09
0,5.879193542897563e-07,2.971465028013234e-05,1.4567777917546214e-05,0.01799159669621986,0.0013795312391320647,0.002425445822788156,0.0,0.03
0,0.8576518904782997,0.44082848959620596,0.24868273970202978,0.3826411581116554,0.621003560142101,0.5605548011222123,0.6,0.52
0,0.3148229234370073,0.6412028389767598,0.40395719019769655,0.3081472889843273,0.29705808212740337,0.2914778780153401,0.0,0.39
0,0.06700984415301504,0.4940426419101688,0.4940426419101688,0.11148788872568226,0.09377082187041137,0.087783776056326,0.0,0.12
0,0.1514515773090853,0.2928121172920032,0.2928121172920032,0.18224122848951047,0.19246120649926482,0.18434531432037277,0.42857142857142855,0.15
0,6.223049609378864e-28,1.3530927701256485e-19,1.3530927701256485e-19,0.013121532712835025,0.00022320095844238406,0.00210182967777453,0.0,0.0
0,0.0010864345465914013,0.11877915595527125,0.059849943505971545,0.0016543449999417282,0.0015318112544032497,0.0011303849897860005,0.0,0.04
0,1.6870677282121802e-14,0.4302047521117806,2.8879539543468707e-17,0.04408938533312763,0.006179191499437839,0.01797025180809081,0.0,0.09
0,1.056605949802349e-33,0.44082848959620596,0.0671002715879842,0.0027864921782743872,3.453630325822129e-05,4.658418956683556e-05,0.0,0.21
0,0.7548029708441546,0.9853888706087048,0.9853888706087048,0.812718047682426,0.7736955032223968,0.7823545564151723,0.0,0.16
0,0.000162910444562361,0.0001260828560102941,8.75336475953205e-05,0.00485412472778343,0.0005283626606421907,0.0007789586245242809,0.0,0.02
0,0.010990176690777833,0.04803379945182092,0.04803379945182092,0.033603108991889626,0.021575954295386605,0.021774355743468667,0.0,0.0
0,4.298404132893549e-06,0.4302047521117806,1.7092512671268593e-06,0.0004647447329745969,2.4908016106348347e-05,7.340708596021559e-05,0.125,0.42
0,0.1850609975319129,0.44082848959620596,0.24868273970202978,0.1764572222842516,0.18719338130403704,0.18391398763421704,0.0,0.0
0,0.00890075615033677,0.04621692483267864,0.04006037481608601,0.048542170265090626,0.01634782976805839,0.027159720891923835,0.0,0.01
0,7.73823456854683e-20,8.495609512831882e-13,4.949245152167274e-14,4.181015919248163e-08,1.563825918647633e-11,8.471244339035658e-10,0.0,0.0
0,1.8602308853446185e-07,3.3840487618959494e-05,3.3840487618959494e-05,0.08765949793719664,0.035945328990826975,0.05295607347820774,0.2,0.11
0,0.05103420948643747,0.13327603975594315,0.13327603975594315,0.11348485802479502,0.08034725607670753,0.08359338702715563,0.25,0.04
0,1.3297033400629797e-18,5.7925771035821855e-12,6.21192738914664e-17,4.317705998066046e-12,1.52939097506806e-16,6.634323779404382e-15,0.0,0.05
0,0.007981547468279705,0.01160182617958107,0.007489566122673959,0.04367907639332027,0.014176231448428328,0.016150578139458797,0.0,0.04
0,2.1823327083258393e-07,0.8625723072939431,5.512878574901271e-07,0.00012058863362272663,2.379611466186656e-06,8.190091298143244e-06,0.0,0.22
0,0.01763357186890658,0.0024901274947387217,0.0024901274947387217,0.08995239794690561,0.026544901642531763,0.03837747347978636,0.1111111111111111,0.02
0,0.0022236788866011664,0.00832107809565531,0.002629004094280135,0.006128892855361123,0.0030705459504136614,0.003833051795008359,0.0,0.0
0,4.1462389314738863e-07,2.1589768437987004e-06,1.6695731205133917e-06,9.80572992492328e-05,3.0745269108786857e-06,4.836688626184933e-06,0.0,0.0
0,0.0006893890936482811,0.012291095077735651,0.0012910766555995787,0.029107398287807,0.010780871647556827,0.012983705002535336,0.0,0.02
0,0.42519924325092645,0.44082848959620596,0.9969711250700088,0.45671076108736963,0.4081899106579719,0.3555369345386016,0.0,0.09
0,1.4113312751558468e-26,4.790805764455168e-19,4.790805764455168e-19,0.04487885372442304,0.0008310139080167549,0.007488816940908365,0.0,0.0
0,0.002773623687943088,0.008759756989428932,0.0014895644091872113,0.014793721155939073,0.004258420247898196,0.007555181040284659,0.0,0.0
0,1.182584902445468e-10,1.6744020816902694e-06,2.528019967561335e-07,0.00027903338836485567,2.5581876960964582e-05,3.2141762908161655e-05,0.0,0.0
0,5.877643662769638e-11,1.5473675913739252e-07,9.810140510466662e-09,0.01657182558592588,0.00101661989304392,0.0035309572437242386,0.2,0.15
0,0.14082668177806135,0.2928121172920032,0.2928121172920032,0.14763006293857736,0.15798796415224847,0.15025460377004876,0.0,0.06
0,0.00022928045262710892,0.010332905262306362,0.002620067781250871,0.08213439050928972,0.03593153144194832,0.051214266710638216,0.0,0.02
0,0.8857253780983446,0.2928121172920032,0.2928121172920032,0.8817579592022221,0.8755035958104165,0.8764895715062445,0.0,0.0
0,0.9725616392154304,0.5463566468801789,0.9712877765955841,0.9338384397619245,0.9645149740626023,0.9523148968120141,1.0,0.68
0,0.10908599051981535,0.5642205866908642,0.4033453061612399,0.07235101779169967,0.1045893481099124,0.07413285349360194,0.2,0.12
0,7.119694248624091e-06,0.2928121172920032,0.2928121172920032,0.0017867350006512321,0.00016356719951681476,0.00012846426264373335,0.8333333333333334,0.23
0,8.04901128659052e-05,0.2928121172920032,0.2928121172920032,0.011403792572831603,0.0023553681202028967,0.001981362607544089,0.0,0.08
0,1.0322457698222286e-08,0.00022490065655044502,1.291571102430337e-05,4.084788455976052e-05,3.0015227443140916e-06,2.960155625994782e-06,0.0,0.025
0,2.891105325585945e-07,0.0017218638372289879,7.44842227681299e-05,0.0001534586081161518,1.4196703567811456e-05,1.6759359783104513e-05,0.0,0.0
0,0.014031129795079363,0.12648525354185985,0.06034807720453353,0.0344147453304484,0.02349583681703869,0.021753738295711273,0.0,0.0
0,0.02473094146286013,0.4480216286284558,0.06809051499996498,0.044263635331739604,0.03138759451107695,0.036017588767926136,0.0,0.11
0,7.135783394423501e-05,0.16190683653465698,8.920593607198542e-05,0.007648262743885673,0.0022079313515661783,0.003971835803212506,0.0,0.14
0,1.2654715587844894e-12,2.1637396317454819e-16,2.1637396317454819e-16,5.192103079502109e-07,4.881056213079884e-11,4.684955091015024e-10,0.4,0.21
0,5.383657457924602e-12,0.2928121172920032,0.2928121172920032,1.8358362584789102e-06,1.0815074897978538e-08,6.765296342070188e-09,0.0,0.0
0,0.0019031004238996272,0.00017787297478671888,0.00014176159221682876,0.019762149916473206,0.0030599064253415977,0.005062322140318584,0.0,0.07
0,0.00034200074471575783,0.01905562432349854,0.034480804674033215,0.11330809268489879,0.056715418674253344,0.08688378236046566,0.0,0.0
0,0.17594547389521698,0.4302047521117806,0.24072151588452298,0.16618510553517163,0.17627430868741584,0.17122432098758533,0.0,0.02
0,2.464538719691302e-09,2.233650360525287e-05,1.7130424752347024e-05,2.548630544008144e-06,8.832920010475877e-08,7.888139676663255e-08,0.0,0.01
0,0.0002256804284814315,0.011930321979700759,0.012539717147259913,0.0011459187647940993,0.0004964689199236904,0.0007913453397455167,0.2,0.12
0,7.452785145997333e-15,6.531295027873469e-10,6.531295027873469e-10,0.1163153562095614,0.017022712376062683,0.05139564348779663,0.0,0.02
0,5.3093786291979865e-05,0.011384752501146792,0.0005647816835608367,0.13274399407022122,0.03679520315173411,0.08241419536522704,0.0,0.1
0,0.0003271689171128995,7.071794981510024e-05,2.7831705918137525e-05,0.022045194310029197,0.0009565030702339781,0.004846602114690354,0.0,0.01
0,1.2996531676614754e-12,1.8401990816394242e-09,2.4243685344375434e-09,1.9743331934219193e-08,8.10364336193689e-11,1.0603343348062637e-10,0.0,0.01
0,3.513871867370136e-22,1.2199280643475506e-12,2.006357391389785e-15,1.1177395469188432e-10,3.0551928078121663e-13,1.1485257511497518e-13,0.0,0.01
0,0.06442641756006805,0.07671311340144954,0.02269602955108082,0.06952494366140538,0.058282127276318554,0.06113079411045301,0.0,0.0
0,0.17004453195912894,0.8026167854859791,0.24260520297917337,0.18741065032582388,0.18051265573634268,0.18236300018795676,0.0,0.04
0,0.0018878047383030737,0.119469008841895,0.0159948915410025,0.009793611993611092,0.004135749451016618,0.0040011081406830145,0.0,0.02
0,1.5147089488845798e-53,0.000981163115288394,0.000981163115288394,0.001776251790104278,0.00020902449176597355,0.00025906780250531224,0.0,0.03
0,2.3493403067451303e-05,0.0010163827817066416,0.00018916727306567886,0.08339786627551457,0.02829464521339205,0.04630261141653339,0.0,0.03
0,1.3067326170289024e-05,0.0037149375646647015,0.0005016791534926236,0.003410755500936278,0.0005226572054946382,0.0013503516024733727,0.0,0.0
0,4.123603130801186e-55,9.454895824172116e-19,9.454895824172116e-19,7.973820198660206e-05,4.529824529096086e-06,3.771248528296175e-06,0.375,0.02
0,0.008696525069485695,0.020041579171712707,0.25098304510399533,0.039426729564033154,0.01602672277757267,0.022796932465752977,0.2,0.1
0,0.027619420324250767,0.4302047521117806,0.16313765360841892,0.02561056170048731,0.027936953687038343,0.02137760868281204,0.0,0.05
0,2.2719855514689045e-06,0.001737850282056008,0.0010380672304661405,2.2042746278386097e-05,4.375306573572197e-06,3.1013348380810473e-06,0.0,0.0
0,0.07890563779397101,0.06319571680525099,0.02558935625919321,0.15358174522122942,0.10130342747692807,0.12249652773529077,0.0,0.2
0,0.9311107940204738,0.8405955274523764,0.8405955274523764,0.8568242511799881,0.9205301567842401,0.9162023557910908,0.5,0.79
0,2.068245593601335e-33,2.6020237406103073e-18,9.094859427859245e-20,0.001825391839356455,2.8970468446228613e-07,9.30830877810952e-05,0.0,0.0
0,0.24700095726064022,0.44082848959620596,0.9463486920972943,0.16166891995525184,0.33916069524662007,0.29365860044534176,0.0,0.42
0,3.162448546727439e-07,0.0008016116612042254,0.00014489306111707638,0.005420637029832191,0.0010104311862222106,0.0016675592426102217,0.0,0.0
0,0.005760068674029685,0.055021976084186776,0.004181534831329856,0.13472092035024505,0.0630635588139778,0.08478626637826747,0.0,0.04
0,0.6549702814732759,0.44082848959620596,0.9727445960482521,0.6774091702193085,0.6925456828208549,0.6803178183478027,0.2857142857142857,0.23
0,9.754432272739638e-32,4.265388752582028e-22,4.265388752582028e-22,0.005215060841168539,4.96476623635985e-05,0.0006447312077817214,0.0,0.0
0,3.088893464260472e-07,6.098988522869235e-06,5.391532222675409e-06,1.8256660705070935e-05,1.11272079311838e-06,1.2027708231492164e-06,0.0,0.04
0,3.36211848644434e-13,2.2511624984790075e-07,1.0668807472403998e-08,6.096673849828806e-06,5.109379009066021e-08,6.377095119098315e-07,0.0,0.01
0,0.0029879994873232905,0.06710072391928773,0.05438791812953641,0.05677832783578029,0.022815810671379545,0.024409802200192284,0.0,0.0
0,2.1942979698805613e-05,0.0024550079486540853,0.00031200912249338515,0.0006102406554397198,7.984642387695674e-05,8.980368396159895e-05,0.0,0.04
0,6.259460544946628e-113,2.374770573742651e-05,2.374770573742651e-05,3.34499076880532e-05,6.438516259724504e-07,1.0422185889083018e-06,0.0,0.03
0,9.927411852649382e-21,1.2199280643475506e-12,2.051201623796919e-13,1.306914464111498e-09,7.542445353447897e-12,2.6177598688662226e-12,0.0,0.0
0,8.06023824248805e-08,3.249945351840953e-05,2.4392693741232354e-05,2.642476647172508e-05,1.0152811890369953e-06,1.0508067486241422e-06,0.0,0.0
0,9.60215838171126e-18,3.7639516117598603e-13,6.624285899504186e-14,8.788254379938806e-08,2.5888446029008216e-10,5.29659648517e-10,0.0,0.0
0,3.533802950887747e-11,1.162076801533407e-06,1.162076801533407e-06,0.020003007195898485,0.0019515032852120869,0.0035823134162202546,0.0,0.04
0,7.746842208500673e-38,2.0001271594283688e-21,2.0001271594283688e-21,2.3382186244692593e-06,8.004000614129823e-10,7.135502389795034e-09,0.0,0.0
0,2.781247180464628e-12,3.5061950370143295e-05,3.5061950370143295e-05,0.019159455689796087,0.005334215266983047,0.004594436278763113,0.4,0.1
0,0.3228595943687598,0.4302047521117806,0.22996684078552102,0.26130795446611427,0.2830488404254967,0.26655818911115586,0.0,0.1
0,0.0005691044331623358,0.021183032608610798,0.021183032608610798,0.0028703420014411663,0.0012304623687390743,0.0010088624346967837,0.0,0.0
0,0.06674335928992764,0.34487172217181455,0.12299570731415832,0.08222913648122925,0.0723745528871096,0.07142381989895381,0.0,0.06
0,0.19224688289312694,0.08738302482487009,0.08738302482487009,0.1875164912685076,0.19786956519864496,0.1863919513240104,0.0,0.08
0,0.5057495700687792,0.21642073556605018,0.49066279277441227,0.7287979679014103,0.8124846179258578,0.7986855275050713,0.0,0.62
0,1.3563366898852669e-24,7.413293136222324e-15,3.2365411348808254e-16,2.3028384109799097e-07,2.1707057461601843e-11,3.735540181376143e-09,0.0,0.0
0,0.0013602415087087428,0.004620741644530015,0.0026120924377457744,0.0033982986384701293,0.0015525748160958286,0.00180966079983207,0.0,0.0
0,0.3048043654554298,0.44082848959620596,0.24868273970202978,0.22921130769887535,0.2483998295983345,0.24993096131493558,0.0,0.27
0,0.0024961438599834353,0.44082848959620596,0.24868273970202978,0.002173387332151169,0.0033872425201858353,0.002435877854255351,0.6,0.35
0,0.13680931476036035,0.08405725120170875,0.08405725120170875,0.1529328619630313,0.12524718747175118,0.1269428966503476,0.0,0.14
0,0.03203168688331123,0.045948725546287664,0.045948725546287664,0.08913600813412889,0.05476038066410415,0.05599928229389599,0.5,0.07666666666666667
0,3.953159594389411e-08,6.8662821519486625e-06,9.738739966565617e-06,0.643198930797607,0.467066574432521,0.7024116519843332,0.0,0.38
0,0.44624808228056556,0.4900523810324679,0.24707048197841364,0.283566483645962,0.33012619613840427,0.32814579063512983,0.0,0.31
0,0.0008637127663210554,0.6182038978045731,0.0007118272570589945,0.015939940543220094,0.0032474711582182654,0.006132499699468056,0.3333333333333333,0.21
0,0.1990228060983587,0.44082848959620596,0.24868273970202978,0.17918756138852962,0.19078164004476478,0.1885019586523177,0.0,0.0
0,0.22556558501095134,0.44082848959620596,0.24868273970202978,0.18702922063036378,0.20077974948776492,0.19987180257266873,0.0,0.18
0,0.011288892086294576,0.0852920923552623,0.011359482695282632,0.18807248046255398,0.16452275763967006,0.1696500520680799,0.0,0.17
0,0.1446246477526409,0.4302047521117806,0.2033228790886355,0.1437994364613438,0.14832019055671752,0.14574773691133464,0.0,0.04
0,0.0594381239984103,0.03692752393715658,0.03692752393715658,0.11021582116812331,0.07319955491922757,0.08045238465415303,0.1111111111111111,0.12
0,0.0008978306729213166,0.0015080022106268983,0.002066271192690627,0.022502790974538025,0.002470129556600345,0.0070916842075813506,0.2,0.02
0,0.10551196653831775,0.5118293694787254,0.12918930305312448,0.13046034514195462,0.11564411741722064,0.1128593253397457,0.7142857142857143,0.13
0,0.35279905827538016,0.44082848959620596,0.593721526941152,0.40110594600753713,0.35582060363466467,0.3504491722819814,0.0,0.01
0,0.00011155034998281721,4.0516600776189433e-05,1.526134758651852e-05,0.010103144199342128,0.00035774551710568826,0.0019485798394421885,0.0,0.03266666666666666
0,6.803934448412116e-07,0.000341713197785582,0.00011969837750585255,0.0007264732902146815,0.00014977274415220947,0.0001451175768306609,0.0,0.02
0,0.0006355211862166256,0.04843256617044999,0.008608487265909359,0.1211450735982844,0.06283817176837139,0.09457370179254468,0.0,0.01
0,0.00010531033444565523,0.0017422485352132399,0.0017422485352132399,0.0036242472463615897,0.0005813766091811065,0.0006406667287696561,0.2,0.1
0,5.38180616063993e-05,0.018278715379485857,0.0025279551675815755,0.07743092062421371,0.03209487830259757,0.057629838240370566,0.0,0.02
0,2.6217931770050598e-77,2.8937039877622792e-46,3.32506764018907e-41,0.493254471600952,2.7500936298639654e-09,0.015583536799123538,0.25,0.13
0,8.43642926918004e-140,1.5536576747235977e-76,2.8372897071319954e-81,5.346345365768043e-10,1.581728842196129e-26,1.2510458192943476e-15,0.0,0.0
0,0.0003313007316321318,0.23358381984528317,0.10225925540674743,0.16123570329183123,0.12238885539707418,0.12986922137028595,0.0,0.09
0,6.438406453459879e-123,3.13475665510181e-88,3.13475665510181e-88,0.00012580840135227174,7.33468056863557e-13,5.0730736767138975e-08,0.0,0.0
0,0.010624762401628901,0.1673640467483631,0.007570588440464657,0.02727081366158561,0.013172962519769281,0.017679861169676202,0.0,0.02
0,7.886279690924391e-05,0.2928121172920032,0.2928121172920032,0.006610161158253939,0.0011229908138287042,0.0009822472062101417,0.0,0.09
0,9.759873327449392e-12,1.2970220708906438e-08,1.2970220708906438e-08,0.0953893748580117,0.023895162994902346,0.05388617026979458,0.0,0.01
0,4.845150116083834e-98,4.585548531666342e-19,4.585548531666342e-19,5.553145408894669e-08,1.8416388527821857e-08,5.138931549185892e-10,0.0,0.0
0,0.2087913734467496,0.2928121172920032,0.2928121172920032,0.2246312301429324,0.23326515922892266,0.23014290374223698,0.0,0.04
0,2.992982386424667e-11,1.0231436060435685e-07,1.0745919824163916e-08,0.0009016855487011118,5.004137605515559e-05,0.00014749292858629132,0.0,0.0
0,1.9368556593573546e-05,0.0014169427197909146,0.00015750673541546905,0.08919700958641058,0.028889681644560836,0.05114266753328916,0.0,0.01
0,0.023388754956676205,0.16590794902819084,0.16590794902819084,0.0954973503709236,0.06861836781453723,0.06909827091813842,0.0,0.0
0,0.042486112846195793,0.06347191250661811,0.12146175535622507,0.09840665393921476,0.07600980409754389,0.07626530231634462,0.0,0.0
0,0.024090313076893067,0.08541490885490093,0.08541490885490093,0.08167699849734146,0.0557938054335219,0.05677538085938377,0.0,0.0
0,0.012740723145871534,0.08199822305072837,0.08199822305072837,0.07375126042221096,0.045933171288899136,0.0475062601206838,0.0,0.02
0,0.006966926165757583,0.1330223045117619,0.0074920563652691495,0.09832936715489257,0.07254040960243288,0.08176975924848812,0.0,0.0
0,0.006447919806358954,0.44082848959620596,0.1858460671416315,0.008328685626269651,0.009605214309385005,0.007783959221151173,0.0,0.0
0,1.4146361569322555e-06,0.00011644134078046391,4.5368860726390217e-05,0.0038032050966667415,0.0002979940829536226,0.0011229768300903772,0.0,0.06
0,0.0002991467444079537,0.0014620550880882028,0.0008819614348773155,0.001830832087244415,0.0005628214664465968,0.0006097369050408473,0.0,0.0
0,2.9442590447332294e-06,6.109249859337955e-05,6.109249859337955e-05,0.09732800085330974,0.0482042297335427,0.07003570876206801,0.0,0.0
0,9.0346856740033e-15,3.504911860585964e-08,8.531108841928492e-13,0.004639811762273473,2.0277623954735616e-05,0.00013732397062287324,0.0,0.13
0,1.883002503942571e-08,1.265851671978495e-05,1.265851671978495e-05,0.046744949742247174,0.015527202614463654,0.022724464524984094,0.8,0.23666666666666664
0,7.328540639245823e-15,1.2356675114990063e-08,9.770912623536204e-10,2.5279196121097305e-05,1.668269569495427e-07,2.8615389224762815e-06,0.0,0.0
0,3.032958080183209e-06,0.00021711584800513517,2.8575751408785955e-05,0.08536540740297426,0.02159739237273776,0.04282404465103123,0.0,0.0
0,0.0454317864585469,0.48649846156322085,0.22456435847796893,0.11160246118402087,0.08496106400200584,0.08011493557557284,0.0,0.09
0,0.08793908939720468,0.5256693137531253,0.3095839023936458,0.11461839885853486,0.1210187186167844,0.11252880240609958,0.0,0.08
0,0.0032534213811010915,0.06698444501607197,0.03187559810269497,0.1241683775507376,0.08898699682639993,0.11335045634289578,0.0,0.01
0,5.588260461341487e-35,3.8704817542037337e-11,3.8704817542037337e-11,0.0003630517813500742,7.458018901247327e-05,4.398389106585405e-05,0.0,0.01
0,3.267198344284053e-28,1.0988497253610119e-19,1.0988497253610119e-19,0.6625563403168359,0.02597275359617474,0.2545216136395135,0.2,0.03
0,0.0005053082811129418,0.011312629159166346,0.011312629159166346,0.012647397637248446,0.002673478847936388,0.002882364781290522,0.0,0.05
0,0.2783762750331269,0.5512424677293893,0.3025152703318054,0.19613421772674514,0.22254118345604232,0.21263241968776692,0.0,0.19
0,0.0001087980251608109,0.0016609977162750909,0.0021206545822096134,0.8040518527479857,0.5055260684398397,0.720208905473252,0.0,0.38
0,0.42960638944277185,0.19745529284556546,0.19745529284556546,0.41388738139775433,0.4231501056304799,0.4244590972458401,0.1111111111111111,0.04
0,3.0627738461687596e-21,0.03363603663600732,1.3387352843758905e-25,0.00034102793263287554,3.702513344810184e-06,3.781269967292231e-05,0.0,0.16
0,0.004272600271737474,0.44082848959620596,0.49514753132941364,0.007761160724454067,0.011879998322718245,0.007964083433920788,0.0,0.05
0,1.4141369359220768e-49,0.010815231266070011,2.1140810569806516e-61,8.112409544903874e-07,4.45074073900974e-10,2.4079357919849092e-08,0.0,0.02
0,2.9304754654408143e-05,0.7128866386709941,8.926649560682234e-06,0.00046943541478906164,8.138931932433788e-05,0.00015224815201933788,0.0,0.04
0,0.00020106751112633758,0.2928121172920032,0.2928121172920032,0.009590378666912043,0.003907677791757205,0.0035848608980007675,0.0,0.09
0,0.005387251452499593,0.4302047521117806,0.21245783945173818,0.007147881629360368,0.008796787259288829,0.008223366999705608,0.14285714285714285,0.24
0,0.1955538465543463,0.7478216403427749,0.20171590547463672,0.2063162946597216,0.20477207637488581,0.20380523158540553,0.375,0.01
0,4.1688828276598566e-10,1.6259578429378072e-07,1.6259578429378072e-07,0.10508287152559856,0.036210950130270626,0.06582626851043523,0.0,0.02
0,0.012209564478301002,0.0017184743097951596,0.0017184743097951596,0.06177637819952313,0.01812429531897226,0.025049096934675052,0.0,0.02
0,9.55152752948768e-07,9.300072063423758e-05,8.920329662771357e-05,0.0024439236222624236,0.0006681216666238757,0.0004391654275080071,1.0,0.13
0,0.22191026707717193,0.44082848959620596,0.24868273970202978,0.19637909350711058,0.21876146682641606,0.21336423629630613,0.0,0.3
0,1.124481756662911e-50,0.013318028333093432,1.699066695920074e-05,9.299638515034671e-07,8.801443748803252e-10,1.3487749590214677e-09,0.0,0.01
0,3.3295922121064153e-08,0.44082848959620596,8.846361763749963e-07,0.00042092663144232184,6.734308855545088e-06,1.2051005696959892e-05,0.0,0.03
0,0.0009565648258222461,0.013596317788907108,0.004745301319832371,0.018907419299106693,0.0066718095075986635,0.007402834928272986,0.0,0.02
0,2.122408495008051e-05,0.003229821378353136,0.003229821378353136,0.0002235710481452987,5.783576027782964e-05,4.372149423122408e-05,0.0,0.01
0,2.467245376285306e-06,0.0008016116612042254,0.00012646297533277882,0.014252752621193125,0.004456978780848711,0.00725274499716027,0.0,0.01
0,0.027764310078321537,0.005331603089477439,0.005331603089477439,0.08895775487780533,0.04847758801876679,0.05388060993085541,0.0,0.04
0,0.01423768194206453,0.4302047521117806,0.001793415989813208,0.006775673013979783,0.010362686386269101,0.008632999960051497,0.0,0.0
0,8.823861361164527e-06,0.2928121172920032,0.2928121172920032,0.00015485878120290555,4.977241254993438e-05,3.3141653794283245e-05,0.0,0.24
0,0.11955176129401027,0.00954189111587451,0.00954189111587451,0.19557045654926972,0.14569506681489686,0.16579662697923972,0.0,0.08
0,0.0010563169206714187,0.08328938327535947,0.004513390283173807,0.008167646569683088,0.0018263076100782753,0.0034914428408694496,0.2,0.12
0,0.012226374925337558,0.2928121172920032,0.2928121172920032,0.02457307428996023,0.021385762993250228,0.01865472092498575,0.0,0.05
0,3.91954827320473e-09,5.770384673639843e-06,1.2536735883465056e-06,0.0005492839416726514,6.201653365524463e-05,8.343938744768626e-05,0.0,0.0
0,1.1544186351405801e-11,1.2970220708906438e-08,1.2970220708906438e-08,0.1684354514842381,0.03925601522267521,0.09557238690192568,0.0,0.05
0,0.0015627438063915442,0.05060253609813,0.0011665993603229734,0.007759530480566165,0.0019516088819263233,0.0035226262354396748,0.0,0.08
0,0.13309334630898856,0.44082848959620596,0.20273633492952176,0.12460948296708424,0.1381317049282146,0.13261647507423768,0.0,0.04
0,0.1565126804791318,0.26567661064037495,0.22775241505114074,0.18861954062344102,0.19091606521679552,0.15756380339596343,0.0,0.14
0,1.2756883119068786e-07,2.1388392633978113e-07,5.6430434977904496e-08,0.000601938560233598,2.791959576204915e-06,3.9153220027260825e-05,0.0,0.0
0,0.26931716341320233,0.2231425965484011,0.12308265168859955,0.29338305952058386,0.27118929221439964,0.27277548998699475,0.0,0.01
0,0.10116210524105151,0.2928121172920032,0.2928121172920032,0.1587833867623414,0.1559901023488112,0.14007039076019415,0.0,0.05
0,0.2926298510896375,0.44082848959620596,0.2158975167172027,0.2222734383261504,0.2673357294638091,0.26567010379211775,0.0,0.03
0,0.21974989873386888,0.44082848959620596,0.24868273970202978,0.2102385273201127,0.22530698064257518,0.219416160206908,0.0,0.0
0,0.0004941463154582305,0.044990869509345596,0.044990869509345596,0.003892220945502946,0.001391579848438431,0.0013015659365700663,0.0,0.1
0,1.9758883248098788e-35,1.6347625575695905e-25,1.6347625575695905e-25,0.027869748960553234,0.0001497346841573481,0.003320941393973248,0.0,0.02
0,0.2969563581086362,0.6810312668274063,0.6810312668274063,0.4351645772320713,0.3746759404234748,0.38047653879434773,0.42857142857142855,0.27
0,0.0007340367811463365,0.057336013527740905,0.057336013527740905,0.016430195306763637,0.004582065994492972,0.004464427704598606,0.2,0.05
0,0.05842106588701752,0.07191737320758713,0.07191737320758713,0.10993810399656838,0.07479115261725866,0.06755498962434318,0.0,0.19
0,2.194493777819007e-05,0.0008778795518129246,0.0004299006339300474,0.0007505758841588928,0.00012673339778884347,8.737256176490567e-05,0.0,0.0
0,0.006505107620294658,0.05079463241668754,0.04106885209781996,0.06003890917575758,0.018489270198088565,0.03664024677851157,0.0,0.24
0,0.0006103718136133031,0.0019368817679543868,0.00200013125864495,0.006237221632497985,0.0014186310953740989,0.001391952117536686,0.0,0.04
0,0.03003364067504734,0.1813735865497386,0.0909664747358448,0.07497778648462082,0.04713162546840872,0.04567706881276384,0.2,0.01
0,7.814149306271225e-05,7.189012788396468e-05,3.287197757467438e-05,0.010573089265018208,0.00034010280196087347,0.001850322780575758,0.0,0.06
0,0.14490269354197627,0.4302047521117806,0.20357263053155777,0.14349054767835814,0.14871591246703503,0.1457943987114334,0.0,0.0
0,0.18003735085841296,0.44082848959620596,0.24868273970202978,0.17518239925749704,0.1853497204966112,0.1818106044649695,0.0,0.0
0,0.1049560631968118,0.029137037011985424,0.012898316280131477,0.2834235872820164,0.26843017730302704,0.27142520375492035,0.0,0.04
0,5.015871161709595e-06,0.0004547530486075726,7.878126163453287e-06,0.0003093547989950398,1.7811539153337443e-05,6.0695841004184e-05,0.0,0.06
0,1.3421138406591383e-10,1.3995395249538078e-07,1.3995395249538078e-07,0.15823855430823475,0.04157575765212047,0.08791404405543338,0.0,0.03
0,2.779352794298898e-05,0.44082848959620596,0.19836396569912318,0.0009339493238716227,0.00023936955176026415,0.00017250229145780792,0.8888888888888888,0.44
0,0.06389604932174593,0.08529550566805356,0.04239074629138623,0.07721512375094958,0.060468873679986275,0.06283087544229683,0.0,0.01
0,2.5899767572053375e-20,3.701777943575588e-11,3.3397647219491707e-12,0.011783545011373183,6.995601245123925e-05,0.0020783246033762217,0.0,0.0
0,0.07217156601420092,0.2928121172920032,0.2928121172920032,0.09299870941738964,0.09484029481401798,0.08798739106154486,0.0,0.05
0,5.957579509293694e-05,0.4302047521117806,0.0003831128501617334,0.00042076798978164467,0.0001303026608318899,0.0001390073856520577,0.4444444444444444,0.19
0,2.7086555373583635e-264,0.16685328726476553,0.16685328726476553,0.004604850883480768,2.1725299111278456e-05,6.334863677626636e-05,0.0,0.14
0,0.988825872799807,0.4302047521117806,0.9974254495748329,0.9817018329677918,0.9864835457923924,0.9841995322594231,0.2,0.14
0,0.0013962507721756473,0.0006960274611311482,0.00012738314729124448,0.046795762143224895,0.003356213944253656,0.01318165628238548,0.0,0.13333333333333333
0,2.173956617965261e-11,2.3980904462114813e-08,1.8392349891359556e-09,1.12458399840745e-07,5.583039686197798e-10,9.082812893545209e-10,0.0,0.01
0,1.7277717172210888e-84,2.8937039877622792e-46,2.6930326442361303e-49,1.3351203523159698e-06,1.6372948313409206e-16,5.620529799457392e-10,0.0,0.0
0,5.3045416898727264e-216,9.605308786820424e-10,9.605308786820424e-10,9.289199771183909e-08,1.782052285669218e-11,7.706492408398569e-11,0.0,0.01
0,1.7848535584923086e-84,2.8937039877622792e-46,2.705512457933462e-49,1.3531235325746306e-06,1.6667245388305261e-16,5.709727220681759e-10,0.0,0.0
0,1.000325483153366e-06,0.44082848959620596,0.24868273970202978,4.652720572838752e-06,4.750409091085419e-06,2.3524947661555074e-06,0.0,0.11
0,0.3460573253728495,0.44082848959620596,0.2787534766087357,0.31211175270213026,0.3305803718027012,0.32500838011807537,0.4,0.09
0,1.5842773772909754e-13,9.377702604938869e-05,3.4968446001603584e-09,0.00013813151990123762,9.548080893257208e-07,1.0066940522645063e-05,0.0,0.03
0,1.2719786411945905e-18,5.189289635564005e-06,5.189289635564005e-06,0.02170850613908699,0.011928366350501365,0.008783575954232905,0.0,0.0
0,0.0021533045325111987,0.21613668954828202,0.07399906627733217,0.019064374011635313,0.005792795660777129,0.009595839238980608,0.0,0.01
0,1.2996531676614754e-12,1.8401990816394242e-09,2.4243685344375434e-09,1.9743331934219193e-08,8.10364336193689e-11,1.0603343348062637e-10,0.0,0.01
0,1.4833764642727023e-07,0.5214302195182375,0.5214302195182375,0.0018663523755170135,0.00011997539680905963,0.00012016827128835073,0.0,0.23
0,0.018222791351154007,0.2928121172920032,0.2928121172920032,0.06282371514566486,0.08373580140070386,0.06366511321636127,0.0,0.38
0,0.016185771156502528,0.011428993031559122,0.011428993031559122,0.054772482169275785,0.026130238472131844,0.02577267521226775,0.0,0.04
0,4.26550626806293e-08,5.999714395488807e-06,5.999714395488807e-06,2.1497052237165427e-05,9.425724520953821e-07,8.988997978250891e-07,0.0,0.03
0,0.0061379000651192155,0.018196561081927298,0.006347837127060552,0.030522206117084765,0.00957105288789431,0.015678424604878508,0.0,0.0
0,0.00040173684024762357,0.006846895621940504,0.006846895621940504,0.004352819044130087,0.0011634580268373976,0.0011493553612685113,0.2,0.0
0,4.632454491462486e-05,0.0002228195506947152,0.0002228195506947152,0.0017319684254756122,0.00021949421801299634,0.000261576546536237,0.0,0.0
0,0.02598876597434718,0.2928121172920032,0.2928121172920032,0.06970826804284355,0.04837803509706537,0.041627135315978066,0.0,0.02
0,0.3127578065104099,0.7220089981694792,0.39936136391355986,0.2887174412087943,0.31641935780164754,0.30633999163100745,0.0,0.245
0,4.310829521227651e-36,5.363014265243179e-22,4.3582630054094404e-23,3.9376830194364914e-16,3.5326285723396554e-20,5.4294813811180744e-21,0.0,0.0
0,4.7978862713976825e-34,3.436728931291333e-23,1.0137777640006263e-24,1.7733487270466604e-16,4.971293177499775e-24,3.365020288264459e-20,0.0,0.0
0,8.809136754768396e-25,1.7358685086470496e-05,1.7358685086470496e-05,0.006632002739804711,0.005649421468131512,0.002244573152561488,0.0,0.01
0,2.2954393935213414e-53,3.109155598150226e-29,2.6377825185020684e-31,0.00010912138277856414,7.085319356385817e-11,8.536073712579603e-07,0.0,0.0
0,2.9739159717419243e-32,6.473133244205893e-10,6.473133244205893e-10,0.001173105314906177,0.00040853868438652636,0.00023127543115266706,0.0,0.01
0,8.687999301145266e-15,2.9025326098855667e-09,2.403645282853289e-10,6.289307771041874e-06,2.2076855230777e-08,4.4524136931839796e-07,0.0,0.02
0,4.781189315319967e-13,1.5732314171915716e-09,1.5732314171915716e-09,0.002384013621256169,0.00016854895282570795,0.0003651814584113864,0.0,0.02
0,0.010368030441533284,0.6243938376226674,0.018784209880054244,0.02190681743914928,0.014496838539090192,0.01672299189703989,0.0,0.13
0,0.0003590602825666403,7.239349215867689e-05,5.3786819480271425e-05,0.03082202391121153,0.0010916784365261976,0.0061347460299474,0.0,0.07666666666666667
0,2.3275795047925433e-10,1.1882776872221104e-07,3.0361355277113705e-08,0.0022799059294202526,7.270083314220539e-05,0.000182868277197391,0.0,0.08
0,1.8425301585405416e-05,0.00012558122546553748,2.5496527476238263e-05,0.0007352044494600158,5.195770149874855e-05,0.00014347221543782856,0.0,0.02
0,0.5109441764233369,0.44082848959620596,0.4196499153695536,0.4583068352875505,0.4693050151197427,0.4675397275139481,0.0,0.33
0,1.7597330367180745e-20,5.231282645158432e-07,5.231282645158432e-07,0.0005402948159331851,0.00013639887229708713,9.187085232489661e-05,0.0,0.0
0,1.5432140080224718e-48,1.1607762525811498e-16,1.1607762525811498e-16,0.00014527854286364197,1.3073220498046198e-05,1.1064519702902073e-05,0.0,0.01
0,9.648303882589493e-09,2.4152880906070196e-12,3.1955706131491097e-13,0.00024909126497551116,1.1974670681197093e-07,5.7115373309204825e-06,0.0,0.13
0,1.2247033974180225e-12,3.0826819297673774e-09,1.3659628530200831e-10,0.0001702778134566747,3.7094013127884446e-06,7.633719098184818e-06,0.0,0.06
0,0.02190778974681368,0.44082848959620596,0.038495658586631856,0.03288505404515747,0.024391054884932057,0.023706298158838488,0.0,0.07
0,1.6211953906137497e-10,1.3447513372918617e-06,3.5737827146403897e-10,4.1808993736966915e-07,2.054626050230355e-09,1.7750062052734246e-08,0.0,0.05
0,1.2195920178883936e-78,1.4450213107659243e-56,1.4450213107659243e-56,0.00276480980488761,1.5185121897709508e-08,1.841249999049702e-05,0.42857142857142855,0.15
0,1.1758224776479322e-22,6.244431053494154e-11,5.895717551865282e-12,7.47315514825636e-05,2.986264333398092e-07,9.694622945373244e-06,0.0,0.16
0,2.284199742151853e-190,3.1959929838086026e-36,3.1959929838086026e-36,2.6554956622054846e-14,2.7746719102476596e-15,2.6370280968532182e-18,0.0,0.0
0,0.24877826104703252,0.44082848959620596,0.24868273970202978,0.1895680738665703,0.2047060956252254,0.20551929349743234,0.0,0.07
0,0.04455995640583561,0.7182411521534637,0.04354808105825087,0.05889609661099214,0.0493533182218387,0.050816528938510915,0.0,0.08
0,2.2207053009339985e-15,0.44082848959620596,0.07282574451256024,0.028807916000618702,0.0035618898296395298,0.004016983625626007,0.0,0.09
0,0.09906921835682753,0.14616553165666687,0.14616553165666687,0.14182744027226263,0.12745690955947442,0.12536184666428163,0.0,0.01
0,0.008259589259813835,0.006785234871457397,0.006785234871457397,0.037737240608747585,0.01741485509279648,0.01867431474565018,0.0,0.05
0,1.8846266986080518e-07,0.44082848959620596,7.206975943657374e-10,1.4912394600697006e-05,4.931055890096896e-07,6.829470541423828e-07,0.6666666666666666,0.04
0,0.13031033445089207,0.5296172810404696,0.17034177220040816,0.1736386192600762,0.14923793989363177,0.1471593761195265,0.0,0.3275
0,4.3269235902820577e-47,0.5784984965980602,0.021908793577098726,0.0003704582608113211,1.4641896284843777e-06,2.1127812969657864e-06,0.0,0.05
0,0.0749091374163748,0.20413518126947486,0.20413518126947486,0.13269135094531775,0.10817847738796535,0.1049009067237014,0.3333333333333333,0.09
0,0.17396760594537475,0.3423556681991061,0.3423556681991061,0.18755027684472805,0.1976925652032068,0.18360076853830756,0.0,0.11
0,0.02197780526418643,0.016675670332935443,0.016675670332935443,0.07433377792388678,0.040365401121533424,0.0431412667647193,0.0,0.03
0,0.06697290526540992,0.44082848959620596,0.024323926441532456,0.12326624827010665,0.07372228015201854,0.07617983227058618,0.0,0.02
0,0.10430275823002456,0.4302047521117806,0.0983976131112524,0.10502843554768276,0.1038543807178486,0.10149772595654859,0.0,0.08
0,0.001419643330002813,0.44082848959620596,0.003227144591152448,0.004253139867315974,0.0018262625669586265,0.001861642076283242,0.0,0.01
0,0.0,0.025053979003646417,0.025053979003646417,0.0044373025905687,1.050887502140479e-05,4.6030420429275614e-05,0.0,0.08
0,1.0546829437640177e-15,0.44082848959620596,0.07054679973415076,0.022545663758461666,0.003252577159961706,0.003522179262165712,0.0,0.14
0,2.6110414008101722e-27,0.4302047521117806,8.07711774063096e-34,0.0017915720074778336,4.013440153235029e-05,0.0003180931746696073,0.0,0.01
0,2.812054408353406e-07,0.4302047521117806,7.762542555834039e-09,0.10166020030329559,0.04523265688226621,0.06959757333843099,0.0,0.04
0,0.04630964135458806,0.03842984106352566,0.03842984106352566,0.11195766390566704,0.07136375001011058,0.07513649168075881,0.4,0.07
0,0.17077894852426656,0.23528565888430164,0.23528565888430164,0.21827280969697818,0.18716506055710708,0.18632147515377312,0.0,0.01
0,0.21428381262330964,0.44082848959620596,0.24868273970202978,0.2073550581023796,0.21739801383393617,0.21114342333800884,0.0,0.11
0,0.9425787969833733,0.9397613611576141,0.9665394180404853,0.8961575041368421,0.9293493834549434,0.9265408238966897,1.0,0.89
0,0.0001084131184512857,0.44082848959620596,5.156697184118528e-06,0.0010101876883772682,0.00017744183938519308,0.000207523498152606,0.3333333333333333,0.09
0,0.3041619508528205,0.4302047521117806,0.113017631132741,0.22879646137949267,0.29337063015933923,0.27773997740204176,0.2,0.21
0,0.22441870911411474,0.2939873706287294,0.2939873706287294,0.2594639951699277,0.2633729570865902,0.2566754106742196,0.2,0.17
0,0.0010297322917747656,0.4302047521117806,0.0013110606084801935,0.004358050852424794,0.0019037770266553998,0.002628037303172123,0.0,0.05
0,0.00035012153337784645,0.44082848959620596,1.544475300201502e-05,0.0031393117711165023,0.0005742006711854941,0.0006742821906616876,0.16666666666666666,0.28
0,0.04469463376149099,0.5551670848395094,0.07237669990456022,0.07797751732010857,0.048841740386114316,0.050624596646211245,0.0,0.06
0,4.652972999893901e-05,1.2714759952868867e-05,1.2714759952868867e-05,0.0020815417718199536,0.00022989520967429936,0.00029667736164016575,0.0,0.0
0,0.10420584130830934,0.44082848959620596,0.1935304387994843,0.11464802315339381,0.09473109961281755,0.09103961521739287,0.0,0.05
0,0.09973196727063492,0.44082848959620596,0.23129165556430623,0.10551724617265268,0.10415150350808752,0.10084018920962315,0.0,0.14
0,0.05446255395085551,0.4302047521117806,0.05214590987345038,0.07884958931997199,0.06231860947338625,0.06663151090552252,0.0,0.13
0,3.1551707210153795e-20,0.4302047521117806,5.488148086228057e-25,0.011058749508461101,0.0006887920322644691,0.0030958606564811266,0.0,0.04
0,0.07180119521933925,0.07280898257775545,0.07280898257775545,0.12704947862860164,0.10394249173352126,0.10043287254732432,0.0,0.09
0,0.0016166346180938767,0.44082848959620596,0.0015454464564776955,0.0050606806190382995,0.0020508671692105844,0.0021523401077650135,0.0,0.02
0,0.0042368688468235795,0.4302047521117806,0.004686778028068479,0.009472811515838637,0.005466955683708213,0.00658705281574283,0.375,0.04
0,0.06512159561884029,0.08556504164398457,0.08556504164398457,0.12150176938384617,0.10048366430652352,0.09831084912679532,0.4,0.04
0,0.00048096481464325044,2.7717700041530294e-05,2.7717700041530294e-05,0.018494204388619817,0.002045013095380465,0.0027919063656524686,0.1111111111111111,0.05
0,1.0683429261521704e-06,8.390743040832036e-06,8.390743040832036e-06,8.157554519771163e-05,7.612290852550426e-06,8.570960898334643e-06,0.0,0.02
0,0.05192260581668954,0.08741030869119192,0.08741030869119192,0.16796438048976906,0.09062611616205131,0.09799498298488,0.0,0.05
0,0.00029247235072916826,0.4302047521117806,0.00019241374273869463,0.0032437240538337937,0.000716607665328817,0.0012307762843681434,0.0,0.0
0,0.051560193469804075,0.4302047521117806,0.00447144247587852,0.0849524870750826,0.05426595389157257,0.05857939471633881,0.0,0.02
0,0.00021395720402145516,0.0002521256808429809,0.0002521256808429809,0.003690379116932322,0.0007055405143573579,0.0008124024447465158,0.0,0.19
0,0.0001119181315432008,0.4302047521117806,0.0005014271721114018,0.00023239968315265063,0.00014161591338307956,0.00016893899316417797,0.0,0.02
0,0.0012192351912060423,0.4302047521117806,0.0025282156948607465,0.005630001009851388,0.002141770523819548,0.002853039194280485,0.0,0.04
0,0.011026662402057253,0.44082848959620596,0.010600299803455622,0.02077664362834839,0.012145975214535745,0.01254077461511937,0.0,0.01
0,0.006180871055261953,0.44082848959620596,0.01624978470362975,0.03206716821168895,0.01317617663317207,0.014518489673146185,0.0,0.01
0,0.04993552450960459,0.5103144634962817,0.07132286476983007,0.06328573205688162,0.05541294437889207,0.05789122154034086,0.0,0.03
0,0.10558671268808442,0.4302047521117806,0.11373007176704167,0.08615081707355689,0.09470802069846765,0.08923188831008265,0.0,0.04
0,1.4828535375674763e-05,0.2928121172920032,0.2928121172920032,0.010251164182278023,0.0018633264436326584,0.0017712783781872459,0.3333333333333333,0.32
0,0.09988948967428457,0.4302047521117806,0.12338446731080895,0.09125650491312358,0.09941536869343517,0.0974221824591494,0.0,0.03
0,0.07116912508118317,0.4302047521117806,0.025564423326363758,0.11874596925969949,0.0914808726939118,0.10323345423646535,0.0,0.12
0,5.028589622615948e-06,0.44082848959620596,1.544475300201502e-05,7.246865525390966e-05,9.397354685470278e-06,1.0185842653127725e-05,0.16666666666666666,0.12
0,0.3484979955076531,0.45748322687459914,0.3581074806179267,0.3374113526802302,0.34137456895862994,0.33572534758090056,0.0,0.09
0,0.0005628957571554274,0.44082848959620596,0.0011236841878240968,0.0023179441488913157,0.0007903194914943778,0.0008145725784827648,0.0,0.0
0,0.00757300643147009,0.44082848959620596,0.00798975456677408,0.01629457209187964,0.009182331472676216,0.008991367364874507,0.0,0.06
0,0.0003568428578995101,0.44082848959620596,0.24868273970202978,0.0007489593189057161,0.00045800814960773406,0.000397587864511677,0.0,0.0
0,0.008989185295865615,0.44082848959620596,0.02369606599097536,0.0180097528385703,0.011755387403206644,0.011720631617718066,0.0,0.02
0,0.1791580890676506,0.44082848959620596,0.27605182452232396,0.1838992518709861,0.18202862798531147,0.17731230496736344,0.0,0.03
0,0.11299884397219655,0.44082848959620596,0.2583336800698924,0.11692315740555953,0.11639862923738321,0.11261914796105524,0.0,0.03
0,0.0034666179836479413,0.0014731678324415502,0.0014731678324415502,0.029642472616005566,0.008697573706495796,0.010192645477020744,0.0,0.03
0,0.24908337118114182,0.2928121172920032,0.2928121172920032,0.2873861869904919,0.2851013000341805,0.28456454239491974,0.0,0.06
0,0.9997069916177008,0.44082848959620596,0.9999615978600898,0.9929633042090024,0.9995863581031457,0.9995009001198569,0.8333333333333334,0.65
0,0.012458643142820037,0.05593313453596026,0.023175380368792634,0.03899663497574342,0.017111849666063425,0.01958111490232827,0.5714285714285714,0.09
0,4.509412753799452e-05,0.44082848959620596,0.21763383051192695,0.05191191658017216,0.01705623042305598,0.01740139498237402,0.0,0.09
0,3.4199994465985183e-245,0.597038355580317,0.597038355580317,0.04175223830622845,0.0008256967503884596,0.0021847287796211007,0.0,0.07
0,0.08210993010265785,0.497161691067357,0.14918769749194294,0.11262442942223728,0.09326032263191274,0.09961957848299799,0.0,0.21
0,0.26168840350977285,0.2928121172920032,0.2928121172920032,0.23651928164880628,0.26196314386777964,0.2556613897575971,0.0,0.06
0,0.005069065226788709,0.4302047521117806,0.019679048834420742,0.01060269434347074,0.006348035038026914,0.0073544639502336594,0.0,0.0
0,0.0003044967230187599,0.4302047521117806,0.0005834997369768615,0.009706871807714349,0.0008606847385205976,0.0025420296210169617,0.0,0.01
0,0.15900751358938242,0.2928121172920032,0.2928121172920032,0.18464181801642512,0.18447000973545932,0.1768046718632937,0.4,0.04
0,0.2632117748206598,0.6679609271525135,0.5330073491298692,0.3486979078680164,0.311416185518518,0.3134094885488851,0.0,0.23
0,1.70644601412632e-06,0.5217181346496979,5.7521083294971904e-08,4.1231585645641756e-05,3.403223775120749e-06,4.233731712562504e-06,0.0,0.07
0,0.029094890486992857,0.4302047521117806,0.008516697064042763,0.04291146352095666,0.03414775387540526,0.0370663732225207,0.0,0.24
0,0.005388904972878939,0.44082848959620596,0.0010376082485837105,0.017835684647614487,0.007215655135849765,0.007762927249093452,0.0,0.1
0,0.009405084739690801,0.4302047521117806,0.011271623361876941,0.018169093472217072,0.012230435168078304,0.013925164067874314,0.0,0.02
0,0.0012182624360807372,0.002890436977891753,0.002890436977891753,0.010978597115779835,0.0032675115801317194,0.0034929928542203974,0.0,0.0
0,0.00392808773573988,0.004373475551771869,0.004373475551771869,0.021422493915211435,0.008172026487540434,0.008865812563718364,0.2,0.03
0,0.5577457672485916,0.5593118911170257,0.5593118911170257,0.48727976710434995,0.5530572525131559,0.5402834752546832,1.0,0.7
0,0.00024099025309607132,0.44082848959620596,1.544475300201502e-05,0.0015172407138761496,0.0003293305738476265,0.0003851972171121921,0.0,0.01
0,1.643458707620946e-06,9.623334648244361e-08,9.623334648244361e-08,0.00041513192589730274,1.4363018130496717e-05,2.2370506385403093e-05,0.0,0.0
0,0.01939505016619681,0.4302047521117806,0.006099757912803265,0.033310785481346084,0.024714421787835332,0.027839653399226453,0.0,0.29
0,8.049064348418802e-06,6.930204229579761e-07,6.930204229579761e-07,0.0010143539078386263,5.401752998258316e-05,7.944546213860628e-05,0.0,0.04
0,0.019240010744416235,0.44082848959620596,0.0010376082485837105,0.0347144610178662,0.015814577589741568,0.017682902229059553,0.0,0.6
0,0.03982997561838703,0.03748132410195849,0.03748132410195849,0.1014216626404757,0.06401049038188951,0.06634368558984757,0.4,0.02
0,2.2612786606726542e-05,2.2330241342102022e-05,2.2330241342102022e-05,0.0018848690684459383,0.00014575136038189705,0.0001880619428142065,0.0,0.01
0,0.0738201389981209,0.44082848959620596,0.10624442429739824,0.11469166513458853,0.08466707403084965,0.08465046827441584,1.0,0.17
0,0.049363503744237466,0.4302047521117806,0.055355480839893105,0.0719991344473372,0.05721627255897226,0.060796199227718443,0.0,0.06
0,0.03173060054462616,0.44082848959620596,0.0044709213594838456,0.08272806132921276,0.03841015312695876,0.041527886857866174,0.5714285714285714,0.44
0,0.352983501521228,0.25769214141778357,0.25769214141778357,0.4228232695667433,0.38191348229894706,0.38952305579774404,0.0,0.36
0,0.1418206167318537,0.5152440510130337,0.08356480039603251,0.16011559346390336,0.14439627672915423,0.14586627499801588,0.0,0.1
0,0.03728145901435288,0.4302047521117806,0.04847977440874154,0.06529437273151574,0.046783459409713395,0.05182832674378525,0.0,0.18
0,0.004696151315375011,0.0026558438158858495,0.0026558438158858495,0.03370139453007718,0.011010056927120105,0.013152127135180337,0.0,0.13
0,0.6743778403197714,0.4302047521117806,0.7049270629406628,0.5568384458044016,0.6203212254341505,0.6126003002430818,0.2857142857142857,0.59
0,0.4105864265477289,0.4487847676026807,0.4487847676026807,0.5104461618952819,0.4492741348510868,0.45348610884877405,1.0,0.67
0,0.0011646112721531003,0.44082848959620596,0.24868273970202978,0.0021383419060382546,0.0014489206203817436,0.0012852499446882606,0.2,0.11
0,0.011375320776034174,0.4302047521117806,0.025261662185621963,0.020505210991628067,0.0144103698808137,0.015939525073764612,0.0,0.04
0,0.20656329783469898,0.4302047521117806,0.1844545686179419,0.2038763711414154,0.22536513007878547,0.22103307349367393,0.2,0.16
0,0.07323155743064023,0.44082848959620596,0.5388744330670346,0.07698134467087427,0.08849794857295118,0.07663289325810711,0.2857142857142857,0.12
0,0.6408208802642054,0.7782602907543882,0.7782602907543882,0.36320982548513336,0.5999092598609972,0.5439991334931558,0.2,0.54
0,0.5680298461001776,0.5957756850004166,0.6291898570830059,0.5732465930287152,0.5631396349639872,0.5618709586089926,0.0,0.08
0,0.0028475745545876317,0.5088605802065981,0.02672595848881364,0.020902382850389593,0.008808136336082746,0.009290293438867411,0.0,0.0
0,0.18100736850127,0.4302047521117806,0.23311841675680572,0.17693112019068463,0.1845230747641446,0.18036363198438712,0.0,0.04
0,0.0025757759144016293,0.3678119932538298,0.3678119932538298,0.015648529674145564,0.007551388924069979,0.0064793304392889665,0.0,0.01
0,8.085755593236708e-17,0.4955174973727988,2.147332944330838e-20,0.003346798547844006,0.00027773817881310243,0.0009735324471170934,0.0,0.12
0,6.674728338738248e-284,3.4691223134819866e-06,3.4691223134819866e-06,4.768455211221524e-05,3.802262383305393e-08,1.6570336481812933e-07,0.0,0.09
0,0.14356164604615726,0.4302047521117806,0.20307335592385656,0.14292242404729527,0.14790755110794815,0.1451029634645277,0.0,0.0
0,0.20063340741934374,0.4302047521117806,0.6444097602203865,0.20344510674975405,0.20645844591300863,0.20509616420696575,0.0,0.14
0,0.08170710274856692,0.10510907768482626,0.04856772389500801,0.15118320261935922,0.10236428715021316,0.1087503638373931,0.0,0.08
0,0.05205737602830734,0.605709981469737,0.11103725071645441,0.07394957776080031,0.061267789045889344,0.0653841461086349,0.0,0.03
0,0.15062534821817153,0.44082848959620596,0.13480691871438347,0.16097016587460672,0.1579292205214883,0.15375916615680027,0.0,0.02
0,0.006489407744986195,0.4302047521117806,0.008583179462055588,0.009168691345585225,0.007046223738282185,0.0075280320082096045,0.0,0.04
0,0.5797461463123903,0.5938668524451902,0.5255560920916305,0.6264312529252981,0.5702476341122906,0.5763104252493492,0.5714285714285714,0.43
0,0.01154304960718335,0.44082848959620596,0.0024919065413996607,0.021413370299336727,0.012166221210390989,0.011298353869323046,1.0,0.39
0,0.1179238853826864,0.4950013504758755,0.10306349704652401,0.12556412907602732,0.12430171233893661,0.12209026802730917,0.0,0.1
0,0.07538538121593072,0.44082848959620596,0.036852505046006255,0.09386536018528807,0.07442427751139832,0.07461766249593728,0.0,0.1
0,0.024543348481504516,0.4302047521117806,0.02734266844259182,0.035224323797945295,0.0250981675519001,0.027198472502484847,0.0,0.07
0,0.184625697294272,0.5207298956921311,0.2021288240120862,0.19048522425791084,0.19269656574318914,0.18736754882731402,0.0,0.13
0,0.297267304871801,0.5577413841140999,0.22612751568972356,0.25878695618225467,0.2632206903173826,0.25258558757185856,0.5,0.21
0,0.17091996306353346,0.4302047521117806,0.22331761130843855,0.18036221403900726,0.1657816845085034,0.16485733029187044,0.0,0.22
0,0.030140328360512125,0.4302047521117806,0.03943599961684043,0.05894773863876763,0.03290318193063307,0.04009662354713451,0.0,0.11
0,0.22499812370318267,0.317594499927567,0.317594499927567,0.18160551972699007,0.18606288231359563,0.17804110981895852,0.2,0.13
0,0.2231591591811038,0.4302047521117806,0.16153744280119825,0.178129720422316,0.1892952318092968,0.1797099398510978,0.0,0.1
0,0.1630757527111117,0.32755838937602405,0.32755838937602405,0.16313649721316936,0.18429174786289224,0.17524004207999466,0.0,0.06
0,0.0993903895336136,0.4900523810324679,0.11809006932889855,0.10343693430067283,0.09998599673686057,0.09479601636180847,0.0,0.05
0,0.04028389133926896,0.023815748332006753,0.023815748332006753,0.07669494044357103,0.046283344022024706,0.04799139451321113,0.0,0.06
0,0.15656768259769072,0.4565005290394984,0.228462903324616,0.15425835705376928,0.1708942899586795,0.1635697248147786,0.0,0.18
0,0.24048716161444422,0.6412028389767598,0.23922295247813236,0.21101376252010962,0.21616339068524867,0.20993664218460806,0.0,0.08
0,0.10183489389021662,0.44082848959620596,0.045636806459290635,0.12058502137556193,0.10479371124429608,0.10450457222738402,0.2,0.08
0,0.25512926068092,0.5333129013544926,0.5333129013544926,0.29281903190276887,0.2692111573469321,0.27492596100615396,0.0,0.38
0,0.29425193792295506,0.45453621551138423,0.4472523952270137,0.29359979104641953,0.2959865604661396,0.29117696223620215,0.0,0.21
0,0.3173514460882141,0.5185288547634888,0.3435851319621117,0.23919532641840244,0.2700599053603486,0.2547999902136803,0.4,0.19
0,0.3622954068567976,0.40779617914070326,0.40779617914070326,0.2751045436728399,0.29958534908343903,0.2885136523706628,0.5555555555555556,0.24
0,0.21875329989601622,0.27874597091666764,0.27874597091666764,0.18468017902783132,0.19782475626747287,0.19107803182941227,0.0,0.14
0,0.20283029148181878,0.4302047521117806,0.3151447702408578,0.2272717920315958,0.21921716977847008,0.2168955673941693,0.0,0.07
0,0.1949987212291469,0.5166550812704787,0.5166550812704787,0.23008271172503694,0.2158713181090244,0.20855679564825144,0.5555555555555556,0.12
0,0.21678360591861975,0.5058911658499691,0.2946997792622668,0.21252124387960813,0.21663079441956318,0.20726527713518536,0.0,0.09
0,0.12390877676399717,0.44082848959620596,0.07054679973415076,0.13304658906841124,0.12266092205874639,0.12199374035237064,0.0,0.09
0,0.18816734655630077,0.4302047521117806,0.17497945515612517,0.16287827402930274,0.16703398730303623,0.16187922434875923,0.0,0.26
0,0.00840942461119412,0.44082848959620596,0.021794119372823034,0.013287407454563565,0.008905894147712031,0.008702890213266605,0.2,0.09
0,0.030057188402752053,0.44082848959620596,0.0800750643520181,0.047627757006833235,0.03685526195907354,0.035383801593350576,0.0,0.08
0,0.05539505018205567,0.011953629082120597,0.011953629082120597,0.11260530952384493,0.057735023259631355,0.06416440549804514,0.0,0.14
0,0.15159702858080124,0.4302047521117806,0.11053943147026024,0.12821034722303637,0.13012056320699905,0.12608264969928717,0.0,0.06
0,0.17635611271319634,0.4653560894721701,0.1955612716314097,0.17607474096657125,0.1809173330455179,0.17498979360305728,0.0,0.08
0,0.34064671565167715,0.42346280868015934,0.42346280868015934,0.3321532663571681,0.3080731677382103,0.30780717114812106,0.4,0.25666666666666665
0,0.24931543413861362,0.4572970283291831,0.4572970283291831,0.34677383896819225,0.30871739049530084,0.3061038925809424,0.0,0.18
0,0.15354394066030036,0.4228848980090552,0.4228848980090552,0.14760966918083868,0.16303039345708079,0.15552227686830533,0.0,0.19
0,0.06799591331972449,0.4302047521117806,0.04584151915977185,0.07032708684226872,0.06241238364630129,0.06331672422860107,0.0,0.1
0,0.0006786134211380189,0.00039205569502596147,0.00039205569502596147,0.006842487763780489,0.0014223245708059945,0.001669593861797447,0.0,0.07
0,0.0011705107425491617,0.0014375778830818268,0.0014375778830818268,0.010532483248733956,0.0028348656134071144,0.003199671741193526,0.2,0.02
0,0.2666698730190928,0.5433562561934994,0.5433562561934994,0.23452668313852845,0.2429456595713798,0.22821807529535862,0.0,0.07
0,0.048662190563964786,0.4302047521117806,0.05801892801590443,0.07609043000113948,0.057922836243786247,0.06339886547348879,0.0,0.11
0,0.12361383522136568,0.06144712018418917,0.06144712018418917,0.16259321670151963,0.11431589040095828,0.11967672327934673,0.0,0.08
0,0.013558264407056875,0.44082848959620596,0.006861054425398059,0.024061521142848503,0.014756319814569678,0.013587132739042,0.0,0.3
0,0.26270713870036017,0.4673271604743457,0.23405930284891138,0.25220138763703565,0.26334762474985507,0.256913550310273,0.0,0.09
0,0.40732259165984713,0.577532576598106,0.695891415027881,0.32351995131541617,0.4017416147200125,0.38703994277794684,0.0,0.18
0,0.540872434959439,0.5283725311196137,0.6564229276557967,0.5077210704103633,0.5505264218084869,0.5396237004918539,1.0,0.62
0,0.02694503585359029,0.44082848959620596,0.006795855967478263,0.04396663248288787,0.02644784463512511,0.027073177478611345,0.0,0.2
0,0.8687754051097,0.03655532822661083,0.03655532822661083,0.7747263932804612,0.7552651874990294,0.774115371268918,0.3333333333333333,0.43
0,0.04331000559110009,0.44082848959620596,0.1589649889914309,0.04257745674490915,0.04594667617843766,0.043328340162268206,0.0,0.16
0,0.0060726605498213964,0.013653383328257314,0.013653383328257314,0.02606419211108415,0.010564497405621405,0.0112583782256097,0.0,0.14
0,0.08784596641731568,0.11305983044701653,0.11305983044701653,0.11718416015542175,0.1033245822197604,0.10265353423813563,0.0,0.07
0,0.20202041652611233,0.4302047521117806,0.2753510793169229,0.19829938864651792,0.20442132884618447,0.20103376826276956,0.0,0.09
0,0.4362828911733315,0.05206559532157956,0.05206559532157956,0.6416167451154302,0.5675274351171546,0.5734320301656465,0.0,0.3
0,0.03225196101268077,0.4302047521117806,0.01938864199016772,0.055829559054412926,0.03612910419425839,0.04133381230518359,0.0,0.08
0,0.017561767223723036,0.39184347766460775,0.39184347766460775,0.10380109419105123,0.07366163289847572,0.06739391039721382,0.0,0.18
0,0.034557380143150726,0.4302047521117806,0.011888688699634525,0.09324343429344777,0.05511954661008423,0.06807515366481603,0.0,0.26
0,0.24048830257512038,0.44082848959620596,0.2920174750088193,0.18444457747217166,0.24265201440474246,0.20518324962120704,0.0,0.14
0,0.0035712665139288383,0.6197550727966934,0.0007417513284206008,0.035287128631863264,0.009213053503305528,0.015273276323241299,0.0,0.27
0,0.5159160770583262,0.6197550727966934,0.253242094475652,0.4569881895379222,0.5154610353949389,0.49874848546711226,0.8,0.31
0,0.4147841785912254,0.6694180488463314,0.6316584920060738,0.45235821923014735,0.45467344594052433,0.463910347974657,0.6,0.47
0,0.19639637008831332,0.44082848959620596,0.24868273970202978,0.18816889623554767,0.19870152335677477,0.19445064075476165,0.0,0.0
0,0.17499008266742216,0.4302047521117806,0.21668997336109072,0.16892050578998688,0.17871799199930277,0.17450890537918212,0.0,0.0
0,0.012011682912672779,0.06811071125622652,0.06811071125622652,0.0324659934487579,0.024687625528461064,0.02233159582336094,0.0,0.055999999999999994
0,0.8566458905397971,0.4302047521117806,0.8798360250569544,0.7851341909936875,0.8290103849636771,0.8275769980505246,0.2857142857142857,0.86
0,0.8095031133188864,0.9249403544657928,0.7767012082369974,0.7389702851267983,0.781198211078212,0.7695550843007949,0.8,0.77
0,0.5198081440003672,0.4302047521117806,0.7064255775008227,0.48816896890708605,0.4997177992664536,0.50933863627315,1.0,0.47
0,0.026799017923697127,0.10581455939435407,0.10581455939435407,0.07142629030850149,0.045636865989436795,0.04571791222443131,0.0,0.01
0,0.005643458220531808,0.5108398554284175,0.2983816674778816,0.14581422600342778,0.08839444910142336,0.0889226534335088,0.0,0.1
0,0.34860609520821023,0.5296172810404696,0.28423753710439226,0.2643782562831116,0.2968374417605627,0.2957976874484877,0.4,0.11
0,0.9331741187447252,0.5639506235672349,0.9161059861970069,0.8671448469622597,0.9312451207436195,0.9291209629345785,1.0,0.595
0,0.28779162263081376,0.47127230252963587,0.3060842292720957,0.30651457507372976,0.3038971343228398,0.3009920873833312,0.0,0.29
0,0.28724383036872736,0.46141725241462556,0.30630728543418323,0.27578205459848987,0.28922726962711803,0.28271359254675527,0.0,0.21
0,0.23865537200565848,0.6212404817479198,0.27398649855469953,0.28765436405014644,0.2678039712575183,0.26678771554447456,0.5714285714285714,0.23
0,0.18585934982747207,0.44082848959620596,0.24868273970202978,0.1862105703211969,0.19351673244556558,0.19023194361910836,0.0,0.04
0,0.12840400774843838,0.4872986938533277,0.2336553631171597,0.14938530762567762,0.14423308604208715,0.14270882036586963,0.0,0.07
0,0.3307966016703727,0.2928121172920032,0.2928121172920032,0.3715370369465119,0.35642098371647757,0.35964101745527743,0.0,0.18
0,0.3992615164295574,0.4979712644898384,0.33882029218287135,0.3569952635554291,0.3798781354215912,0.36434279876702885,0.0,0.11
0,0.36123629804694024,0.46831308243663233,0.3008642354812703,0.3559666941272684,0.3638640753032278,0.35966594200162166,0.0,0.37
0,0.10667838875016544,0.4302047521117806,0.12442959093500594,0.19539616190549586,0.13526390901108754,0.15805937759087071,0.0,0.06
0,0.21153616067018893,0.4302047521117806,0.20382261026903037,0.22736717423340264,0.2182104666414496,0.21825840793430007,0.0,0.09
0,0.2064506599050282,0.2928121172920032,0.2928121172920032,0.228695062554115,0.2349592332559216,0.23208258951003935,0.0,0.2
0,0.46110401607567675,0.45355449664383607,0.4362548462182302,0.4235736935028087,0.45581137146313805,0.44798115347853124,0.8,0.3375
0,0.33063816366919074,0.27933081873791854,0.27933081873791854,0.2859776802853402,0.312069330939304,0.30684474744291135,0.0,0.24
0,1.195337014024801e-261,7.247133372472249e-05,7.247133372472249e-05,0.00011271407348726455,2.520612984694132e-07,8.690439502750237e-07,0.0,0.0
0,0.3091897749017256,0.44082848959620596,0.2937702682235573,0.29513525795419104,0.3107076330911552,0.3039987624796954,0.0,0.05
0,3.3689422201417374e-08,0.4302047521117806,7.0285817737561345e-09,3.115076982099386e-05,4.2640520983664854e-07,2.0861363080219185e-06,0.0,0.0
0,0.00646542753592408,0.2928121172920032,0.2928121172920032,0.1842702735363309,0.10408909551565906,0.09775763858568673,1.0,0.23
0,0.11893978097763934,0.4302047521117806,0.2499969604015083,0.13483364078063237,0.12678489307356963,0.12548525692597512,0.1111111111111111,0.05
0,0.3674259645101323,0.44082848959620596,0.41006278886224684,0.34218355753690266,0.35845989622417346,0.34965135991404317,0.0,0.01
0,0.04632953549290379,0.5152440510130337,0.07731939295499668,0.15122398467715537,0.07360382072418209,0.10115690209344241,0.25,0.22
0,0.2951141374990312,0.4302047521117806,0.39941757948474627,0.2971329286773659,0.3036516998930429,0.2949285705872653,0.0,0.08
0,0.3189135654769018,0.44082848959620596,0.3138505916448181,0.26295378804918534,0.28592625814815664,0.28213997694539805,0.0,0.42
0,3.9200065180013666e-05,0.461066404160862,6.856628603912614e-06,0.057840157275921414,0.03407780947873998,0.04614068258042307,0.0,0.18
0,0.6433414038134391,0.44082848959620596,0.24868273970202978,0.8382418320167077,0.7065319425510787,0.7257139865349306,0.2,0.35
0,0.49116703804826223,0.46831308243663233,0.22551661797787673,0.6329062642661618,0.5463678992066497,0.5584111939455914,0.0,0.57
0,0.9945763974231611,0.549614911936911,0.9975599777646533,0.9953543986794986,0.9965117553574422,0.9957572288464744,1.0,0.47
0,0.3753033362920362,0.4880732847663769,0.4900554000957412,0.36271026614049445,0.38675847000051483,0.3821441440019147,0.6,0.52
0,0.1338429949995366,0.4302047521117806,0.14180871909659698,0.13846864101536288,0.13484651535399847,0.13351330408875142,0.0,0.08
0,0.12000167782888453,0.4872986938533277,0.27846536508351794,0.14701190384229604,0.13692226721813106,0.13870000325586157,0.0,0.12
0,0.12027073290858424,0.2928121172920032,0.2928121172920032,0.16639548530194723,0.15945525696932572,0.15374743882222938,0.2,0.07
0,0.40619841151478875,0.49104204999498535,0.4344016490877829,0.32992110697579813,0.3943665626804629,0.38135331848856113,0.16666666666666666,0.22
0,0.15728950678059453,0.49222943636730593,0.28255006397509463,0.19343211287771234,0.17398693350143288,0.1791002653094085,0.0,0.12
0,0.30012595815464416,0.44082848959620596,0.3020305018132871,0.2673885340440766,0.28909806059855037,0.2873190104210778,0.0,0.115
0,0.5951355674914592,0.44082848959620596,0.4403902838116724,0.5211301127225514,0.5521383360351898,0.5382569510937337,0.0,0.33
0,0.07104850643106056,0.2928121172920032,0.2928121172920032,0.10824230646392234,0.0984914361846723,0.09188392265928941,0.0,0.16
0,0.03140639810928417,0.4302047521117806,0.08799162483104488,0.05879103446343301,0.03806165357539702,0.04189237725059262,0.2,0.01
0,0.1189179772660059,0.4302047521117806,0.13836844477124807,0.12724788757566644,0.12250721004094273,0.12442293211332615,0.0,0.12
0,0.6839659926131993,0.3384589549957442,0.3384589549957442,0.6496090087829552,0.6832746790012777,0.6775379181452142,0.6,0.58
0,0.001737964637842028,0.44082848959620596,0.18830514102876447,0.004503611016224018,0.00311825323871119,0.0025387500574255754,0.6,0.17
0,0.1314876034674284,0.2636128084044627,0.2636128084044627,0.12219108604115857,0.12725610352622274,0.11926682444919158,0.0,0.13
0,0.052065502575162556,0.44082848959620596,0.19429302736395015,0.06034527435570795,0.05197781739403288,0.04848898837952066,0.4,0.24
0,0.1733802169296352,0.4302047521117806,0.014336779201772969,0.08743228450373253,0.12601236811492544,0.09446461885522658,0.3333333333333333,0.17
0,0.22442256171900832,0.2928121172920032,0.2928121172920032,0.24395317911913197,0.24479159854325241,0.24324990402250532,0.0,0.08
0,4.924925339210044e-25,0.4302047521117806,6.610658322236465e-31,0.00204960628708761,3.137453935989188e-05,0.0002871848034277972,0.0,0.08
0,0.06113223708767637,0.3112657933656373,0.3112657933656373,0.09753250456847416,0.08686878408223452,0.08185558065694483,0.0,0.16
0,0.00965550118975778,0.4643366588802361,0.3152807595954291,0.011701491182172006,0.012307978986482448,0.011767181792735839,0.0,0.06
0,0.056023682684554876,0.28287027275723114,0.28287027275723114,0.06931691321953318,0.06940658530305993,0.06276212876670263,0.5555555555555556,0.14
0,0.024005689686506588,0.4302047521117806,0.2858088220995521,0.023403147491483253,0.027494434932943377,0.025205808919838604,0.3333333333333333,0.2
0,0.07837912862690691,0.44082848959620596,0.23141623845105858,0.06945042581045595,0.08679044805428963,0.08050300450816658,0.0,0.09
0,0.1601145628157809,0.3650697836852579,0.3650697836852579,0.177615797137478,0.16385979306592569,0.15703373291278022,0.2,0.04
0,0.3255665108922041,0.36676270670421923,0.36676270670421923,0.373659455441413,0.3250768869622403,0.3234448626694123,0.6,0.15
0,0.03395787647037008,0.4302047521117806,0.037164157693470985,0.04699758808107608,0.03527072019204379,0.038197279454966315,0.6,0.16
0,0.15793211650836722,0.44082848959620596,0.23388984025796145,0.19732629010979347,0.16666016353014948,0.17768296173853507,0.0,0.06
0,0.4572871802946824,0.44082848959620596,0.5646782377958814,0.3519665626656456,0.453129874398881,0.4427943099051093,0.4,0.49
0,0.11209420817804162,0.28287027275723114,0.28287027275723114,0.18781921543532865,0.1609122059126402,0.16062532557193557,0.0,0.12
0,0.016351691465565518,0.44082848959620596,0.016231709798887228,0.02670527225597816,0.016611333251326105,0.01668030926939854,0.2,0.12
0,0.026956742411548686,0.44082848959620596,0.2282961070717508,0.04220184211927538,0.03556510833118538,0.03139202543761441,0.4,0.31
0,0.02879557855856976,0.09312806132894985,0.09312806132894985,0.06697772413175482,0.050846080644243945,0.045319113924441864,0.0,0.0
0,0.00868256312358118,0.44082848959620596,0.29846407481089926,0.018590867897160933,0.014362886038211667,0.011497783471014895,0.0,0.03
0,0.0016912451160729285,0.016924340734801927,0.016924340734801927,0.008200497683073642,0.004892631453795099,0.0034899447636084356,0.0,0.06
0,0.016175653168703785,0.35436398925663,0.03041728819251598,0.05053721358930203,0.023582881120516843,0.032878211686037086,0.0,0.18
0,0.020377260360796352,0.2928121172920032,0.2928121172920032,0.042282776482652044,0.027382282001187936,0.023946234724991484,1.0,0.4
0,0.004950935500883161,0.6639487131314741,0.3368108174405946,0.008237169270869309,0.00743354618008345,0.005040392195010605,0.0,0.04
0,0.0003182281847094292,0.08990583182026161,0.07919546539588246,0.006485558617028666,0.002150500561511827,0.0018625361151905194,0.0,0.16
0,0.04157967087377044,0.4302047521117806,0.06251541839338523,0.077548431227878,0.05043779619665195,0.05994009388321311,0.0,0.11
0,0.09218330059671555,0.4302047521117806,0.24371391531653996,0.11273593974991072,0.10590017579177079,0.1067492257307924,0.0,0.04
0,0.6839446325815021,0.44082848959620596,0.24868273970202978,0.6160411352723172,0.639551490536406,0.6333887013659938,0.0,0.0
0,0.8925961347090785,0.44082848959620596,0.8759971093831298,0.8124226550811828,0.867596045057005,0.8644450444227771,0.0,0.27
0,0.8390631232795671,0.7563512651522377,0.9017613399035339,0.7983726820201174,0.8340516823121028,0.8294325654184475,1.0,0.93
0,0.007085712677200749,0.44082848959620596,0.24868273970202978,0.010800325263850958,0.008054482798823603,0.007399651027367897,0.0,0.04
0,0.0017548802310396357,0.4302047521117806,0.035415456810570976,0.00376909060973936,0.003032874393100479,0.003206415960321801,0.2,0.1
0,0.20225344505706871,0.5394699317099821,0.26216374855833285,0.23417409136500394,0.2535169713262761,0.2500224984900271,0.0,0.23
0,0.2603963521163379,0.2928121172920032,0.2928121172920032,0.24610601006926208,0.26403086555729877,0.25861244527183475,0.0,0.08
0,0.2570861006999884,0.3225832022946054,0.3225832022946054,0.29269180644808646,0.2831461491231543,0.27556787024734164,0.0,0.25
0,0.0006965445011778415,0.46669077069783343,0.46669077069783343,0.049481262384480695,0.01469791565827266,0.014523731288017929,0.4,0.09
0,0.30936016473598515,0.4302047521117806,0.3486143611824491,0.30842384592367306,0.3119811148913405,0.3046378502059467,0.0,0.12
0,0.01633049834423166,0.4302047521117806,0.044713566152758615,0.019611433936332957,0.01914048237024002,0.01895386706037593,0.4,0.04
0,0.337432015261145,0.5136011373141145,0.2828081592671585,0.25638431209909895,0.2842119046230691,0.26844878975431846,0.3333333333333333,0.32
0,0.26475243807366416,0.4860945623609781,0.2548259144980959,0.26807417153085794,0.2676817597323082,0.26589117306487114,1.0,0.46
0,0.14043668477919882,0.4889420474687308,0.22105851130669252,0.17962515916958363,0.15527432012213493,0.15960013437439824,0.0,0.14
0,0.41260661625343237,0.7670615982070123,0.3918614699143336,0.4069408180585187,0.4089298433989516,0.4084297329806883,0.0,0.08
0,0.03678728759639238,0.4302047521117806,0.2991818420122064,0.04211078526334081,0.0437506938716361,0.04250737719201085,0.0,0.1
0,0.2610826905510039,0.2928121172920032,0.2928121172920032,0.3237160604325299,0.2952922492952396,0.28425290929264835,0.1111111111111111,0.16
0,0.0010677324223321196,0.4302047521117806,0.004062388464180776,0.0033789928061087765,0.0015561758998303042,0.001989117685805315,0.0,0.06
0,0.14060608451451082,0.2853365086206602,0.2853365086206602,0.18378969026703815,0.1726630233460902,0.17094270902100425,0.0,0.16
0,0.05981703670232671,0.2928121172920032,0.2928121172920032,0.09794867874968778,0.08591228164572828,0.08056130880863084,0.0,0.0
0,0.19820720719206925,0.5463566468801789,0.32989051348690746,0.20836427929484821,0.21189460244991673,0.20965939638230396,0.0,0.03
0,0.02830737248447202,0.4302047521117806,0.3262722241570156,0.03614613173966087,0.03588437325657757,0.035856540640704225,0.0,0.3
0,0.011763232477501133,0.4302047521117806,0.21852260776156737,0.011312782445246266,0.013244141797217614,0.012194651795526496,0.0,0.14
0,0.008699057362973042,0.4302047521117806,0.22299822757531482,0.007319565174407511,0.00906328634394292,0.007996821845663495,0.0,0.11
0,0.06539468169036632,0.31032135665943417,0.31032135665943417,0.11955946993352488,0.09988529873200278,0.0967387640776637,0.6,0.53
0,0.028668690652637243,0.44082848959620596,0.23127923882640916,0.029921871351093657,0.03680727329897779,0.031237994215074345,0.0,0.27
0,0.08374283833751582,0.2928121172920032,0.2928121172920032,0.10946755942170194,0.10684802808994241,0.10047921817797595,0.0,0.02
0,0.023406472307251937,0.2928121172920032,0.2928121172920032,0.14056277975304232,0.09160668687234201,0.09118684472711808,0.3333333333333333,0.2
0,0.4173663959059151,0.2928121172920032,0.2928121172920032,0.3958093832430186,0.4154142131522841,0.41550027540442214,0.0,0.28
0,0.5680542062512945,0.2928121172920032,0.2928121172920032,0.506378218892346,0.5131839317490803,0.5170283079714422,0.2857142857142857,0.2
0,0.03843485688548489,0.6263595219237866,0.6263595219237866,0.09999352887231858,0.06929085208522918,0.06467368213616319,0.0,0.02
0,0.17659125247606783,0.2928121172920032,0.2928121172920032,0.2096767643631481,0.21153832419318197,0.20706694614531698,0.0,0.02
0,0.9999997499353604,0.2928121172920032,0.2928121172920032,0.9999998574190682,0.9999999582436874,0.999999960455787,1.0,0.46
0,5.785500681457484e-05,0.44082848959620596,0.1848166637555507,0.00023546316310838007,0.00023934152369967064,0.00016542749022468447,0.375,0.0
0,0.8978039072251218,0.9448077069294033,0.8282004718559709,0.8629031147939106,0.9059900534367062,0.8965705674776868,0.8,0.79
0,0.14856310076947707,0.5306037134690689,0.17219192159674213,0.16438731571608872,0.1559095309870505,0.15470274009636534,0.0,0.05
0,0.027686597509166473,0.011355309709000406,0.011355309709000406,0.0723978364940296,0.03816958973646268,0.04215139305549943,0.0,0.12
0,0.2703474963915245,0.2928121172920032,0.2928121172920032,0.3063203239339745,0.3037009311322142,0.30393433091256516,0.0,0.02
0,0.5780767432817909,0.4302047521117806,0.295830405270218,0.2523817538191516,0.29250474065648796,0.27874316328211374,1.0,0.38
0,0.20991391997597572,0.4302047521117806,0.29081449973849427,0.20887673142435678,0.20113599972286686,0.20095938426634255,0.0,0.37
0,0.10461190328781554,0.6197788979646639,0.6197788979646639,0.2252764954092874,0.21530923231174226,0.20508102760449745,0.6,0.35
0,0.2979197129444765,0.4856556147795483,0.45176818085369586,0.32786160567296035,0.3195391508013913,0.3189173992818967,0.0,0.31
0,0.18829569285527492,0.4302047521117806,0.25370738637746065,0.20820395469876324,0.20539124508209997,0.20526462607599866,0.0,0.1
0,0.07823368377284962,0.4302047521117806,0.257178424639192,0.07912925969146542,0.09073302578527155,0.08411961923028392,0.0,0.22
0,0.0025916871193512126,0.7527505998897487,0.0029887947767273135,0.01980012384244171,0.006263292592214387,0.009403976712627738,0.42857142857142855,0.08
0,0.4232951913731132,0.46634149361061333,0.3636912796402632,0.3631387855665851,0.40520574146776683,0.40210631122107265,1.0,0.39
0,0.0003800796589865489,0.0007491442327995456,6.141109460632822e-05,0.00797330164368193,0.0008405815462033278,0.002778559278544702,0.0,0.13
0,9.900585745894773e-06,0.0014620550880882028,0.000672809187212959,0.0002493981468768944,4.4000310453466915e-05,3.9872510872856646e-05,0.2,0.11
0,0.000596776072421813,0.0009212970012692898,0.0009212970012692898,0.007463271040067934,0.0015068608503710727,0.0017133579978169423,0.3333333333333333,0.175
0,0.4937592048714388,0.7445462170751589,0.7445462170751589,0.39777711652304576,0.43758667339331114,0.42787823998498886,1.0,0.63
0,0.172578380723089,0.44082848959620596,0.22465413498571227,0.19856957433980163,0.19507941002763907,0.19054358683482717,0.16666666666666666,0.36
0,0.38041244512670264,0.6595165745700949,0.17624283648755387,0.2805759561671056,0.3042734914728834,0.31638492695466586,1.0,0.3
0,0.022095950540363056,0.4302047521117806,0.03332471899410908,0.04173059285735648,0.026752897391470038,0.030499255580824444,0.2,0.13
0,0.12943291297567955,0.4302047521117806,0.21997303044193992,0.16079652213755039,0.14677474972191182,0.1482299230988892,0.0,0.06
0,0.16375282285413242,0.4496486925292087,0.14950918951228537,0.1421561745708425,0.1396766792245518,0.13672173198236473,0.0,0.05
0,0.14152490579245186,0.1138662436473386,0.1138662436473386,0.19077204905677186,0.14740284619613328,0.1514234847752362,0.0,0.16
0,0.0018237589374725206,0.44082848959620596,0.000346601399598613,0.02087182444210307,0.0054979695824097456,0.006695200059601233,0.4,0.09
0,0.011945892906741359,0.4302047521117806,0.0028787802339499758,0.02950045017385093,0.014034592454747474,0.01758473823014941,0.3333333333333333,0.16
0,0.3373076797421481,0.44082848959620596,0.24868273970202978,0.3977468314767725,0.33257293414908695,0.3423824498155216,0.0,0.08
0,0.005195200984140535,0.4302047521117806,0.030590401363626802,0.021634734809115347,0.00786080320673304,0.010041371491184182,0.2,0.14
0,0.15465889716167383,0.44082848959620596,0.15832495656707837,0.17009655373797294,0.1598087970055458,0.15799468997288066,0.0,0.18
0,0.13302358204128906,0.44082848959620596,0.27878616442616067,0.15068560907837367,0.14415090649957896,0.1403623934276086,0.6666666666666666,0.28
0,0.5118442747905265,0.44082848959620596,0.24868273970202978,0.4596766058089313,0.48368641644042154,0.4726866171916867,0.0,0.13
0,0.34178933308152976,0.31356613944412703,0.31356613944412703,0.30362938853424176,0.34108080433117577,0.3225915121501612,0.5555555555555556,0.5233333333333333
0,0.1727919496693735,0.2928121172920032,0.2928121172920032,0.18975930254103018,0.20188822094761388,0.19763139595410037,0.0,0.0
0,0.8338784097918335,0.4302047521117806,0.8751732148126881,0.8334570663210031,0.837184876246845,0.8367870873466987,0.8,0.7
0,0.8442761511778585,0.8897520197698929,0.8897520197698929,0.8486628710686227,0.8229598575742644,0.8292859712147319,1.0,0.52
0,1.0755141325492156e-05,0.44082848959620596,5.6348705349051e-07,0.00015132854018708546,1.987660830809208e-05,2.3286747119625847e-05,0.0,0.01
0,0.1579994212265929,0.22194045800561615,0.22194045800561615,0.21775659419844695,0.19871810229880907,0.19647553099562043,0.0,0.17600000000000002
0,3.7906714237058145e-09,0.44082848959620596,7.222557825229054e-08,1.7455671615120393e-07,9.458370066884676e-09,1.0134204217711688e-08,0.0,0.0
0,0.23181575847504687,0.4999512996384258,0.3201195126916138,0.23609135752300467,0.2377763692469293,0.23296621666105047,1.0,0.16
0,4.584361867115065e-08,8.735957900025542e-10,8.735957900025542e-10,3.2248357215209385e-05,5.045834093905545e-07,8.818339951112123e-07,0.0,0.06
0,0.0003619995058958277,0.4302047521117806,0.0003285087849807759,0.0016156869826189533,0.0006327082281453688,0.00086823396322011,0.125,0.05
0,0.3282547677841047,0.5571221623133523,0.2385411192237676,0.3748996158652009,0.3012859117809189,0.32731681086082626,0.3333333333333333,0.57
0,0.43844725449125477,0.8037401570201951,0.8037401570201951,0.34816017214514716,0.36032664759858973,0.33686938386453386,0.0,0.03
0,0.14347840542723667,0.4302047521117806,0.2028240610203021,0.14283680612402602,0.1478232310022244,0.14501816685307545,0.0,0.0
0,0.12505264283898151,0.3954519114478554,0.3954519114478554,0.1597423967098059,0.1527815290632619,0.14580377929080915,0.0,0.07
0,7.996701116692413e-09,0.44082848959620596,0.24868273970202978,6.789134930901651e-08,1.4776144791441654e-08,1.0525384547711634e-08,0.0,0.0
0,0.31842407866059225,0.4302047521117806,0.4388106640813092,0.3391835769068958,0.34530575298632543,0.33681134516585354,0.0,0.21
0,0.2282005646828305,0.38615633920702713,0.38615633920702713,0.235214085119752,0.24845895229238182,0.2407335606833924,0.0,0.08
0,0.17675887606108423,0.44082848959620596,0.24868273970202978,0.17392485497638413,0.18363727060867652,0.1800011435970127,0.0,0.0
0,0.3222990543908516,0.5404536304773886,0.33320506589724647,0.3231964722767713,0.3254164572410493,0.32374464713620904,0.16666666666666666,0.16
0,0.02177843880064981,0.08104951813141968,0.012838703240000145,0.06507597961136884,0.028913178807130013,0.043912919211811924,0.0,0.04
0,0.4098240936007657,0.7128866386709941,0.581277430517568,0.4383663410167542,0.4305200758461419,0.4266394063102838,0.0,0.23
0,0.029362561060540585,0.4302047521117806,0.06616868730889838,0.05057825886522256,0.034673590747469576,0.03806913148115364,0.0,0.09
0,0.08689476419525495,0.7132808689577335,0.7132808689577335,0.09854886666498765,0.12692246853720054,0.11010877247245039,1.0,0.53
0,0.03278213445111592,0.44082848959620596,0.02581337053557813,0.07756887532254515,0.05239669963900562,0.05574942566646341,0.0,0.26
0,0.18065673142490601,0.5085211430392169,0.324720797422317,0.20170653619863313,0.19000299784544297,0.19254784425051313,0.0,0.11
0,0.18715004290824827,0.44082848959620596,0.19000791524437935,0.17867772059873935,0.18717196555892757,0.18494640974819246,0.0,0.03
0,0.14523576016927048,0.2928121172920032,0.2928121172920032,0.13884364074207572,0.15770294675641064,0.14979032702917383,0.0,0.03
0,0.36639503078722613,0.5411918852354445,0.5411918852354445,0.4686203175667984,0.42018088344803806,0.42777994047554385,0.4,0.1
0,0.06078192648982509,0.44082848959620596,0.16814684233209087,0.07019351371707565,0.08174625896490692,0.07953860951462659,0.0,0.05
0,0.22288766838780094,0.9373211945929681,0.34525443584431986,0.2911127239952992,0.25533018796587975,0.26495682226194744,0.0,0.06
0,0.39118392264832696,0.4302047521117806,0.24355525752205126,0.3513868008892155,0.4112315842004469,0.4114985117689449,0.0,0.67
0,0.23116239154639695,0.6922774592542296,0.31399160284026034,0.25589640980099,0.24079792172649678,0.2445687186377017,0.0,0.06
0,0.14961609463792078,0.44082848959620596,0.20504517228720617,0.13628739528957665,0.1497928168885226,0.14467606063785504,0.0,0.03
0,0.34749915695625805,0.44082848959620596,0.30271434542513154,0.26506188915934104,0.28929030699144775,0.29126231995588364,0.8571428571428571,0.63
0,5.342809763291165e-11,0.4302047521117806,9.019260516547016e-12,6.742107834133711e-09,2.4512497741380517e-10,7.572515902648175e-10,0.0,0.32
0,0.006604869873301099,0.006785234871457397,0.006785234871457397,0.04008906886260273,0.015662027868220296,0.016845261013816053,0.0,0.02
0,0.9999940700029261,0.2928121172920032,0.2928121172920032,0.9999954494652601,0.9999988471421425,0.9999987813050828,0.0,0.4233333333333333
0,0.8409589062494109,0.4889420474687308,0.8002526746093003,0.7942087238185361,0.8033079178127781,0.8016723281520586,1.0,0.85
0,0.9559646909175249,0.2928121172920032,0.2928121172920032,0.8388926865837032,0.8992833134788242,0.8991272131179642,0.3333333333333333,0.44
0,0.0002049527027140592,0.44082848959620596,0.24868273970202978,0.0004643492434130566,0.00027028210726504895,0.00023218168803916,0.0,0.0
0,8.431285945247415e-19,0.7006198120813071,1.662996645348693e-22,0.001249424982868466,3.827441560035622e-05,0.0002065281938886966,1.0,0.29
0,0.0006336704655409265,0.2928121172920032,0.2928121172920032,0.023828072911064445,0.008976032966156762,0.008366029020206348,0.0,0.23
0,0.8152156906963524,0.44082848959620596,0.3308827559498664,0.5651373635732474,0.6195605947709693,0.6245395382464182,0.8,0.64
0,0.3019826742847312,0.2928121172920032,0.2928121172920032,0.38606178547856446,0.35595512601036994,0.3602416574702556,0.2,0.59
0,0.1014820857153649,0.4302047521117806,0.2705555746376283,0.10904348048023454,0.10303977223724291,0.10181969813604971,0.0,0.13
0,0.28735060769746634,0.2928121172920032,0.2928121172920032,0.3636587340354145,0.3388106450439297,0.3420125268898001,0.2,0.56
0,0.30591305608946,0.44082848959620596,0.23661391095014966,0.49984334463590707,0.3690827905532442,0.3907659870635422,0.2857142857142857,0.3
0,0.005674751212360851,0.6929293145118942,0.0023017849470501578,0.015242325421492033,0.006543522358046333,0.006915120805217244,0.0,0.13
0,0.05858893798404726,0.30918403094794616,0.30918403094794616,0.07613198471629443,0.07522864231333809,0.06881088068709845,0.0,0.09
0,0.33778588702173773,0.6213038061700877,0.4792845927959863,0.3480946601989306,0.35225734763519895,0.3441721830203787,1.0,0.3
0,0.39263413155684024,0.5483112426756948,0.35502718134130506,0.40539680614513957,0.40266541195804595,0.39957139723532525,0.0,0.39
0,0.2779274712881666,0.4302047521117806,0.20457391940512434,0.3052174841466215,0.2827818107348911,0.2852050554717485,0.0,0.31
0,0.21178334650707883,0.3241835173617171,0.3241835173617171,0.21904524240498452,0.21715807462314388,0.2093399542881169,0.0,0.32
0,0.47724786717722234,0.2940988363495852,0.2940988363495852,0.3322110124651943,0.3214654753867948,0.3271145349881275,0.0,0.19
0,0.6920844179807885,0.35233131507083265,0.35233131507083265,0.43387786447172877,0.4285975891482319,0.42487852405045723,1.0,0.5
0,0.04845493145578831,0.4643366588802361,0.08363072005572784,0.06947562848217492,0.05619554055214009,0.05993064855416624,0.0,0.24
0,5.773703903021267e-06,0.4676099833125052,6.409709790599793e-07,0.044788097092918824,0.02173367671729162,0.030991560947077525,0.2,0.1
0,0.0007407698289127495,0.0012939601663341596,0.0012939601663341596,0.010911167385080774,0.002325271653349591,0.002617578952918854,0.0,0.03
0,0.6009083828714378,0.4302047521117806,0.6091497552460577,0.5145519070485278,0.5557281370041548,0.5526472650502,0.2857142857142857,0.6
0,0.05811413471124981,0.19892657578461168,0.19892657578461168,0.12791420295358788,0.08419912557788709,0.08610342360173673,0.6,0.14
0,0.0018144546697880335,0.591488063287989,0.0032162249021573685,0.0061618707758818655,0.0027919410454554333,0.0036213236855243683,0.0,0.02
0,0.0031021871446315972,0.4302047521117806,0.0035875407670880473,0.008941335760073376,0.00461811323082115,0.005980979666290527,0.0,0.23
0,0.09573233596984172,0.5463566468801789,0.12900581903898645,0.12124092983796086,0.11599515154462388,0.130931147785716,0.0,0.32
0,2.7886171180663356e-07,0.44082848959620596,1.8772944392581565e-09,1.1090187735354639e-05,5.639659152328149e-07,7.576172263522501e-07,0.0,0.04
0,0.004970517607373641,0.5946626615421631,0.009267526514624697,0.01143289983646787,0.00721204251750442,0.008004965693067431,0.0,0.11
0,0.000312798817339269,5.395233548105904e-06,5.395233548105904e-06,0.010373368934499862,0.001106938433398669,0.001527869321974184,0.0,0.22
0,0.02358674151080431,0.02409170881564809,0.02409170881564809,0.05392421267877028,0.03226804458101416,0.033049350739451304,0.0,0.22
0,0.9547615129237372,0.2928121172920032,0.2928121172920032,0.8921007814371169,0.8931796388997711,0.8994090296273707,0.2857142857142857,0.14
0,0.046969108943231835,0.4302047521117806,0.059077752546215674,0.061874921738489394,0.052540575212700724,0.0542118129980981,0.0,0.09
0,0.004841125921841128,0.06742430987023,0.03661153239858255,0.0150016166767564,0.007426200971459867,0.006824666876294559,0.0,0.06
0,0.015030672515481201,0.4302047521117806,0.022445623706551718,0.03213112600681959,0.020953961656141346,0.025983304971243723,0.0,0.08
0,0.00017469512569525753,0.44082848959620596,0.00030984414753202336,0.004111793979455725,0.0007649125726308487,0.0009453051693343667,0.0,0.15
0,1.2038837522497497e-08,0.44082848959620596,0.24868273970202978,8.82261039296484e-08,2.192090488802184e-08,1.5748793726610076e-08,0.0,0.0
0,0.2352701440896643,0.325895612911599,0.325895612911599,0.23797951772293519,0.24981871945575318,0.24440326737802998,0.0,0.06
0,0.33363394273602925,0.5207298956921311,0.4647335844602586,0.26406596412382993,0.3034684732030131,0.29643913343604467,0.0,0.16
0,0.5729209521653937,0.4184206395415644,0.4184206395415644,0.3798814090815432,0.4348150066375795,0.42790134195702784,1.0,0.64
0,0.2754653425350564,0.4302047521117806,0.27489232830824173,0.187552709600227,0.21535272774551914,0.20126081676105992,0.0,0.14
0,0.9582079595432343,0.4302047521117806,0.9802929057568265,0.926666563239957,0.9495498225413959,0.9517410762788268,0.2857142857142857,0.64
0,0.5135663950173149,0.55223128234463,0.43773588775632793,0.4644616257464745,0.5176274446816359,0.5109838761250249,0.6666666666666666,0.72
0,0.09173380827032016,0.6406021756767245,0.06873160611551674,0.14531517874937674,0.10627956964015194,0.11005790091126337,0.0,0.07
0,0.7544191604570962,0.5273791415387902,0.5273791415387902,0.4713545338545625,0.549566562986646,0.5368830170476271,0.0,0.4
0,0.3205543836402615,0.4955174973727988,0.2962739727708991,0.19053461366421884,0.24078855502907523,0.22011352068628395,0.0,0.23
0,0.4952307414409654,0.4302047521117806,0.31177405378608203,0.2546952828136718,0.33575687144332206,0.2991503168300265,0.0,0.26
0,0.3406287167834835,0.4302047521117806,0.3442186756516818,0.2393012180390004,0.27339419065887993,0.25794963213382427,0.0,0.24
0,0.5350698876651538,0.5411781205500753,0.5411781205500753,0.35371448475059286,0.43929229890420457,0.42373851827016257,1.0,0.63
0,0.5848120869372841,0.4409939283543253,0.4409939283543253,0.39901678932741225,0.44964360679529203,0.44610829165923177,1.0,0.58
0,0.48089286459252084,0.5381941918512957,0.5093715079833735,0.3363558279411001,0.39426437234712,0.36829220054914497,0.0,0.31
0,0.5034486092196901,0.5803183624404824,0.5672099497101183,0.36745615902682394,0.4274778518315446,0.4023041321330355,1.0,0.37
0,0.5156919493922884,0.5275606865552778,0.5275606865552778,0.40301484628242884,0.4506873825315417,0.4428846278271414,0.0,0.03
0,0.4803381961900129,0.5138081117236054,0.5172256216834897,0.40621776995762543,0.4610888948313059,0.4535250279367852,0.0,0.06
0,0.023585788964080402,0.11932956134673214,0.11932956134673214,0.06710822793928344,0.042542470182744624,0.04043644656168958,0.2,0.08
0,0.43526293769281693,0.5512424677293893,0.5195112068824828,0.3434130179626617,0.3807684375097671,0.3671116406082652,0.0,0.08
0,0.4879956742625071,0.44082848959620596,0.4728610672017668,0.35604400140585896,0.43472414322822284,0.4243330357759129,1.0,0.61
0,0.33094544275664306,0.36419589762660104,0.36419589762660104,0.24765460891826838,0.27173298083601327,0.2634796514604496,0.0,0.38
0,0.2741439232270316,0.44082848959620596,0.10990750681313238,0.19214773454381565,0.21152362450285297,0.21208836400817044,1.0,0.09
0,0.019232032279637264,0.44314724539686173,0.007297292836018402,0.19396150163241624,0.19097334168614966,0.1941198757496156,0.8571428571428571,0.36
0,0.22028699483458783,0.3486990122997222,0.3486990122997222,0.25957977853388803,0.24973674056758646,0.2422480115830342,0.0,0.31
0,0.10295235718404762,0.15677629014588682,0.15677629014588682,0.15046544188456318,0.14457268213628105,0.13174226271469275,0.0,0.33
0,0.00015087531512480583,0.010815231266070011,7.931489969181907e-05,0.005129723009695238,0.00039571828075388047,0.0013143181118114397,0.0,0.01
0,1.1913952993693845e-11,0.2918260172398104,0.13362581623239406,0.03830062088151858,0.010460099166944384,0.011581758063035491,0.0,0.0
0,3.616988666102113e-11,0.47028566111041636,0.34109965322259056,0.04843602677102865,0.016209254993995476,0.01656881337496844,0.0,0.08
0,1.3509350479009596e-05,0.4525731979256557,0.2656712148435932,0.09303726273020499,0.05844274579862517,0.05709675635211719,0.0,0.1
0,0.22076300337410873,0.44082848959620596,0.42136931034069763,0.2002773242127287,0.2116809558670043,0.20352326639503496,0.0,0.03
0,0.10276997286982084,0.5958679839290968,0.5958679839290968,0.1505288611993958,0.12569446331577472,0.12229653000016481,0.3333333333333333,0.46
0,5.052871841377216e-19,0.6025640794043525,4.615145632112642e-24,0.05619560568166589,0.0064262453649358234,0.023542213909829232,1.0,0.64
0,0.0007649159225482615,0.44082848959620596,0.24868273970202978,0.003220460173146035,0.001690939701226304,0.0014742633922504758,0.0,0.02
0,0.0004196681342651109,0.44082848959620596,0.24868273970202978,0.0022372207699357656,0.0010335558151853658,0.0008934970009229319,0.0,0.01
0,0.011002580135903347,0.4302047521117806,0.029652590012104376,0.021035751970875094,0.013401969683113994,0.015199823080662783,0.0,0.0
0,0.006713550017437044,0.5136011373141145,0.006108105332583293,0.017385851584036383,0.009444123640064202,0.011647553687233076,0.8,0.29
0,0.9999999400333277,0.4302047521117806,0.9999999962795121,0.9999999630733925,0.9999999824234668,0.9999999707041192,1.0,0.55
0,0.17194660323444874,0.45616738604383894,0.1766623546688707,0.2007337769124625,0.17768129995971632,0.1836756062833556,1.0,0.27
0,0.036059802119834866,0.0339075976450995,0.0339075976450995,0.15879471710185325,0.07129075443357893,0.07647781533597943,0.0,0.27
0,0.3263997776016645,0.44082848959620596,0.077225293927515,0.3400086041594268,0.2874861649454871,0.2803675026577565,0.0,0.09
0,0.999999999987242,0.4302047521117806,0.999999999999964,0.9999999999983833,0.9999999999990263,0.9999999999981941,0.3333333333333333,0.26
0,1.7627457489627344e-188,0.028044371302757564,0.028044371302757564,0.014328296085363226,0.0001380367877791262,0.00034651483979794177,0.0,0.3
0,0.00012399756256737513,0.44082848959620596,5.8304544799460715e-06,0.0009716900187077221,0.00016836978499763962,0.00020185539919995643,0.0,0.04
0,1.205640377401338e-22,0.7798187557732233,1.751636771887853e-27,0.003344451845453612,0.00015063047977621253,0.0007929804761797927,0.6,0.17
0,3.0659590561132704e-06,4.3845548113289353e-07,8.164688330506445e-08,0.001883202004431215,1.613309617177563e-05,0.0001752332482410028,0.0,0.04
0,1.5210998923053782e-05,0.0031002589488247165,3.0637293526275487e-06,0.0004073232631392436,3.7544694928306426e-05,0.00011386993840606023,0.0,0.01
0,0.002486643770879499,0.0018897049783507046,0.0004962173656062654,0.03758726011923526,0.005087632960322998,0.013721583091757873,0.0,0.02
0,9.960844046389692e-09,0.06717349945098629,0.03942812453114619,0.07549617612368587,0.022746647656372666,0.0265737546668646,0.0,0.08
0,4.272222625178003e-70,0.44082848959620596,0.16910265773952543,3.974044012943234e-05,1.9663674630957263e-08,3.096116068057056e-08,0.0,0.03
0,6.848721628208091e-48,0.5544942552036117,3.316600925449355e-60,0.000856821956071416,1.4068568192892924e-06,5.427913986764263e-05,0.0,0.18
0,3.909891765652006e-10,0.44082848959620596,0.17495979654633406,0.04951753189016135,0.018044084163997547,0.018383839419176144,0.0,0.02
0,0.031018076709176615,0.44082848959620596,0.19317585941395377,0.03945030337352504,0.03416816100681664,0.03230949947258144,0.375,0.02
0,4.675956241378346e-37,0.44082848959620596,1.3162435327803955e-08,4.562526102232959e-07,1.0376519606395333e-09,1.6331651689527526e-09,0.0,0.01
0,0.2984493956770919,0.6524926162411443,0.6524926162411443,0.4193329059460699,0.369380247127217,0.3744585343961847,0.0,0.02
0,0.21257575883083538,0.2928121172920032,0.2928121172920032,0.25655773315496105,0.25790550605813084,0.2524591369733651,0.0,0.1
0,0.05687028859627501,0.01585944026105494,0.01585944026105494,0.1794135621953564,0.09315104806461312,0.11014405533287523,0.2,0.1
0,0.20978013438276288,0.26268243626820653,0.26268243626820653,0.265268567987555,0.2563812871603686,0.2598207923947184,0.0,0.22
0,0.2795191988240141,0.4302047521117806,0.4954602324513199,0.28840017746097035,0.29420237412420935,0.2826606725295186,0.2,0.17
0,0.08511011683900749,0.2928121172920032,0.2928121172920032,0.08648199608187829,0.09633387375017284,0.0892132883377592,1.0,0.37
0,0.29985123028414545,0.8721624334536814,0.21666261449844196,0.32582197910044247,0.28657800749164997,0.29432318927769596,0.14285714285714285,0.44
0,0.4745144176110395,0.06367108109302651,0.06367108109302651,0.3187576850226288,0.262158753374325,0.2766316326475012,0.0,0.1
0,0.003209705308469739,0.4302047521117806,0.0018793079200847922,0.013177045029083899,0.005335246000819163,0.007215556079212458,0.0,0.04
0,0.054427905175759766,0.44082848959620596,0.07758824943007372,0.08145020356965359,0.06237671855967915,0.061513712327251294,0.0,0.06
0,0.1467663539862944,0.5019313363144677,0.1475746007116722,0.16480029417329783,0.15931891625130365,0.15061836109852764,0.7142857142857143,0.42
0,0.27443116231051706,0.5375016190674636,0.45118409106710283,0.3154023324438628,0.33158991741547483,0.3276912915646511,1.0,0.59
0,0.11791017296884866,0.2928121172920032,0.2928121172920032,0.14063651832453056,0.1446277793495202,0.13869267158877224,0.0,0.18
0,0.23451354714914735,0.35127843829954625,0.35127843829954625,0.2952640941902081,0.2821952744336678,0.27874283949355666,0.0,0.09
0,0.09794452038893939,0.4302047521117806,0.2333684195150868,0.13343323471886442,0.1158731323113284,0.12328430987709672,0.0,0.15
0,0.046193867028824005,0.44082848959620596,0.2230999895598777,0.06747885943489489,0.06048786439859812,0.05632125668460877,0.0,0.1
0,0.00041701767190455754,0.00012139038381411302,0.00012139038381411302,0.00884367163352219,0.001322954229135003,0.0016822355029860695,0.2,0.04
0,4.169578125214058e-05,0.44082848959620596,2.101744123065186e-06,0.0003848810889511754,6.221071055303408e-05,7.380700271535174e-05,0.0,0.13
0,0.0055265245624109335,0.4302047521117806,0.024622416913338382,0.009394062675189281,0.007574194198237247,0.007896732589784562,0.4,0.08
0,0.011676064766439485,0.4302047521117806,0.011123870440342241,0.018182053078177954,0.013604105348245321,0.014990166080969397,0.2,0.13
0,0.13921510280783855,0.11640685120820787,0.11640685120820787,0.21012210018235394,0.15986920951319047,0.1669347237961843,0.2,0.09
0,9.255900397850789e-07,2.104061691375973e-05,2.9991900972682686e-07,0.00019994279940109265,4.459146734985303e-06,2.7597177043791062e-05,0.0,0.0
0,0.0004768220272256321,0.44082848959620596,3.414145103734055e-05,0.0025031575336688953,0.0005761928599317781,0.0006790513274735694,0.0,0.1
0,0.21722769788194282,0.4302047521117806,0.33620440475692887,0.22800204571484323,0.22302769383364673,0.21954541478757136,0.0,0.1
0,0.04106684661119427,0.44082848959620596,0.2740362507001406,0.05787023378266362,0.05278411525137391,0.0467351857396867,0.0,0.07
0,0.2361958384988505,0.2928121172920032,0.2928121172920032,0.2414419275160008,0.2372105900119663,0.23298068734865107,0.75,0.58
0,0.035200347016675855,0.00028712625182572424,0.000260598102845274,0.28734080338793083,0.0817902047007932,0.1520537425917098,0.0,0.34
0,0.00021535073948928437,0.4302047521117806,0.0002309193009180613,0.0006090649770318995,0.00031056047682778985,0.0003955314352212529,0.0,0.02
0,0.0007839059084443085,0.13817118881999563,0.0003805979826017744,0.004715629835362437,0.0011797227503337997,0.0013802530572171081,0.0,0.16
0,0.08594518495868173,0.4302047521117806,0.015425052299545113,0.08169060092671752,0.09019637417959558,0.09078165599162853,0.0,0.38
0,0.0009446869138370517,0.4302047521117806,0.0009258073810228402,0.002516891748369723,0.0013290246252662945,0.0016531312315507345,0.0,0.02
0,0.11199474212645907,0.27091239007108614,0.27091239007108614,0.14544087022354302,0.13715425432832998,0.1315566185888019,0.0,0.05
0,0.0012677781279114646,0.4302047521117806,0.0025482258213130873,0.003064616553294503,0.001774765480291849,0.0021142678384390907,0.0,0.0
0,0.007042406971192986,0.4302047521117806,0.014452666666753003,0.011753654294080668,0.008536327837407019,0.009387847477729765,0.0,0.01
0,0.3111461334371468,0.4302047521117806,0.01736225357459918,0.24338645731271305,0.30923213399834737,0.2930091137147325,0.0,0.35
0,6.49509950546654e-08,1.1036902210976657e-09,1.1036902210976657e-09,4.12484033099837e-05,6.7577147622094e-07,1.1422294268689407e-06,0.0,0.15
0,0.17141094791320444,0.4302047521117806,0.2020775457001436,0.17703699172632237,0.17674040805988375,0.1749758948142039,0.0,0.08
0,8.964551327964825e-07,9.465163919366774e-07,9.465163919366774e-07,0.0001444751924492208,6.71191155122151e-06,8.772897038066767e-06,0.0,0.01
0,0.0021113891536587034,0.4302047521117806,0.0026813887450297083,0.00784876958722341,0.0034687924653275574,0.004659871443953362,0.4,0.09
0,0.146332904727703,0.2928121172920032,0.2928121172920032,0.13592693939449113,0.15249308135261808,0.14205538616711694,0.0,0.1
0,4.582160491013543e-16,5.975337646523141e-20,5.975337646523141e-20,1.8484133971201815e-09,1.2970777744425337e-13,4.5224062847469945e-13,0.0,0.07
0,4.3978815916676786e-11,0.31305107343035293,2.0918810487915345e-14,2.055620225278942e-08,1.325432358240174e-10,2.1518396544684667e-10,0.0,0.1
0,0.005531253784382302,0.44082848959620596,0.010660795674415692,0.014534516181487146,0.006865883633430737,0.006937799735762479,0.0,0.01
0,0.050999666853767174,0.4302047521117806,0.0645749246405669,0.07102588461466539,0.05735641412799339,0.05998665875228285,0.2,0.17
0,0.022446872379027493,0.5086707743426989,0.02214020088471467,0.04301387947961168,0.02792227137718612,0.031992260358501126,0.0,0.3
0,4.286963522393423e-13,3.413649725910297e-16,3.413649725910297e-16,6.188123476071523e-08,3.4490476134731565e-11,9.259365903231262e-11,0.0,0.08
0,0.24451567696898496,0.44082848959620596,0.033587000456582736,0.19555382539429306,0.2230705914179104,0.2259864289057097,0.0,0.11
0,0.21982139858307798,0.48213848682499677,0.2822101633510862,0.21418330407009561,0.221605827532927,0.21848347267846968,0.0,0.04
0,0.10803217810284883,0.4302047521117806,0.13650797355348399,0.126299782180662,0.11333455842672213,0.11463545994660367,0.0,0.03
0,0.23278825905404515,0.2928121172920032,0.2928121172920032,0.2789325761373326,0.2770419081305804,0.27193657836368795,0.0,0.03
0,0.21488116045621647,0.36141984961832263,0.36141984961832263,0.22626601263176913,0.23489455991465452,0.22795467183012927,0.0,0.02
0,0.17225207942899753,0.27252480418138125,0.27252480418138125,0.20224425277516572,0.19512228333158546,0.18781826052483416,0.0,0.08
0,0.04432553129706989,0.4302047521117806,0.05510596523420617,0.07847077468057363,0.05258425406209951,0.06250294976046951,0.0,0.11
0,0.08025542696155122,0.44082848959620596,0.18266338292820616,0.12014248277660725,0.09929274196571801,0.09563899950583031,0.6,0.09
0,0.24825836584005137,0.4302047521117806,0.20307335592385656,0.27132735608230096,0.2517040536106772,0.2539625265690616,0.2,0.16
0,0.007591775567191056,0.2928121172920032,0.2928121172920032,0.02568233447083015,0.015950934960009294,0.013709665785630197,0.0,0.02
0,9.40565491625898e-33,0.44082848959620596,0.1422093270854023,0.0014265666116376598,4.440954215485551e-05,5.33829494663026e-05,0.0,0.12
0,0.17398120880401766,0.2928121172920032,0.2928121172920032,0.19047907028768443,0.2028128407545742,0.19853296443701615,0.0,0.0
0,1.6257032598054175e-08,0.2928121172920032,0.2928121172920032,0.000566072287234909,3.413318609840382e-05,3.2833720997233436e-05,0.0,0.0
0,0.0003327620179026935,0.44082848959620596,0.24868273970202978,0.0005402159262878098,0.0003309510142299956,0.00029120877015787963,0.6,0.28
0,0.013702760729567456,0.2928121172920032,0.2928121172920032,0.04425575121501434,0.038053486057658924,0.03032317760494575,0.0,0.01
0,0.1733857734669348,0.2928121172920032,0.2928121172920032,0.19011892575519507,0.20235013670614244,0.19808179396040335,0.0,0.0
0,8.271956051242525e-07,0.4302047521117806,1.3675488869721072e-06,2.32013157624556e-05,2.7382338777726417e-06,6.019607671466113e-06,0.0,0.01
0,1.5408830662383699e-09,0.44082848959620596,0.7274949122167742,0.05077941152707885,0.00261088548776292,0.0027484411046124935,0.0,0.04
0,2.9187976784209168e-05,0.4988059461502449,5.372022086582008e-06,0.09802961848110646,0.052779510457479493,0.07300869559080544,0.0,0.08
0,0.21085927717102357,0.4302047521117806,0.20232615592663913,0.2266311234915724,0.2175262692597041,0.21755924732154153,0.0,0.01
0,0.19780948840491347,0.44082848959620596,0.24868273970202978,0.1801169934949498,0.1914575537944753,0.18901331088379414,0.0,0.01
0,1.764395882503003e-05,0.4302047521117806,4.441083679793717e-05,0.0015367032938701343,6.568431687301003e-05,0.00027260537838913826,0.0,0.0
0,0.015038316770321478,0.125046813938907,0.125046813938907,0.03356402184878911,0.02716112702630455,0.024832926016403713,0.0,0.23
0,0.016041466044052665,0.44082848959620596,0.06289891873340542,0.028519784954534565,0.020197275999370008,0.01977370594100368,0.2,0.01
0,0.1761681676349291,0.2928121172920032,0.2928121172920032,0.1904780668822501,0.2026767953582831,0.19837551123508415,0.0,0.01
0,0.19791370809506953,0.44082848959620596,0.24868273970202978,0.1796027110008209,0.1915447492920728,0.1889953533226564,0.0,0.02
0,0.10942362917764031,0.3739849691500816,0.3739849691500816,0.1809212515654094,0.14699519324433064,0.14049340207730343,0.0,0.07
0,0.0005738478755477939,0.44082848959620596,0.4700282422141202,0.032353623723807116,0.017821920470824742,0.015389210658959273,0.0,0.05
0,0.19134557102379013,0.44082848959620596,0.24868273970202978,0.17739606290951349,0.1883559027640557,0.18561220822074906,0.0,0.0
0,0.052249895475223844,0.1088342764012336,0.1088342764012336,0.08211329552057624,0.07199172438020585,0.06596886282913493,0.0,0.01
0,1.5646195245408968e-05,0.44082848959620596,5.6348705349051e-07,0.00018317105941937598,2.464035201615044e-05,2.9495189265843647e-05,0.14285714285714285,0.22
0,1.191028471561568e-12,0.2928121172920032,0.2928121172920032,7.2420650986036965e-09,1.6461440509707015e-10,6.104327523010504e-11,0.0,0.0
0,0.02038988199195818,0.44082848959620596,0.06350753776871995,0.04442966310576514,0.03141493970578143,0.03145842787321765,0.0,0.03
0,0.3063979468347436,0.37339358244563187,0.37339358244563187,0.37338929418399286,0.33586058038373956,0.33393913242808543,0.0,0.16
0,0.010784036932347136,0.4302047521117806,0.011038214850802527,0.022231161881619634,0.014263430328748569,0.016451194721925622,0.0,0.0
0,0.0007165707838264128,0.4302047521117806,0.0009688774338160319,0.003964917416554248,0.0014089041279815957,0.001986504905036098,0.3333333333333333,0.1
0,0.2825676840284023,0.6409976851958943,0.4608819508590268,0.27132560439843256,0.28498466576543136,0.2800130939277809,0.8571428571428571,0.18
0,0.19230264562013488,0.5201706740112744,0.28808424981321856,0.23911556269530673,0.20647976883383382,0.2132926769055112,0.0,0.02
0,0.002160660239253224,0.44082848959620596,0.0006561024359094282,0.007425297241759155,0.002926213371950371,0.0031436914230989006,0.2,0.12
0,0.005370518794202266,0.44082848959620596,0.008697767855351342,0.0155887852167056,0.007042084619246685,0.006979460077811155,0.0,0.02
0,9.281288284625634e-160,0.04125081394612609,0.04125081394612609,0.0292607379106662,0.0012382693901707798,0.0025565439351982067,0.2,0.06
0,0.018585730153045144,0.029051195319582217,0.029051195319582217,0.07412807417386144,0.03634274489321044,0.03619726045690287,0.0,0.2
0,0.2243824336171054,0.47719659737235964,0.2964852457301651,0.2347058748457522,0.22478211424348932,0.2184391902831645,0.0,0.08
0,0.01684574610166181,0.44082848959620596,0.024545227749675866,0.03192315881487046,0.020985154736193435,0.020898417368295053,0.6,0.15
0,0.12211593526353968,0.21700713310192002,0.21700713310192002,0.17731118459534945,0.1574625212045465,0.15405986743419453,0.0,0.12
0,2.898956166010582e-66,0.4282960558480589,0.4282960558480589,0.118827162729589,0.04288822712981671,0.05313711436695053,0.0,0.03
0,0.0004752363449969584,0.4302047521117806,0.000752320308215888,0.0028313188424595134,0.0009477540424275671,0.0013595993872794788,0.3333333333333333,0.08
0,0.13300750648510437,0.20714383934341932,0.20714383934341932,0.22543445115741523,0.18291593907122614,0.1830547662864811,0.0,0.07
0,0.034574617927164375,0.18943953121847004,0.18943953121847004,0.10494839792377564,0.08620618362085003,0.0808161231488407,0.0,0.26
0,1.8451601846242564e-08,0.4860945623609781,0.2539878492522451,0.1386263434480086,0.0702917243119207,0.07226416721600185,0.6,0.15
0,0.01088620248070877,0.010786611290015041,0.010786611290015041,0.042944996989107996,0.021384998884190078,0.022926810859420832,0.0,0.01
0,0.09837876942809233,0.4584662556793636,0.1607815240786816,0.12140644850886954,0.10659808915988461,0.10335871545170439,0.0,0.08
0,0.16237036924949624,0.24901773415409761,0.24901773415409761,0.1977106051768773,0.20043923342319106,0.19365773679126708,0.4444444444444444,0.11
0,0.005083867748618866,0.4302047521117806,0.009250094148602504,0.013938287069232029,0.0069054797611304225,0.00858899928598028,0.0,0.08
0,4.998616269986594e-59,0.13670515219048013,0.13670515219048013,0.05849994001094782,0.022603445479843352,0.027281099863413222,0.0,0.02
0,0.0442459471237748,0.028044371302757564,0.028044371302757564,0.15279712398885442,0.07878960215830778,0.08633119546011357,0.0,0.09
0,0.10108558862051184,0.480161257396529,0.1382807059661324,0.11427011537464606,0.10687749482383517,0.10301440201948725,0.42857142857142855,0.13
0,0.3343770923254436,0.4506117135728093,0.06690542477257566,0.3404625612501487,0.27352401691528977,0.29713276015325363,0.0,0.13
0,0.0,1.7655995791906116e-06,1.7655995791906116e-06,4.913619971273209e-07,1.8677513395776564e-13,5.969983720689991e-12,0.0,0.01
0,0.21344973913573775,0.4302047521117806,0.22852890473054358,0.23395250957439004,0.21996238943793392,0.2192591288697853,0.0,0.08
0,0.037256499474110055,0.039401378962380655,0.039401378962380655,0.09664589551875014,0.05956958403202504,0.06266839363255544,0.4,0.34
0,4.266250084261836e-13,0.6290098875711044,1.154902030993842e-15,0.009846670137128461,0.0013030782167058619,0.0035764824131816948,0.0,0.04
0,5.3089717582754526e-107,0.28329887563365225,0.28329887563365225,0.04255814778110405,0.006365228441581568,0.009071792456689922,0.0,0.01
0,0.0018928133044816876,0.4302047521117806,0.0011735495321895293,0.006767731386321628,0.0029532513850092867,0.00385290749238337,0.0,0.04
0,0.10292578848067171,0.44082848959620596,0.2011566665844932,0.12182894563012234,0.12509614779436343,0.11652515695028738,0.0,0.2
0,0.07438926277044398,0.06144712018418917,0.06144712018418917,0.11499526469411285,0.0955782506912188,0.0948302607682091,0.2,0.08
0,0.0006918137493974925,0.8470768016317646,0.0020691842717162757,0.0032469499583059063,0.0011996293333914106,0.0016560446943202174,0.0,0.01
0,0.03644417505186015,0.44082848959620596,0.10990500184509679,0.06498494585535212,0.04887829454399957,0.04712988229493295,0.2,0.06
0,0.2342398132511256,0.4302047521117806,0.21791191867931003,0.22349074653382853,0.23512284361554148,0.23581234925096273,0.2,0.27
0,0.00033485602165165895,5.4459507788190295e-05,5.4459507788190295e-05,0.009303415288244972,0.0012613654239489378,0.0016512584196636565,0.0,0.0
0,3.301458146117816e-98,0.11712576921913352,0.11712576921913352,0.03579593503038589,0.0038206057176691224,0.005320811184127098,0.2,0.04
0,3.3180312365402055e-06,0.44082848959620596,7.222557825229054e-08,8.131698919460816e-05,6.754456907786106e-06,8.469394814216612e-06,0.0,0.02
0,0.006935400081034823,0.006279720536601697,0.006279720536601697,0.02504089787209182,0.014847066790384288,0.014576902474484007,0.0,0.04
0,0.1635402359322567,0.6228500702665558,0.23832699220520168,0.21235622940345403,0.182890330818858,0.1894478405357492,0.0,0.07
0,0.04986419382507986,0.27839030444561574,0.27839030444561574,0.07584104845872246,0.06738570874650815,0.06262539364496876,0.0,0.0
0,0.0408534989327162,0.44082848959620596,0.010660795674415692,0.08442058001820811,0.04632988529786185,0.048676230519992016,0.5714285714285714,0.12
0,0.009734505185646444,0.020120852875570437,0.020120852875570437,0.035072102901176704,0.019233128825083066,0.019217094729054085,0.0,0.08
0,0.044379486724139695,0.15276947470668278,0.15276947470668278,0.08697808482833833,0.0708966541990825,0.06820167241513106,0.0,0.06
0,0.03345723194197823,0.5365590983933564,0.07666492049052132,0.06020357038766257,0.04136598890864784,0.04586733642926623,0.4,0.04
